transaction_id,account_id,transaction_date,transaction_type,merchant,transaction_category,amount,transaction_status,fraud_flag,running_balance
1,A017,2023-01-01 11:37:00,credit,Salary Deposit,Income,34596,Success,0,68026
2,A052,2023-01-01 01:36:00,credit,Salary Deposit,Income,64222,Success,0,82127
3,A057,2023-01-01 12:21:00,credit,Salary Deposit,Income,257859,Success,0,283678
4,A062,2023-01-01 09:09:00,credit,Salary Deposit,Income,81885,Success,0,99285
5,A037,2023-01-01 17:40:00,credit,Salary Deposit,Income,99389,Success,0,145986
6,A065,2023-01-01 15:35:00,credit,Salary Deposit,Income,109603,Success,0,134543
7,A106,2023-01-01 16:46:00,credit,Salary Deposit,Income,37716,Success,0,64556
8,A157,2023-01-01 09:50:00,credit,Salary Deposit,Income,82686,Pending,0,103906
9,A141,2023-01-01 00:11:00,credit,Salary Deposit,Income,65339,Success,0,94976
10,A115,2023-01-01 02:01:00,credit,Salary Deposit,Income,68153,Success,0,83709
11,A025,2023-01-01 08:39:00,credit,Salary Deposit,Income,111238,Success,0,137559
12,A034,2023-01-01 18:30:00,credit,Salary Deposit,Income,117174,Success,0,143631
13,A004,2023-01-02 14:23:00,credit,Salary Deposit,Income,116182,Success,0,129733
14,A096,2023-01-02 06:15:00,credit,Salary Deposit,Income,113190,Success,0,143580
15,A173,2023-01-02 01:06:00,credit,Salary Deposit,Income,102400,Success,0,145430
16,A096,2023-01-02 18:55:00,credit,Salary Deposit,Income,100349,Success,0,243929
17,A125,2023-01-02 23:01:00,credit,Salary Deposit,Income,63529,Success,0,74745
18,A038,2023-01-02 00:30:00,credit,Salary Deposit,Income,32610,Success,0,48495
19,A125,2023-01-03 02:35:00,credit,Salary Deposit,Income,67228,Success,0,141973
20,A019,2023-01-03 06:02:00,credit,Salary Deposit,Income,93410,Success,0,134767
21,A140,2023-01-03 19:05:00,credit,Salary Deposit,Income,107782,Failed,0,155157
22,A120,2023-01-03 15:24:00,credit,Salary Deposit,Income,111984,Success,0,150623
23,A051,2023-01-03 22:29:00,credit,Salary Deposit,Income,39045,Success,0,69724
24,A090,2023-01-03 00:36:00,credit,Salary Deposit,Income,99223,Success,0,148798
25,A041,2023-01-03 03:14:00,credit,Salary Deposit,Income,53714,Success,0,73116
26,A049,2023-01-03 04:16:00,credit,Salary Deposit,Income,68769,Success,0,102710
27,A145,2023-01-03 23:21:00,credit,Salary Deposit,Income,116196,Success,0,131400
28,A019,2023-01-03 07:11:00,credit,Salary Deposit,Income,79898,Pending,0,214665
29,A104,2023-01-03 15:25:00,credit,Salary Deposit,Income,41857,Success,0,66786
30,A111,2023-01-03 04:12:00,credit,Salary Deposit,Income,87684,Success,0,113688
31,A148,2023-01-03 03:08:00,credit,Salary Deposit,Income,34668,Success,0,61243
32,A178,2023-01-03 00:42:00,credit,Salary Deposit,Income,55084,Success,0,65908
33,A115,2023-01-03 06:56:00,credit,Salary Deposit,Income,100325,Failed,0,184034
34,A188,2023-01-04 11:21:00,credit,Salary Deposit,Income,99991,Success,0,123596
35,A107,2023-01-04 19:50:00,credit,Salary Deposit,Income,119680,Success,0,136103
36,A200,2023-01-04 22:46:00,credit,Salary Deposit,Income,80130,Success,0,109877
37,A088,2023-01-04 15:13:00,credit,Salary Deposit,Income,69228,Success,0,100650
38,A023,2023-01-04 03:49:00,credit,Salary Deposit,Income,96648,Success,0,135756
39,A042,2023-01-04 00:39:00,credit,Salary Deposit,Income,56436,Success,0,85545
40,A079,2023-01-05 22:11:00,credit,Salary Deposit,Income,63414,Success,0,112158
41,A097,2023-01-05 23:52:00,credit,Salary Deposit,Income,104414,Pending,0,147251
42,A091,2023-01-05 17:05:00,credit,Salary Deposit,Income,65967,Pending,0,102886
43,A062,2023-01-05 08:35:00,credit,Salary Deposit,Income,89325,Pending,0,188610
44,A089,2023-01-05 11:25:00,credit,Salary Deposit,Income,85356,Success,0,118091
45,A042,2023-01-05 21:44:00,credit,Salary Deposit,Income,46254,Pending,0,131799
46,A087,2023-01-05 15:07:00,credit,Salary Deposit,Income,92093,Success,0,119717
47,A095,2023-01-05 07:27:00,credit,Salary Deposit,Income,114780,Success,0,133665
48,A117,2023-01-05 07:41:00,credit,Salary Deposit,Income,93851,Success,0,129162
49,A023,2023-01-05 17:38:00,credit,Salary Deposit,Income,78878,Success,0,214634
50,A191,2023-01-05 14:17:00,credit,Salary Deposit,Income,74957,Pending,0,121722
51,A186,2023-01-05 22:07:00,credit,Salary Deposit,Income,294996,Success,0,317961
52,A050,2023-01-06 00:48:00,debit,Flipkart,Shopping,1598,Success,0,45336
53,A118,2023-01-06 13:41:00,debit,Zomato,Food,6017,Success,0,42848
54,A079,2023-01-06 08:08:00,debit,Flipkart,Shopping,783,Success,0,111375
55,A179,2023-01-06 05:33:00,debit,Uber,Transport,22707,Success,0,15454
56,A079,2023-01-06 22:47:00,debit,Netflix,Entertainment,6582,Success,0,104793
57,A195,2023-01-07 17:33:00,debit,BigBasket,Groceries,3326,Success,0,15056
58,A023,2023-01-07 16:59:00,credit,Swiggy,Food,7058,Success,0,221692
59,A050,2023-01-07 08:19:00,debit,Croma,Electronics,3137,Success,0,42199
60,A135,2023-01-07 16:05:00,debit,Flipkart,Shopping,8790,Success,0,11654
61,A130,2023-01-07 22:45:00,credit,Swiggy,Food,5904,Success,0,43586
62,A176,2023-01-07 18:42:00,credit,Uber,Transport,27156,Success,0,68388
63,A062,2023-01-07 01:10:00,debit,Amazon,Shopping,4589,Success,0,184021
64,A026,2023-01-07 18:55:00,debit,Amazon,Shopping,13267,Success,0,35364
65,A130,2023-01-07 17:49:00,debit,Croma,Electronics,5683,Success,0,37903
66,A039,2023-01-07 05:45:00,debit,Swiggy,Food,2951,Success,0,33929
67,A186,2023-01-07 22:41:00,credit,Flipkart,Shopping,28245,Success,0,346206
68,A113,2023-01-07 19:24:00,debit,BigBasket,Groceries,9751,Success,0,8524
69,A172,2023-01-07 21:44:00,credit,Croma,Electronics,7316,Success,0,54793
70,A045,2023-01-07 19:45:00,credit,Zomato,Food,5910,Success,0,27939
71,A198,2023-01-08 05:24:00,credit,Zomato,Food,7718,Success,0,49506
72,A074,2023-01-08 23:11:00,debit,Netflix,Entertainment,10745,Success,0,34019
73,A094,2023-01-08 05:21:00,debit,Amazon,Shopping,3804,Success,0,11161
74,A094,2023-01-08 18:01:00,credit,Zomato,Food,13683,Success,0,24844
75,A034,2023-01-08 05:15:00,debit,BigBasket,Groceries,5862,Success,0,137769
76,A150,2023-01-08 04:41:00,debit,Croma,Electronics,8880,Success,0,19430
77,A004,2023-01-08 16:21:00,debit,Croma,Electronics,3742,Success,0,125991
78,A039,2023-01-08 12:34:00,credit,Amazon,Shopping,11878,Success,0,45807
79,A001,2023-01-08 13:34:00,debit,Zomato,Food,13470,Success,0,21819
80,A162,2023-01-08 22:50:00,debit,Zomato,Food,8136,Success,0,9180
81,A145,2023-01-09 21:47:00,debit,Croma,Electronics,7199,Success,0,124201
82,A109,2023-01-09 14:04:00,credit,Swiggy,Food,1952,Failed,0,43642
83,A189,2023-01-09 22:34:00,debit,Zomato,Food,3870,Success,0,9312
84,A170,2023-01-09 13:39:00,debit,BigBasket,Groceries,5025,Success,0,32828
85,A144,2023-01-09 04:47:00,debit,BigBasket,Groceries,7962,Success,0,32430
86,A002,2023-01-09 00:37:00,debit,BigBasket,Groceries,6556,Success,0,25923
87,A117,2023-01-09 02:58:00,debit,Uber,Transport,4822,Success,0,124340
88,A005,2023-01-09 03:16:00,debit,Swiggy,Food,12081,Success,0,28780
89,A045,2023-01-09 05:41:00,debit,Zomato,Food,7762,Success,0,20177
90,A198,2023-01-09 12:16:00,credit,Croma,Electronics,4502,Success,0,54008
91,A118,2023-01-09 06:00:00,debit,Swiggy,Food,520,Success,0,42328
92,A136,2023-01-09 17:01:00,credit,Amazon,Shopping,2489,Success,0,40277
93,A137,2023-01-09 21:20:00,credit,Swiggy,Food,4075,Success,0,48276
94,A186,2023-01-09 11:19:00,debit,Zomato,Food,19728,Success,0,326478
95,A197,2023-01-09 08:49:00,debit,Netflix,Entertainment,3356,Failed,0,43497
96,A125,2023-01-10 23:09:00,debit,Amazon,Shopping,5643,Success,0,136330
97,A010,2023-01-10 15:44:00,debit,Croma,Electronics,12801,Success,0,8068
98,A127,2023-01-10 05:34:00,debit,BigBasket,Groceries,6117,Success,0,6515
99,A146,2023-01-10 10:19:00,debit,BigBasket,Groceries,518,Pending,0,45949
100,A146,2023-01-10 13:52:00,debit,Uber,Transport,2197,Success,0,43752
101,A044,2023-01-10 09:06:00,debit,Suspicious Transfer,Fraud,198698,Success,1,-161908
102,A133,2023-01-10 16:01:00,debit,Netflix,Entertainment,1920,Success,0,41248
103,A033,2023-01-10 19:00:00,debit,Flipkart,Shopping,3985,Success,0,35682
104,A189,2023-01-10 13:28:00,debit,Zomato,Food,2897,Success,0,6415
105,A025,2023-01-10 07:25:00,credit,Uber,Transport,7564,Success,0,145123
106,A133,2023-01-11 06:12:00,debit,Flipkart,Shopping,1646,Pending,0,39602
107,A120,2023-01-11 16:37:00,debit,Swiggy,Food,6315,Success,0,144308
108,A021,2023-01-11 21:15:00,debit,Suspicious Transfer,Fraud,114304,Success,1,-103711
109,A013,2023-01-11 10:37:00,debit,Zomato,Food,1473,Success,0,13248
110,A065,2023-01-11 19:41:00,credit,Uber,Transport,4961,Success,0,139504
111,A077,2023-01-11 13:26:00,debit,Netflix,Entertainment,4097,Success,0,29659
112,A063,2023-01-11 00:48:00,debit,BigBasket,Groceries,1914,Success,0,20698
113,A052,2023-01-11 16:50:00,credit,Netflix,Entertainment,4399,Failed,0,86526
114,A090,2023-01-11 10:46:00,debit,Swiggy,Food,322,Success,0,148476
115,A103,2023-01-11 10:35:00,debit,Flipkart,Shopping,15246,Success,0,12978
116,A122,2023-01-11 09:28:00,debit,Uber,Transport,5157,Success,0,15041
117,A102,2023-01-11 09:07:00,credit,Flipkart,Shopping,5932,Success,0,17839
118,A132,2023-01-11 23:02:00,debit,Amazon,Shopping,2605,Failed,0,18706
119,A197,2023-01-11 20:09:00,debit,Swiggy,Food,6764,Failed,0,36733
120,A136,2023-01-11 03:02:00,debit,Flipkart,Shopping,6868,Success,0,33409
121,A002,2023-01-12 00:09:00,debit,BigBasket,Groceries,4523,Success,0,21400
122,A029,2023-01-12 12:39:00,debit,Zomato,Food,3608,Success,0,6415
123,A038,2023-01-12 02:42:00,debit,BigBasket,Groceries,7998,Success,0,40497
124,A054,2023-01-12 19:05:00,debit,BigBasket,Groceries,4634,Success,0,31340
125,A176,2023-01-12 17:12:00,debit,Croma,Electronics,9372,Failed,0,59016
126,A067,2023-01-12 14:28:00,credit,BigBasket,Groceries,4026,Success,0,27905
127,A129,2023-01-12 13:12:00,debit,Flipkart,Shopping,948,Pending,0,10131
128,A041,2023-01-12 19:17:00,debit,Swiggy,Food,6820,Success,0,66296
129,A199,2023-01-12 05:23:00,debit,Zomato,Food,540,Success,0,25674
130,A128,2023-01-13 01:14:00,debit,Swiggy,Food,7520,Success,0,17813
131,A119,2023-01-13 12:34:00,credit,Netflix,Entertainment,5590,Success,0,51776
132,A086,2023-01-13 12:16:00,debit,Uber,Transport,509,Success,0,46729
133,A165,2023-01-13 05:39:00,credit,Flipkart,Shopping,2010,Success,0,32423
134,A127,2023-01-13 07:54:00,debit,Zomato,Food,3304,Success,0,3211
135,A115,2023-01-13 12:31:00,debit,Croma,Electronics,1437,Success,0,182597
136,A033,2023-01-13 11:52:00,debit,Swiggy,Food,7579,Success,0,28103
137,A004,2023-01-13 19:55:00,debit,BigBasket,Groceries,2455,Success,0,123536
138,A145,2023-01-13 18:14:00,debit,Croma,Electronics,715,Success,0,123486
139,A167,2023-01-13 01:32:00,credit,Amazon,Shopping,3398,Success,0,49494
140,A158,2023-01-13 04:46:00,debit,Amazon,Shopping,7188,Success,0,12987
141,A129,2023-01-13 20:53:00,credit,BigBasket,Groceries,6136,Success,0,16267
142,A199,2023-01-13 04:42:00,debit,Zomato,Food,6648,Success,0,19026
143,A042,2023-01-14 21:50:00,debit,Netflix,Entertainment,14348,Success,0,117451
144,A086,2023-01-14 12:31:00,debit,Amazon,Shopping,5270,Success,0,41459
145,A038,2023-01-14 00:18:00,debit,BigBasket,Groceries,7226,Success,0,33271
146,A192,2023-01-14 21:43:00,debit,Uber,Transport,37116,Success,0,-20877
147,A054,2023-01-14 05:43:00,debit,Croma,Electronics,14628,Success,0,16712
148,A158,2023-01-14 05:13:00,debit,Uber,Transport,11297,Success,0,1690
149,A066,2023-01-14 03:56:00,debit,Swiggy,Food,1308,Success,0,12215
150,A183,2023-01-14 10:28:00,debit,Zomato,Food,12286,Success,0,112
151,A192,2023-01-15 23:25:00,credit,Amazon,Shopping,6171,Success,0,-14706
152,A126,2023-01-15 20:37:00,debit,Zomato,Food,11609,Success,0,15485
153,A094,2023-01-15 14:10:00,debit,Netflix,Entertainment,3379,Success,0,21465
154,A162,2023-01-15 15:40:00,debit,Croma,Electronics,11280,Success,0,-2100
155,A200,2023-01-15 11:56:00,debit,Flipkart,Shopping,13157,Success,0,96720
156,A033,2023-01-15 00:59:00,credit,Swiggy,Food,13674,Success,0,41777
157,A031,2023-01-15 04:15:00,debit,BigBasket,Groceries,2676,Success,0,36866
158,A131,2023-01-15 08:54:00,debit,Flipkart,Shopping,32475,Pending,0,11916
159,A163,2023-01-15 16:23:00,debit,Zomato,Food,10472,Success,0,4790
160,A043,2023-01-15 09:23:00,debit,Uber,Transport,1226,Success,0,16557
161,A058,2023-01-15 13:15:00,debit,Flipkart,Shopping,13620,Success,0,-1441
162,A028,2023-01-16 19:23:00,debit,Croma,Electronics,5756,Success,0,36044
163,A180,2023-01-16 14:07:00,debit,BigBasket,Groceries,4864,Pending,0,16875
164,A053,2023-01-16 04:54:00,debit,BigBasket,Groceries,4247,Success,0,22172
165,A088,2023-01-16 22:55:00,debit,Flipkart,Shopping,2093,Success,0,98557
166,A025,2023-01-16 11:08:00,debit,Netflix,Entertainment,7791,Success,0,137332
167,A023,2023-01-16 19:07:00,credit,Netflix,Entertainment,5292,Success,0,226984
168,A042,2023-01-17 08:56:00,debit,BigBasket,Groceries,6035,Success,0,111416
169,A162,2023-01-17 15:59:00,debit,Amazon,Shopping,2102,Success,0,-4202
170,A021,2023-01-17 03:53:00,debit,Croma,Electronics,1572,Pending,0,-105283
171,A033,2023-01-17 18:10:00,debit,Suspicious Transfer,Fraud,70271,Success,1,-28494
172,A085,2023-01-17 01:42:00,debit,Zomato,Food,5030,Success,0,31636
173,A082,2023-01-17 20:53:00,debit,Swiggy,Food,2045,Success,0,37088
174,A122,2023-01-17 11:56:00,credit,BigBasket,Groceries,1332,Success,0,16373
175,A076,2023-01-17 02:16:00,debit,Croma,Electronics,4616,Success,0,13281
176,A178,2023-01-17 06:03:00,debit,Uber,Transport,1834,Pending,0,64074
177,A151,2023-01-17 23:28:00,debit,Swiggy,Food,4404,Success,0,20122
178,A041,2023-01-17 14:15:00,debit,Swiggy,Food,7417,Success,0,58879
179,A102,2023-01-17 23:35:00,credit,Flipkart,Shopping,1545,Success,0,19384
180,A147,2023-01-17 01:31:00,debit,Swiggy,Food,6396,Success,0,25890
181,A017,2023-01-17 05:54:00,debit,BigBasket,Groceries,762,Success,0,67264
182,A149,2023-01-17 05:57:00,debit,Swiggy,Food,2505,Success,0,33540
183,A147,2023-01-18 23:57:00,debit,Zomato,Food,3436,Success,0,22454
184,A051,2023-01-18 11:09:00,debit,Flipkart,Shopping,1059,Success,0,68665
185,A092,2023-01-18 08:56:00,debit,Uber,Transport,3877,Success,0,39354
186,A046,2023-01-18 11:38:00,debit,BigBasket,Groceries,4527,Success,0,12921
187,A183,2023-01-18 12:38:00,credit,Amazon,Shopping,1063,Success,0,1175
188,A160,2023-01-18 05:42:00,debit,Croma,Electronics,403,Success,0,40419
189,A014,2023-01-18 17:00:00,debit,Amazon,Shopping,2762,Success,0,30853
190,A004,2023-01-18 18:44:00,debit,BigBasket,Groceries,3704,Success,0,119832
191,A045,2023-01-18 15:58:00,debit,Croma,Electronics,5957,Success,0,14220
192,A046,2023-01-19 21:47:00,debit,Flipkart,Shopping,6099,Success,0,6822
193,A104,2023-01-19 12:38:00,debit,Croma,Electronics,2647,Success,0,64139
194,A072,2023-01-19 23:59:00,debit,Swiggy,Food,7855,Success,0,34207
195,A024,2023-01-19 07:41:00,debit,Swiggy,Food,18408,Success,0,3778
196,A151,2023-01-19 13:06:00,debit,Zomato,Food,4036,Success,0,16086
197,A096,2023-01-19 17:04:00,credit,BigBasket,Groceries,5459,Success,0,249388
198,A182,2023-01-20 10:52:00,debit,BigBasket,Groceries,6889,Success,0,18327
199,A073,2023-01-20 22:52:00,debit,BigBasket,Groceries,7755,Pending,0,32855
200,A081,2023-01-20 16:57:00,debit,Flipkart,Shopping,12153,Success,0,4364
201,A145,2023-01-20 12:16:00,debit,Netflix,Entertainment,1943,Success,0,121543
202,A156,2023-01-20 12:14:00,debit,Netflix,Entertainment,3064,Success,0,29704
203,A042,2023-01-21 15:50:00,debit,Netflix,Entertainment,6609,Pending,0,104807
204,A002,2023-01-21 18:18:00,debit,Croma,Electronics,12159,Success,0,9241
205,A185,2023-01-21 02:35:00,debit,BigBasket,Groceries,6508,Success,0,10630
206,A166,2023-01-21 12:30:00,debit,Croma,Electronics,1721,Success,0,44333
207,A079,2023-01-21 22:37:00,debit,Flipkart,Shopping,10620,Pending,0,94173
208,A155,2023-01-21 12:44:00,credit,Flipkart,Shopping,13019,Success,0,59594
209,A074,2023-01-21 18:40:00,credit,Netflix,Entertainment,4461,Success,0,38480
210,A098,2023-01-21 09:33:00,debit,Uber,Transport,35688,Success,0,-10557
211,A129,2023-01-21 01:54:00,debit,Flipkart,Shopping,2492,Pending,0,13775
212,A063,2023-01-21 12:48:00,debit,Netflix,Entertainment,7555,Success,0,13143
213,A124,2023-01-21 08:09:00,debit,BigBasket,Groceries,11638,Success,0,6023
214,A192,2023-01-21 15:14:00,debit,Amazon,Shopping,25782,Success,0,-40488
215,A045,2023-01-21 10:17:00,debit,Zomato,Food,3900,Success,0,10320
216,A108,2023-01-21 17:17:00,debit,BigBasket,Groceries,11648,Success,0,23553
217,A090,2023-01-22 16:49:00,debit,Swiggy,Food,6327,Success,0,142149
218,A101,2023-01-22 14:45:00,debit,Swiggy,Food,4082,Success,0,12666
219,A126,2023-01-22 09:07:00,debit,Amazon,Shopping,8072,Success,0,7413
220,A183,2023-01-22 04:26:00,credit,BigBasket,Groceries,14442,Success,0,15617
221,A181,2023-01-22 17:20:00,debit,BigBasket,Groceries,14407,Success,0,4716
222,A149,2023-01-22 06:46:00,debit,Croma,Electronics,1784,Success,0,31756
223,A142,2023-01-22 00:46:00,debit,BigBasket,Groceries,6863,Success,0,21678
224,A173,2023-01-22 08:57:00,credit,BigBasket,Groceries,6430,Success,0,151860
225,A145,2023-01-22 05:53:00,debit,Croma,Electronics,9005,Success,0,112538
226,A004,2023-01-22 17:38:00,debit,Zomato,Food,2291,Success,0,117541
227,A164,2023-01-22 04:42:00,debit,Netflix,Entertainment,1876,Success,0,32830
228,A140,2023-01-23 02:48:00,debit,Swiggy,Food,7243,Success,0,147914
229,A160,2023-01-23 02:37:00,debit,Uber,Transport,5205,Success,0,35214
230,A083,2023-01-23 08:21:00,debit,Flipkart,Shopping,2444,Pending,0,44133
231,A005,2023-01-23 06:15:00,credit,Amazon,Shopping,16716,Failed,0,45496
232,A142,2023-01-23 05:31:00,debit,Uber,Transport,7759,Success,0,13919
233,A122,2023-01-23 01:50:00,debit,Croma,Electronics,5778,Success,0,10595
234,A166,2023-01-24 07:12:00,debit,Flipkart,Shopping,841,Success,0,43492
235,A107,2023-01-24 00:48:00,debit,Flipkart,Shopping,7593,Failed,0,128510
236,A118,2023-01-24 16:58:00,credit,Swiggy,Food,2429,Success,0,44757
237,A137,2023-01-24 15:24:00,debit,Amazon,Shopping,4240,Success,0,44036
238,A178,2023-01-24 09:31:00,debit,Swiggy,Food,6986,Success,0,57088
239,A004,2023-01-24 10:59:00,debit,Croma,Electronics,3601,Success,0,113940
240,A014,2023-01-25 01:32:00,debit,Uber,Transport,1987,Success,0,28866
241,A141,2023-01-25 14:36:00,debit,Flipkart,Shopping,4587,Success,0,90389
242,A056,2023-01-25 00:02:00,debit,Croma,Electronics,18849,Success,0,-8530
243,A026,2023-01-25 20:03:00,debit,Zomato,Food,2859,Failed,0,32505
244,A065,2023-01-25 04:57:00,debit,Amazon,Shopping,6327,Pending,0,133177
245,A008,2023-01-25 03:00:00,credit,Croma,Electronics,1647,Success,0,39819
246,A087,2023-01-25 08:06:00,debit,Croma,Electronics,6981,Success,0,112736
247,A106,2023-01-25 18:12:00,debit,Suspicious Transfer,Fraud,189738,Pending,1,-125182
248,A108,2023-01-25 04:14:00,credit,Croma,Electronics,1753,Success,0,25306
249,A049,2023-01-25 07:20:00,credit,Zomato,Food,5812,Success,0,108522
250,A200,2023-01-25 02:07:00,credit,Swiggy,Food,7219,Success,0,103939
251,A126,2023-01-25 07:50:00,debit,Netflix,Entertainment,1751,Success,0,5662
252,A144,2023-01-25 14:09:00,debit,Netflix,Entertainment,6417,Success,0,26013
253,A028,2023-01-25 06:41:00,credit,Zomato,Food,6809,Success,0,42853
254,A075,2023-01-26 11:12:00,debit,Amazon,Shopping,3351,Success,0,39815
255,A171,2023-01-26 23:37:00,debit,Amazon,Shopping,7996,Failed,0,24720
256,A148,2023-01-26 03:01:00,debit,Swiggy,Food,2679,Success,0,58564
257,A118,2023-01-26 11:49:00,debit,Uber,Transport,1283,Success,0,43474
258,A180,2023-01-26 23:22:00,debit,Swiggy,Food,1279,Success,0,15596
259,A008,2023-01-26 01:11:00,debit,Netflix,Entertainment,5277,Success,0,34542
260,A083,2023-01-26 22:38:00,debit,Uber,Transport,3686,Success,0,40447
261,A190,2023-01-26 22:37:00,debit,Uber,Transport,4663,Success,0,40441
262,A193,2023-01-27 03:06:00,debit,Netflix,Entertainment,6908,Success,0,8214
263,A195,2023-01-27 19:14:00,debit,Zomato,Food,2399,Success,0,12657
264,A084,2023-01-27 18:56:00,debit,Swiggy,Food,233,Success,0,11113
265,A085,2023-01-27 12:30:00,debit,Amazon,Shopping,1725,Success,0,29911
266,A050,2023-01-27 06:43:00,debit,Croma,Electronics,6144,Success,0,36055
267,A005,2023-01-27 18:07:00,debit,Croma,Electronics,9069,Success,0,36427
268,A174,2023-01-27 05:02:00,debit,Zomato,Food,791,Success,0,26132
269,A124,2023-01-27 17:59:00,debit,Zomato,Food,3405,Success,0,2618
270,A127,2023-01-27 17:48:00,debit,Zomato,Food,5651,Success,0,-2440
271,A176,2023-01-27 23:12:00,debit,BigBasket,Groceries,9639,Success,0,49377
272,A009,2023-01-27 19:51:00,debit,Flipkart,Shopping,7005,Success,0,10661
273,A040,2023-01-27 06:51:00,debit,Uber,Transport,19026,Success,0,7533
274,A053,2023-01-28 02:07:00,debit,Swiggy,Food,10185,Success,0,11987
275,A120,2023-01-28 07:07:00,debit,Uber,Transport,11830,Success,0,132478
276,A124,2023-01-28 08:16:00,debit,Uber,Transport,6668,Success,0,-4050
277,A132,2023-01-28 14:40:00,credit,Croma,Electronics,2697,Success,0,21403
278,A023,2023-01-28 11:39:00,debit,Swiggy,Food,13145,Success,0,213839
279,A144,2023-01-29 04:22:00,debit,Flipkart,Shopping,8638,Success,0,17375
280,A151,2023-01-29 00:54:00,debit,Flipkart,Shopping,3771,Success,0,12315
281,A184,2023-01-29 11:05:00,credit,Swiggy,Food,5551,Pending,0,29138
282,A093,2023-01-29 12:13:00,debit,Netflix,Entertainment,14925,Success,0,31920
283,A104,2023-01-29 03:39:00,credit,Croma,Electronics,11500,Success,0,75639
284,A011,2023-01-29 15:19:00,debit,Swiggy,Food,14440,Success,0,6801
285,A134,2023-01-29 04:01:00,debit,BigBasket,Groceries,26598,Success,0,-11267
286,A154,2023-01-29 05:27:00,credit,Flipkart,Shopping,3525,Success,0,29784
287,A178,2023-01-30 00:59:00,debit,Zomato,Food,6052,Success,0,51036
288,A038,2023-01-30 12:48:00,credit,Flipkart,Shopping,6421,Success,0,39692
289,A112,2023-01-30 00:18:00,credit,Amazon,Shopping,4764,Success,0,29767
290,A191,2023-01-30 20:07:00,debit,Uber,Transport,4176,Success,0,117546
291,A094,2023-01-30 13:10:00,debit,Amazon,Shopping,5428,Success,0,16037
292,A060,2023-01-30 19:47:00,debit,Amazon,Shopping,6637,Failed,0,13022
293,A079,2023-01-30 11:25:00,debit,Swiggy,Food,1067,Success,0,93106
294,A118,2023-01-30 15:45:00,debit,Netflix,Entertainment,6155,Success,0,37319
295,A177,2023-01-30 12:39:00,debit,Flipkart,Shopping,6520,Success,0,34154
296,A016,2023-01-31 21:41:00,debit,Amazon,Shopping,5749,Success,0,24979
297,A010,2023-01-31 15:15:00,debit,Zomato,Food,19626,Success,0,-11558
298,A091,2023-01-31 23:25:00,debit,Flipkart,Shopping,441,Failed,0,102445
299,A191,2023-01-31 02:23:00,debit,Zomato,Food,5233,Success,0,112313
300,A008,2023-01-31 16:36:00,credit,Flipkart,Shopping,3208,Success,0,37750
301,A031,2023-01-31 12:45:00,debit,Amazon,Shopping,2230,Success,0,34636
302,A006,2023-01-31 19:53:00,debit,Netflix,Entertainment,7931,Success,0,7336
303,A192,2023-01-31 10:00:00,debit,Amazon,Shopping,6603,Success,0,-47091
304,A111,2023-01-31 00:38:00,debit,BigBasket,Groceries,243,Success,0,113445
305,A137,2023-01-31 13:59:00,credit,Netflix,Entertainment,7260,Failed,0,51296
306,A026,2023-01-31 06:02:00,debit,Flipkart,Shopping,2145,Failed,0,30360
307,A147,2023-01-31 16:13:00,credit,Netflix,Entertainment,5559,Success,0,28013
308,A194,2023-02-01 21:47:00,credit,Salary Deposit,Income,33643,Success,0,48354
309,A134,2023-02-01 22:41:00,credit,Salary Deposit,Income,188370,Success,0,177103
310,A136,2023-02-01 06:08:00,credit,Salary Deposit,Income,81595,Success,0,115004
311,A084,2023-02-01 14:17:00,credit,Salary Deposit,Income,83677,Success,0,94790
312,A146,2023-02-01 21:53:00,credit,Salary Deposit,Income,108812,Success,0,152564
313,A198,2023-02-01 04:31:00,credit,Salary Deposit,Income,93367,Success,0,147375
314,A170,2023-02-01 17:55:00,credit,Salary Deposit,Income,50770,Success,0,83598
315,A159,2023-02-01 02:35:00,credit,Salary Deposit,Income,35769,Success,0,46377
316,A033,2023-02-01 23:24:00,credit,Salary Deposit,Income,110842,Failed,0,82348
317,A139,2023-02-01 19:02:00,credit,Salary Deposit,Income,42689,Success,0,88429
318,A032,2023-02-01 08:36:00,credit,Salary Deposit,Income,89730,Success,0,119073
319,A129,2023-02-01 05:07:00,credit,Salary Deposit,Income,113088,Pending,0,126863
320,A128,2023-02-01 02:28:00,credit,Salary Deposit,Income,102287,Success,0,120100
321,A076,2023-02-02 05:57:00,credit,Salary Deposit,Income,48252,Success,0,61533
322,A184,2023-02-02 23:28:00,credit,Salary Deposit,Income,37541,Success,0,66679
323,A013,2023-02-02 17:35:00,credit,Salary Deposit,Income,67072,Failed,0,80320
324,A179,2023-02-02 01:48:00,credit,Salary Deposit,Income,178755,Success,0,194209
325,A190,2023-02-02 06:51:00,credit,Salary Deposit,Income,118581,Success,0,159022
326,A008,2023-02-02 01:16:00,credit,Salary Deposit,Income,99043,Success,0,136793
327,A071,2023-02-02 05:34:00,credit,Salary Deposit,Income,50682,Success,0,88861
328,A133,2023-02-02 22:04:00,credit,Salary Deposit,Income,71592,Success,0,111194
329,A180,2023-02-02 04:55:00,credit,Salary Deposit,Income,103125,Success,0,118721
330,A113,2023-02-02 21:02:00,credit,Salary Deposit,Income,58469,Success,0,66993
331,A200,2023-02-02 00:33:00,credit,Suspicious Transfer,Fraud,78128,Pending,1,182067
332,A090,2023-02-02 12:00:00,credit,Salary Deposit,Income,98179,Success,0,240328
333,A059,2023-02-02 22:57:00,credit,Salary Deposit,Income,53221,Success,0,75662
334,A068,2023-02-02 03:36:00,credit,Suspicious Transfer,Fraud,95371,Success,1,116429
335,A125,2023-02-03 05:58:00,credit,Salary Deposit,Income,84682,Success,0,221012
336,A129,2023-02-03 11:31:00,credit,Salary Deposit,Income,46847,Failed,0,173710
337,A075,2023-02-03 01:16:00,credit,Salary Deposit,Income,324921,Success,0,364736
338,A180,2023-02-03 04:18:00,credit,Salary Deposit,Income,48709,Success,0,167430
339,A028,2023-02-03 09:37:00,credit,Salary Deposit,Income,55215,Success,0,98068
340,A113,2023-02-03 22:51:00,credit,Salary Deposit,Income,60865,Success,0,127858
341,A115,2023-02-03 19:33:00,credit,Salary Deposit,Income,103463,Success,0,286060
342,A174,2023-02-03 18:49:00,credit,Salary Deposit,Income,42868,Success,0,69000
343,A172,2023-02-03 07:21:00,credit,Salary Deposit,Income,45786,Failed,0,100579
344,A061,2023-02-04 09:42:00,credit,Salary Deposit,Income,108763,Success,0,125494
345,A072,2023-02-04 17:01:00,credit,Salary Deposit,Income,69063,Success,0,103270
346,A070,2023-02-04 07:18:00,credit,Salary Deposit,Income,91813,Failed,0,120302
347,A064,2023-02-04 16:22:00,credit,Salary Deposit,Income,108272,Success,0,153446
348,A063,2023-02-04 21:32:00,credit,Salary Deposit,Income,100994,Success,0,114137
349,A197,2023-02-04 03:48:00,credit,Salary Deposit,Income,51897,Success,0,88630
350,A140,2023-02-04 22:20:00,credit,Salary Deposit,Income,109908,Success,0,257822
351,A158,2023-02-04 08:25:00,credit,Salary Deposit,Income,69472,Success,0,71162
352,A192,2023-02-05 22:17:00,credit,Salary Deposit,Income,176616,Success,0,129525
353,A136,2023-02-05 19:12:00,credit,Salary Deposit,Income,118901,Success,0,233905
354,A089,2023-02-05 02:48:00,credit,Salary Deposit,Income,106070,Success,0,224161
355,A198,2023-02-05 06:33:00,credit,Salary Deposit,Income,42461,Success,0,189836
356,A021,2023-02-05 05:54:00,credit,Salary Deposit,Income,85936,Success,0,-19347
357,A078,2023-02-05 13:44:00,credit,Salary Deposit,Income,96624,Success,0,114701
358,A092,2023-02-05 01:12:00,credit,Salary Deposit,Income,105391,Success,0,144745
359,A054,2023-02-05 02:18:00,credit,Salary Deposit,Income,115189,Success,0,131901
360,A114,2023-02-05 09:38:00,credit,Salary Deposit,Income,114953,Success,0,153562
361,A109,2023-02-06 15:58:00,debit,Flipkart,Shopping,1834,Success,0,41808
362,A067,2023-02-06 13:53:00,debit,Netflix,Entertainment,2466,Success,0,25439
363,A127,2023-02-06 18:07:00,debit,Amazon,Shopping,4316,Failed,0,-6756
364,A019,2023-02-06 10:18:00,debit,Croma,Electronics,2571,Success,0,212094
365,A081,2023-02-06 19:20:00,debit,BigBasket,Groceries,13305,Success,0,-8941
366,A164,2023-02-06 02:19:00,credit,Netflix,Entertainment,5646,Success,0,38476
367,A122,2023-02-06 23:52:00,debit,Croma,Electronics,7719,Success,0,2876
368,A102,2023-02-06 13:32:00,debit,Flipkart,Shopping,6360,Success,0,13024
369,A144,2023-02-06 09:05:00,debit,Zomato,Food,2362,Success,0,15013
370,A060,2023-02-06 20:57:00,debit,Amazon,Shopping,2108,Success,0,10914
371,A044,2023-02-06 05:58:00,debit,Uber,Transport,2108,Success,0,-164016
372,A099,2023-02-06 20:57:00,debit,Flipkart,Shopping,2410,Success,0,25252
373,A198,2023-02-06 10:06:00,debit,Uber,Transport,4995,Pending,0,184841
374,A190,2023-02-06 17:53:00,debit,Amazon,Shopping,1979,Success,0,157043
375,A083,2023-02-06 04:58:00,debit,Suspicious Transfer,Fraud,107110,Success,1,-66663
376,A129,2023-02-07 17:18:00,credit,Swiggy,Food,3795,Success,0,177505
377,A023,2023-02-07 02:29:00,credit,Uber,Transport,1888,Success,0,215727
378,A047,2023-02-07 11:24:00,debit,Flipkart,Shopping,6173,Success,0,13148
379,A029,2023-02-07 16:10:00,debit,Uber,Transport,2570,Success,0,3845
380,A183,2023-02-07 23:58:00,debit,BigBasket,Groceries,2927,Success,0,12690
381,A146,2023-02-07 20:12:00,debit,Amazon,Shopping,7357,Success,0,145207
382,A140,2023-02-07 07:31:00,debit,Swiggy,Food,7606,Success,0,250216
383,A067,2023-02-07 16:08:00,credit,Amazon,Shopping,7112,Success,0,32551
384,A075,2023-02-07 15:23:00,debit,Amazon,Shopping,22281,Success,0,342455
385,A177,2023-02-07 05:43:00,debit,Croma,Electronics,2938,Success,0,31216
386,A169,2023-02-07 08:40:00,credit,Uber,Transport,771,Failed,0,17308
387,A193,2023-02-07 01:24:00,credit,Suspicious Transfer,Fraud,68053,Success,1,76267
388,A140,2023-02-08 23:28:00,debit,BigBasket,Groceries,4480,Success,0,245736
389,A021,2023-02-08 05:50:00,debit,Netflix,Entertainment,5983,Success,0,-25330
390,A042,2023-02-08 23:32:00,debit,Zomato,Food,4110,Success,0,100697
391,A191,2023-02-08 15:45:00,debit,Uber,Transport,760,Success,0,111553
392,A109,2023-02-08 09:52:00,debit,Uber,Transport,4624,Success,0,37184
393,A067,2023-02-08 08:18:00,credit,Swiggy,Food,506,Success,0,33057
394,A053,2023-02-08 22:14:00,debit,Swiggy,Food,3832,Success,0,8155
395,A117,2023-02-09 03:03:00,debit,Netflix,Entertainment,4916,Success,0,119424
396,A035,2023-02-09 01:42:00,debit,Netflix,Entertainment,6945,Success,0,21184
397,A132,2023-02-09 19:44:00,debit,Croma,Electronics,5236,Success,0,16167
398,A129,2023-02-09 23:06:00,debit,Croma,Electronics,6800,Success,0,170705
399,A075,2023-02-09 13:37:00,debit,BigBasket,Groceries,9960,Success,0,332495
400,A030,2023-02-10 06:23:00,debit,Netflix,Entertainment,3084,Success,0,15411
401,A172,2023-02-10 06:26:00,debit,Zomato,Food,6570,Success,0,94009
402,A190,2023-02-10 09:43:00,debit,Flipkart,Shopping,4355,Success,0,152688
403,A061,2023-02-10 11:42:00,debit,Uber,Transport,5321,Success,0,120173
404,A035,2023-02-10 20:36:00,debit,Amazon,Shopping,3413,Success,0,17771
405,A162,2023-02-10 10:24:00,credit,Zomato,Food,3504,Failed,0,-698
406,A072,2023-02-10 16:55:00,debit,Zomato,Food,5997,Success,0,97273
407,A160,2023-02-10 12:53:00,debit,Flipkart,Shopping,4965,Success,0,30249
408,A115,2023-02-10 07:34:00,debit,Croma,Electronics,2301,Success,0,283759
409,A057,2023-02-10 08:58:00,credit,Swiggy,Food,4482,Success,0,288160
410,A132,2023-02-10 11:55:00,debit,BigBasket,Groceries,7164,Pending,0,9003
411,A190,2023-02-11 23:47:00,credit,Zomato,Food,2201,Success,0,154889
412,A170,2023-02-11 21:41:00,debit,Flipkart,Shopping,9536,Success,0,74062
413,A171,2023-02-11 06:35:00,debit,Zomato,Food,6820,Success,0,17900
414,A143,2023-02-11 03:20:00,debit,Flipkart,Shopping,3921,Success,0,13458
415,A158,2023-02-11 16:42:00,debit,Uber,Transport,3824,Success,0,67338
416,A103,2023-02-11 11:01:00,debit,BigBasket,Groceries,30930,Success,0,-17952
417,A198,2023-02-11 20:48:00,debit,Uber,Transport,2232,Success,0,182609
418,A111,2023-02-12 05:20:00,debit,Amazon,Shopping,9666,Success,0,103779
419,A125,2023-02-12 13:13:00,debit,Flipkart,Shopping,12159,Success,0,208853
420,A048,2023-02-12 17:02:00,debit,Croma,Electronics,13090,Success,0,30851
421,A141,2023-02-12 23:26:00,debit,Swiggy,Food,5939,Success,0,84450
422,A090,2023-02-12 01:41:00,debit,Swiggy,Food,7789,Success,0,232539
423,A109,2023-02-12 00:56:00,debit,BigBasket,Groceries,4396,Success,0,32788
424,A155,2023-02-12 03:52:00,debit,Amazon,Shopping,12533,Success,0,47061
425,A146,2023-02-12 22:34:00,debit,Zomato,Food,3268,Success,0,141939
426,A058,2023-02-13 13:44:00,credit,BigBasket,Groceries,7565,Failed,0,6124
427,A025,2023-02-13 13:23:00,debit,Netflix,Entertainment,6222,Success,0,131110
428,A091,2023-02-13 06:56:00,debit,Netflix,Entertainment,1283,Success,0,101162
429,A158,2023-02-13 00:38:00,debit,Croma,Electronics,6314,Success,0,61024
430,A012,2023-02-13 08:18:00,credit,Netflix,Entertainment,4166,Success,0,49254
431,A057,2023-02-13 08:06:00,credit,Zomato,Food,4380,Success,0,292540
432,A068,2023-02-13 17:17:00,debit,Netflix,Entertainment,1676,Success,0,114753
433,A164,2023-02-13 01:16:00,credit,Flipkart,Shopping,3279,Failed,0,41755
434,A118,2023-02-13 12:57:00,debit,Netflix,Entertainment,2156,Success,0,35163
435,A178,2023-02-13 12:27:00,debit,Netflix,Entertainment,6567,Success,0,44469
436,A072,2023-02-13 20:47:00,debit,Uber,Transport,3208,Success,0,94065
437,A038,2023-02-13 09:54:00,credit,Uber,Transport,2129,Pending,0,41821
438,A106,2023-02-13 16:51:00,debit,BigBasket,Groceries,1840,Success,0,-127022
439,A042,2023-02-13 08:18:00,credit,Swiggy,Food,7228,Success,0,107925
440,A050,2023-02-13 11:47:00,debit,Swiggy,Food,3060,Success,0,32995
441,A015,2023-02-14 13:29:00,debit,Swiggy,Food,323,Success,0,11578
442,A162,2023-02-14 20:16:00,credit,Flipkart,Shopping,4903,Success,0,4205
443,A113,2023-02-14 20:21:00,debit,Netflix,Entertainment,7272,Success,0,120586
444,A181,2023-02-14 00:34:00,debit,Flipkart,Shopping,6731,Success,0,-2015
445,A016,2023-02-14 08:38:00,debit,Uber,Transport,6542,Success,0,18437
446,A063,2023-02-14 11:06:00,credit,BigBasket,Groceries,6231,Success,0,120368
447,A138,2023-02-14 19:29:00,debit,Flipkart,Shopping,4976,Success,0,14091
448,A182,2023-02-14 21:57:00,debit,Uber,Transport,5629,Success,0,12698
449,A034,2023-02-14 10:45:00,debit,Croma,Electronics,9459,Success,0,128310
450,A137,2023-02-14 23:06:00,credit,Flipkart,Shopping,626,Success,0,51922
451,A180,2023-02-14 04:56:00,credit,Amazon,Shopping,5664,Success,0,173094
452,A153,2023-02-14 02:05:00,debit,Croma,Electronics,462,Success,0,26376
453,A105,2023-02-14 05:13:00,credit,Amazon,Shopping,1025,Success,0,28179
454,A157,2023-02-15 20:33:00,debit,Netflix,Entertainment,5135,Failed,0,98771
455,A148,2023-02-15 21:52:00,credit,Croma,Electronics,5008,Failed,0,63572
456,A089,2023-02-15 01:56:00,debit,Flipkart,Shopping,3027,Success,0,221134
457,A097,2023-02-15 19:07:00,debit,Suspicious Transfer,Fraud,82383,Success,1,64868
458,A126,2023-02-15 13:16:00,debit,Suspicious Transfer,Fraud,173031,Success,1,-167369
459,A098,2023-02-15 20:31:00,debit,Netflix,Entertainment,11703,Pending,0,-22260
460,A066,2023-02-16 17:30:00,debit,Amazon,Shopping,4783,Success,0,7432
461,A102,2023-02-16 18:05:00,debit,Croma,Electronics,4387,Success,0,8637
462,A009,2023-02-16 01:13:00,credit,Netflix,Entertainment,7855,Success,0,18516
463,A031,2023-02-16 17:13:00,debit,Flipkart,Shopping,3686,Success,0,30950
464,A141,2023-02-16 09:40:00,debit,Zomato,Food,7557,Success,0,76893
465,A057,2023-02-16 19:24:00,debit,BigBasket,Groceries,9708,Success,0,282832
466,A139,2023-02-16 10:12:00,credit,Zomato,Food,3439,Success,0,91868
467,A013,2023-02-17 15:28:00,credit,Netflix,Entertainment,2187,Success,0,82507
468,A074,2023-02-17 14:04:00,debit,Uber,Transport,5826,Success,0,32654
469,A125,2023-02-17 07:07:00,credit,Flipkart,Shopping,5145,Success,0,213998
470,A136,2023-02-17 22:51:00,debit,Flipkart,Shopping,7151,Success,0,226754
471,A092,2023-02-17 18:52:00,debit,Flipkart,Shopping,1868,Success,0,142877
472,A115,2023-02-17 18:47:00,credit,Flipkart,Shopping,4772,Success,0,288531
473,A140,2023-02-17 21:41:00,credit,BigBasket,Groceries,4851,Failed,0,250587
474,A134,2023-02-17 07:53:00,debit,Uber,Transport,15240,Success,0,161863
475,A130,2023-02-17 08:00:00,debit,Flipkart,Shopping,2145,Success,0,35758
476,A113,2023-02-17 16:17:00,credit,Flipkart,Shopping,6126,Failed,0,126712
477,A050,2023-02-17 06:57:00,debit,Swiggy,Food,6601,Success,0,26394
478,A176,2023-02-17 22:44:00,debit,Zomato,Food,9858,Success,0,39519
479,A054,2023-02-17 01:58:00,credit,Zomato,Food,2203,Success,0,134104
480,A083,2023-02-17 09:47:00,debit,BigBasket,Groceries,4569,Success,0,-71232
481,A071,2023-02-17 13:10:00,credit,Uber,Transport,5819,Success,0,94680
482,A092,2023-02-18 16:05:00,credit,Croma,Electronics,10384,Success,0,153261
483,A185,2023-02-18 08:05:00,debit,Zomato,Food,1386,Success,0,9244
484,A138,2023-02-18 13:14:00,debit,Croma,Electronics,14244,Success,0,-153
485,A172,2023-02-18 07:23:00,debit,Croma,Electronics,12125,Success,0,81884
486,A058,2023-02-18 22:13:00,debit,Uber,Transport,3894,Success,0,2230
487,A176,2023-02-18 01:13:00,debit,Zomato,Food,3546,Success,0,35973
488,A120,2023-02-18 01:59:00,debit,Swiggy,Food,7083,Success,0,125395
489,A006,2023-02-18 09:46:00,credit,Netflix,Entertainment,4961,Pending,0,12297
490,A071,2023-02-18 15:09:00,debit,Uber,Transport,8481,Success,0,86199
491,A045,2023-02-18 03:10:00,debit,Croma,Electronics,11209,Pending,0,-889
492,A179,2023-02-18 00:43:00,debit,Uber,Transport,41820,Success,0,152389
493,A115,2023-02-18 16:31:00,debit,Zomato,Food,12979,Success,0,275552
494,A032,2023-02-19 00:34:00,credit,Zomato,Food,7567,Success,0,126640
495,A053,2023-02-19 23:18:00,debit,Netflix,Entertainment,10712,Success,0,-2557
496,A197,2023-02-19 14:49:00,credit,Netflix,Entertainment,5613,Success,0,94243
497,A116,2023-02-19 10:15:00,debit,Netflix,Entertainment,1177,Success,0,41600
498,A167,2023-02-19 11:55:00,debit,Zomato,Food,5994,Success,0,43500
499,A114,2023-02-19 00:26:00,credit,Flipkart,Shopping,11999,Success,0,165561
500,A043,2023-02-19 16:21:00,debit,Amazon,Shopping,12384,Success,0,4173
501,A032,2023-02-19 10:02:00,debit,Netflix,Entertainment,9155,Success,0,117485
502,A045,2023-02-19 01:28:00,debit,BigBasket,Groceries,2471,Success,0,-3360
503,A113,2023-02-19 05:58:00,debit,Amazon,Shopping,14486,Success,0,112226
504,A069,2023-02-20 04:21:00,debit,Croma,Electronics,15087,Success,0,4347
505,A053,2023-02-20 17:43:00,debit,Flipkart,Shopping,5682,Success,0,-8239
506,A200,2023-02-20 16:57:00,debit,Zomato,Food,7998,Success,0,174069
507,A109,2023-02-20 11:37:00,debit,Netflix,Entertainment,3603,Success,0,29185
508,A105,2023-02-20 21:44:00,debit,Uber,Transport,6113,Success,0,22066
509,A066,2023-02-20 16:43:00,debit,Amazon,Shopping,6327,Success,0,1105
510,A060,2023-02-20 23:46:00,debit,Flipkart,Shopping,2812,Success,0,8102
511,A057,2023-02-20 05:28:00,debit,Netflix,Entertainment,651,Success,0,282181
512,A195,2023-02-20 20:07:00,debit,Swiggy,Food,7401,Success,0,5256
513,A007,2023-02-20 16:00:00,debit,Zomato,Food,4666,Success,0,14866
514,A009,2023-02-20 12:08:00,credit,Netflix,Entertainment,738,Success,0,19254
515,A195,2023-02-20 20:31:00,debit,Zomato,Food,7777,Success,0,-2521
516,A086,2023-02-20 07:04:00,credit,Netflix,Entertainment,1303,Success,0,42762
517,A171,2023-02-20 22:21:00,debit,Swiggy,Food,2346,Success,0,15554
518,A112,2023-02-20 22:03:00,debit,Croma,Electronics,6777,Success,0,22990
519,A109,2023-02-21 21:32:00,debit,Amazon,Shopping,714,Success,0,28471
520,A167,2023-02-21 05:53:00,debit,Amazon,Shopping,4077,Success,0,39423
521,A168,2023-02-21 08:45:00,debit,Zomato,Food,3080,Success,0,10421
522,A105,2023-02-21 01:15:00,debit,Uber,Transport,2498,Success,0,19568
523,A110,2023-02-21 23:43:00,credit,Netflix,Entertainment,1073,Success,0,47799
524,A084,2023-02-21 13:14:00,credit,Flipkart,Shopping,4345,Success,0,99135
525,A107,2023-02-21 07:08:00,debit,Swiggy,Food,1729,Success,0,126781
526,A047,2023-02-21 09:46:00,debit,BigBasket,Groceries,5063,Success,0,8085
527,A010,2023-02-21 01:51:00,debit,Amazon,Shopping,13893,Success,0,-25451
528,A116,2023-02-21 06:44:00,debit,Flipkart,Shopping,5294,Success,0,36306
529,A006,2023-02-21 11:19:00,debit,Zomato,Food,3660,Success,0,8637
530,A198,2023-02-21 18:55:00,debit,Croma,Electronics,7911,Success,0,174698
531,A033,2023-02-21 15:26:00,credit,BigBasket,Groceries,7847,Success,0,90195
532,A047,2023-02-22 10:59:00,debit,Croma,Electronics,4267,Success,0,3818
533,A195,2023-02-22 06:58:00,debit,Swiggy,Food,5284,Success,0,-7805
534,A180,2023-02-22 00:13:00,debit,Croma,Electronics,3156,Success,0,169938
535,A053,2023-02-22 01:02:00,debit,Flipkart,Shopping,3114,Success,0,-11353
536,A123,2023-02-22 21:00:00,credit,Swiggy,Food,5839,Success,0,39210
537,A019,2023-02-22 18:26:00,credit,Netflix,Entertainment,553,Success,0,212647
538,A167,2023-02-22 23:35:00,debit,Croma,Electronics,6011,Success,0,33412
539,A156,2023-02-22 02:09:00,debit,Swiggy,Food,1276,Failed,0,28428
540,A144,2023-02-22 04:46:00,debit,BigBasket,Groceries,2647,Success,0,12366
541,A165,2023-02-22 21:52:00,debit,Croma,Electronics,521,Success,0,31902
542,A189,2023-02-22 13:04:00,credit,Flipkart,Shopping,1790,Success,0,8205
543,A007,2023-02-22 10:14:00,debit,BigBasket,Groceries,2021,Success,0,12845
544,A024,2023-02-22 22:15:00,debit,Uber,Transport,1875,Success,0,1903
545,A073,2023-02-22 13:16:00,debit,Croma,Electronics,4491,Failed,0,28364
546,A188,2023-02-22 16:28:00,debit,Croma,Electronics,2744,Success,0,120852
547,A093,2023-02-23 21:42:00,debit,Swiggy,Food,7758,Success,0,24162
548,A175,2023-02-23 07:05:00,debit,Netflix,Entertainment,4145,Success,0,21095
549,A133,2023-02-23 01:39:00,debit,Netflix,Entertainment,1306,Success,0,109888
550,A001,2023-02-23 04:30:00,debit,Suspicious Transfer,Fraud,87267,Success,1,-65448
551,A047,2023-02-23 19:16:00,debit,Swiggy,Food,5009,Success,0,-1191
552,A195,2023-02-23 11:30:00,debit,Swiggy,Food,2216,Success,0,-10021
553,A043,2023-02-23 12:01:00,credit,Uber,Transport,1699,Success,0,5872
554,A126,2023-02-23 10:25:00,debit,BigBasket,Groceries,2842,Success,0,-170211
555,A079,2023-02-23 09:58:00,debit,Croma,Electronics,4154,Success,0,88952
556,A032,2023-02-23 00:15:00,debit,Croma,Electronics,5281,Success,0,112204
557,A164,2023-02-23 13:25:00,debit,Netflix,Entertainment,578,Success,0,41177
558,A160,2023-02-23 03:38:00,debit,Croma,Electronics,4714,Success,0,25535
559,A079,2023-02-23 22:10:00,debit,Uber,Transport,4656,Success,0,84296
560,A043,2023-02-23 05:32:00,debit,Netflix,Entertainment,3585,Success,0,2287
561,A078,2023-02-24 03:07:00,debit,Croma,Electronics,2779,Success,0,111922
562,A133,2023-02-24 00:46:00,credit,Croma,Electronics,3228,Success,0,113116
563,A042,2023-02-24 07:27:00,credit,Uber,Transport,7194,Success,0,115119
564,A160,2023-02-24 22:39:00,debit,Netflix,Entertainment,6167,Success,0,19368
565,A174,2023-02-24 16:34:00,debit,Swiggy,Food,5325,Success,0,63675
566,A141,2023-02-24 00:44:00,debit,Netflix,Entertainment,4927,Success,0,71966
567,A197,2023-02-24 21:39:00,debit,Swiggy,Food,5632,Success,0,88611
568,A107,2023-02-24 02:03:00,debit,Swiggy,Food,4275,Success,0,122506
569,A190,2023-02-24 20:42:00,debit,Amazon,Shopping,6747,Success,0,148142
570,A001,2023-02-24 22:28:00,debit,Amazon,Shopping,2677,Failed,0,-68125
571,A154,2023-02-24 03:31:00,debit,Amazon,Shopping,5693,Success,0,24091
572,A137,2023-02-24 22:44:00,credit,Netflix,Entertainment,1127,Success,0,53049
573,A099,2023-02-24 21:52:00,credit,Croma,Electronics,972,Success,0,26224
574,A092,2023-02-24 20:10:00,debit,Croma,Electronics,5919,Success,0,147342
575,A035,2023-02-25 14:13:00,debit,Zomato,Food,8568,Success,0,9203
576,A172,2023-02-25 21:22:00,debit,Netflix,Entertainment,14112,Success,0,67772
577,A177,2023-02-25 22:03:00,debit,Uber,Transport,12285,Success,0,18931
578,A162,2023-02-25 04:22:00,credit,Croma,Electronics,4156,Failed,0,8361
579,A110,2023-02-25 15:30:00,debit,BigBasket,Groceries,4763,Success,0,43036
580,A026,2023-02-25 01:10:00,debit,Amazon,Shopping,4463,Success,0,25897
581,A195,2023-02-25 13:53:00,debit,Zomato,Food,3252,Success,0,-13273
582,A042,2023-02-25 15:48:00,debit,Netflix,Entertainment,11232,Success,0,103887
583,A067,2023-02-25 09:26:00,debit,Croma,Electronics,6094,Success,0,26963
584,A055,2023-02-25 03:34:00,credit,Swiggy,Food,11095,Success,0,57599
585,A194,2023-02-26 07:36:00,credit,Uber,Transport,10865,Success,0,59219
586,A114,2023-02-26 04:31:00,credit,Zomato,Food,12409,Success,0,177970
587,A073,2023-02-26 01:50:00,debit,Uber,Transport,14296,Success,0,14068
588,A168,2023-02-26 14:23:00,debit,Flipkart,Shopping,5071,Success,0,5350
589,A026,2023-02-26 22:28:00,debit,Swiggy,Food,5084,Success,0,20813
590,A172,2023-02-26 11:35:00,debit,Amazon,Shopping,12530,Success,0,55242
591,A167,2023-02-26 05:01:00,debit,Zomato,Food,14188,Success,0,19224
592,A085,2023-02-26 23:08:00,debit,Flipkart,Shopping,14413,Success,0,15498
593,A075,2023-02-27 05:28:00,debit,BigBasket,Groceries,12429,Success,0,320066
594,A029,2023-02-27 21:48:00,debit,Amazon,Shopping,1443,Success,0,2402
595,A100,2023-02-27 14:37:00,debit,Uber,Transport,5025,Failed,0,33589
596,A003,2023-02-27 19:14:00,debit,BigBasket,Groceries,3187,Success,0,36448
597,A077,2023-02-27 18:38:00,debit,Flipkart,Shopping,7967,Success,0,21692
598,A144,2023-02-27 02:18:00,debit,Uber,Transport,4122,Success,0,8244
599,A191,2023-02-27 15:56:00,debit,Flipkart,Shopping,570,Success,0,110983
600,A005,2023-02-27 04:53:00,debit,BigBasket,Groceries,20445,Success,0,15982
601,A138,2023-02-27 03:40:00,debit,Flipkart,Shopping,7996,Success,0,-8149
602,A100,2023-02-27 17:37:00,debit,BigBasket,Groceries,4703,Success,0,28886
603,A005,2023-02-28 02:20:00,debit,Croma,Electronics,945,Success,0,15037
604,A114,2023-02-28 13:06:00,debit,BigBasket,Groceries,4015,Success,0,173955
605,A074,2023-02-28 18:57:00,debit,Zomato,Food,4087,Success,0,28567
606,A088,2023-02-28 01:03:00,debit,Flipkart,Shopping,7653,Success,0,90904
607,A156,2023-02-28 09:41:00,debit,BigBasket,Groceries,1236,Failed,0,27192
608,A086,2023-02-28 19:36:00,debit,Flipkart,Shopping,7375,Success,0,35387
609,A091,2023-02-28 21:04:00,credit,Swiggy,Food,328,Success,0,101490
610,A147,2023-02-28 04:45:00,debit,Uber,Transport,6164,Pending,0,21849
611,A013,2023-02-28 23:30:00,debit,Swiggy,Food,5660,Success,0,76847
612,A060,2023-02-28 18:36:00,debit,Swiggy,Food,3244,Success,0,4858
613,A105,2023-02-28 23:39:00,debit,Zomato,Food,3373,Success,0,16195
614,A074,2023-02-28 10:14:00,debit,BigBasket,Groceries,1084,Success,0,27483
615,A106,2023-03-01 23:47:00,credit,Salary Deposit,Income,41486,Success,0,-85536
616,A200,2023-03-01 15:09:00,credit,Salary Deposit,Income,62019,Success,0,236088
617,A186,2023-03-01 22:35:00,credit,Salary Deposit,Income,197385,Success,0,523863
618,A104,2023-03-01 04:50:00,credit,Salary Deposit,Income,90970,Success,0,166609
619,A168,2023-03-01 16:05:00,credit,Salary Deposit,Income,66438,Pending,0,71788
620,A002,2023-03-01 22:37:00,credit,Salary Deposit,Income,61125,Success,0,70366
621,A164,2023-03-01 11:03:00,credit,Salary Deposit,Income,80057,Success,0,121234
622,A158,2023-03-01 05:25:00,credit,Salary Deposit,Income,92023,Success,0,153047
623,A134,2023-03-01 14:04:00,credit,Salary Deposit,Income,143292,Success,0,305155
624,A192,2023-03-01 21:29:00,credit,Salary Deposit,Income,245649,Pending,0,375174
625,A079,2023-03-01 17:42:00,credit,Salary Deposit,Income,73305,Success,0,157601
626,A116,2023-03-01 22:13:00,credit,Salary Deposit,Income,103057,Success,0,139363
627,A082,2023-03-02 12:24:00,credit,Salary Deposit,Income,81469,Success,0,118557
628,A103,2023-03-02 04:11:00,credit,Salary Deposit,Income,186162,Success,0,168210
629,A170,2023-03-02 16:30:00,credit,Salary Deposit,Income,104433,Success,0,178495
630,A186,2023-03-02 06:23:00,credit,Salary Deposit,Income,256209,Success,0,780072
631,A193,2023-03-02 09:32:00,credit,Salary Deposit,Income,106357,Failed,0,182624
632,A040,2023-03-02 22:13:00,credit,Salary Deposit,Income,132900,Success,0,140433
633,A112,2023-03-02 07:14:00,credit,Salary Deposit,Income,118274,Success,0,141264
634,A144,2023-03-02 18:21:00,credit,Salary Deposit,Income,45542,Success,0,53786
635,A103,2023-03-02 11:31:00,credit,Salary Deposit,Income,345738,Success,0,513948
636,A031,2023-03-02 05:11:00,credit,Salary Deposit,Income,98585,Success,0,129535
637,A003,2023-03-02 23:00:00,credit,Salary Deposit,Income,113970,Success,0,150418
638,A106,2023-03-03 16:11:00,credit,Salary Deposit,Income,71686,Success,0,-13850
639,A136,2023-03-03 12:36:00,credit,Salary Deposit,Income,65924,Success,0,292678
640,A140,2023-03-03 12:00:00,credit,Salary Deposit,Income,47319,Success,0,297906
641,A117,2023-03-03 01:27:00,credit,Salary Deposit,Income,113722,Failed,0,233146
642,A072,2023-03-03 18:46:00,credit,Salary Deposit,Income,51960,Success,0,146025
643,A066,2023-03-03 13:03:00,credit,Salary Deposit,Income,36354,Success,0,37459
644,A018,2023-03-04 10:23:00,credit,Salary Deposit,Income,82793,Success,0,124220
645,A088,2023-03-04 13:31:00,credit,Salary Deposit,Income,93412,Success,0,184316
646,A151,2023-03-04 04:41:00,credit,Salary Deposit,Income,47190,Success,0,59505
647,A088,2023-03-04 22:10:00,credit,Salary Deposit,Income,84170,Success,0,268486
648,A106,2023-03-04 16:29:00,credit,Salary Deposit,Income,87524,Success,0,73674
649,A044,2023-03-04 10:39:00,credit,Salary Deposit,Income,33055,Success,0,-130961
650,A074,2023-03-04 19:24:00,credit,Salary Deposit,Income,108828,Success,0,136311
651,A077,2023-03-04 07:01:00,credit,Salary Deposit,Income,31708,Success,0,53400
652,A026,2023-03-04 07:56:00,credit,Salary Deposit,Income,85565,Success,0,106378
653,A135,2023-03-04 13:39:00,credit,Salary Deposit,Income,112287,Success,0,123941
654,A039,2023-03-04 13:52:00,credit,Salary Deposit,Income,52897,Failed,0,98704
655,A106,2023-03-04 14:59:00,credit,Salary Deposit,Income,69389,Success,0,143063
656,A031,2023-03-04 03:52:00,credit,Salary Deposit,Income,56275,Success,0,185810
657,A059,2023-03-04 18:17:00,credit,Salary Deposit,Income,58460,Success,0,134122
658,A045,2023-03-05 14:57:00,credit,Salary Deposit,Income,83032,Success,0,79672
659,A101,2023-03-05 23:52:00,credit,Salary Deposit,Income,99918,Success,0,112584
660,A078,2023-03-05 04:08:00,credit,Salary Deposit,Income,50291,Success,0,162213
661,A025,2023-03-05 11:38:00,credit,Salary Deposit,Income,74297,Success,0,205407
662,A029,2023-03-05 03:42:00,credit,Salary Deposit,Income,85842,Success,0,88244
663,A148,2023-03-05 19:56:00,credit,Salary Deposit,Income,77333,Pending,0,140905
664,A047,2023-03-05 09:35:00,credit,Salary Deposit,Income,40503,Success,0,39312
665,A136,2023-03-06 22:34:00,debit,Croma,Electronics,3079,Success,0,289599
666,A194,2023-03-06 05:48:00,debit,Flipkart,Shopping,1928,Success,0,57291
667,A129,2023-03-06 06:52:00,debit,Suspicious Transfer,Fraud,175742,Success,1,-5037
668,A041,2023-03-06 18:18:00,debit,Zomato,Food,6007,Success,0,52872
669,A065,2023-03-06 05:12:00,debit,Croma,Electronics,6415,Success,0,126762
670,A085,2023-03-06 21:27:00,credit,Flipkart,Shopping,950,Success,0,16448
671,A089,2023-03-06 03:59:00,debit,Swiggy,Food,3142,Success,0,217992
672,A126,2023-03-06 16:12:00,debit,Zomato,Food,6896,Success,0,-177107
673,A106,2023-03-06 20:43:00,credit,Netflix,Entertainment,7194,Success,0,150257
674,A113,2023-03-07 23:20:00,debit,Swiggy,Food,5637,Success,0,106589
675,A147,2023-03-07 07:22:00,debit,Zomato,Food,2447,Success,0,19402
676,A043,2023-03-07 17:07:00,debit,Flipkart,Shopping,2352,Success,0,-65
677,A012,2023-03-07 13:42:00,debit,Uber,Transport,6887,Success,0,42367
678,A063,2023-03-07 10:31:00,debit,Croma,Electronics,7611,Success,0,112757
679,A006,2023-03-07 17:27:00,debit,Croma,Electronics,4400,Success,0,4237
680,A148,2023-03-08 06:14:00,debit,Netflix,Entertainment,2797,Success,0,138108
681,A081,2023-03-08 22:21:00,debit,Flipkart,Shopping,3636,Success,0,-12577
682,A174,2023-03-08 00:05:00,debit,Croma,Electronics,680,Success,0,62995
683,A110,2023-03-08 10:51:00,debit,Uber,Transport,5021,Success,0,38015
684,A138,2023-03-08 03:40:00,debit,Uber,Transport,6673,Success,0,-14822
685,A179,2023-03-08 05:43:00,debit,Zomato,Food,13689,Success,0,138700
686,A003,2023-03-08 20:55:00,debit,BigBasket,Groceries,6741,Success,0,143677
687,A061,2023-03-09 02:39:00,debit,BigBasket,Groceries,1184,Success,0,118989
688,A029,2023-03-09 04:54:00,credit,Uber,Transport,7797,Success,0,96041
689,A181,2023-03-09 10:16:00,debit,Croma,Electronics,5087,Success,0,-7102
690,A061,2023-03-09 21:31:00,debit,Swiggy,Food,3544,Success,0,115445
691,A103,2023-03-09 02:31:00,debit,Swiggy,Food,23373,Success,0,490575
692,A131,2023-03-09 08:34:00,debit,BigBasket,Groceries,17769,Success,0,-5853
693,A004,2023-03-09 00:39:00,debit,Flipkart,Shopping,2208,Success,0,111732
694,A031,2023-03-09 07:34:00,debit,Swiggy,Food,4784,Success,0,181026
695,A039,2023-03-09 01:04:00,debit,Swiggy,Food,4380,Success,0,94324
696,A038,2023-03-09 19:52:00,debit,Croma,Electronics,1828,Pending,0,39993
697,A120,2023-03-10 00:11:00,debit,BigBasket,Groceries,1048,Success,0,124347
698,A065,2023-03-10 19:02:00,debit,Croma,Electronics,511,Pending,0,126251
699,A061,2023-03-10 06:57:00,credit,Amazon,Shopping,6769,Success,0,122214
700,A021,2023-03-10 20:11:00,debit,Amazon,Shopping,7677,Success,0,-33007
701,A170,2023-03-10 11:54:00,debit,BigBasket,Groceries,753,Success,0,177742
702,A133,2023-03-10 09:32:00,debit,Netflix,Entertainment,1282,Success,0,111834
703,A014,2023-03-10 15:35:00,debit,Flipkart,Shopping,954,Success,0,27912
704,A093,2023-03-10 03:43:00,credit,BigBasket,Groceries,7733,Success,0,31895
705,A093,2023-03-10 16:47:00,debit,Flipkart,Shopping,4272,Pending,0,27623
706,A157,2023-03-10 20:36:00,debit,Flipkart,Shopping,7300,Success,0,91471
707,A153,2023-03-11 02:00:00,debit,Croma,Electronics,8721,Success,0,17655
708,A109,2023-03-11 06:49:00,debit,BigBasket,Groceries,4982,Failed,0,23489
709,A087,2023-03-11 07:05:00,debit,Swiggy,Food,8519,Success,0,104217
710,A184,2023-03-11 01:17:00,debit,Flipkart,Shopping,1178,Success,0,65501
711,A095,2023-03-11 04:44:00,debit,BigBasket,Groceries,14366,Success,0,119299
712,A155,2023-03-11 15:35:00,debit,Swiggy,Food,5803,Success,0,41258
713,A187,2023-03-11 07:18:00,debit,Netflix,Entertainment,6911,Success,0,18728
714,A158,2023-03-11 14:40:00,debit,Croma,Electronics,9814,Success,0,143233
715,A043,2023-03-11 06:17:00,credit,Amazon,Shopping,2529,Success,0,2464
716,A120,2023-03-11 06:06:00,debit,Flipkart,Shopping,13797,Success,0,110550
717,A161,2023-03-11 22:18:00,debit,Uber,Transport,7845,Success,0,15569
718,A181,2023-03-11 18:46:00,debit,BigBasket,Groceries,5044,Success,0,-12146
719,A148,2023-03-11 09:11:00,debit,Netflix,Entertainment,1490,Success,0,136618
720,A090,2023-03-11 07:50:00,debit,Uber,Transport,12708,Success,0,219831
721,A094,2023-03-11 02:38:00,debit,Netflix,Entertainment,12068,Failed,0,3969
722,A185,2023-03-12 20:47:00,debit,Swiggy,Food,11864,Success,0,-2620
723,A001,2023-03-12 06:51:00,debit,Suspicious Transfer,Fraud,129074,Success,1,-197199
724,A157,2023-03-12 12:33:00,debit,BigBasket,Groceries,6905,Success,0,84566
725,A032,2023-03-12 14:29:00,debit,BigBasket,Groceries,1052,Success,0,111152
726,A091,2023-03-12 16:22:00,debit,Flipkart,Shopping,1418,Success,0,100072
727,A046,2023-03-12 01:27:00,debit,Flipkart,Shopping,9483,Success,0,-2661
728,A133,2023-03-12 10:47:00,debit,Uber,Transport,8666,Success,0,103168
729,A167,2023-03-12 13:20:00,debit,Uber,Transport,7710,Success,0,11514
730,A053,2023-03-12 13:11:00,debit,Suspicious Transfer,Fraud,173728,Success,1,-185081
731,A161,2023-03-12 03:50:00,debit,Flipkart,Shopping,12681,Success,0,2888
732,A008,2023-03-12 10:19:00,debit,Swiggy,Food,4190,Pending,0,132603
733,A154,2023-03-12 06:58:00,debit,Swiggy,Food,13540,Success,0,10551
734,A019,2023-03-13 05:30:00,debit,Amazon,Shopping,4585,Success,0,208062
735,A037,2023-03-13 00:13:00,debit,Swiggy,Food,3101,Success,0,142885
736,A104,2023-03-13 16:53:00,credit,Zomato,Food,5569,Success,0,172178
737,A144,2023-03-13 21:02:00,debit,Amazon,Shopping,6412,Success,0,47374
738,A085,2023-03-13 14:27:00,debit,Croma,Electronics,5359,Success,0,11089
739,A187,2023-03-13 04:25:00,credit,Croma,Electronics,5532,Success,0,24260
740,A009,2023-03-13 07:33:00,debit,Amazon,Shopping,7280,Pending,0,11974
741,A070,2023-03-13 14:51:00,debit,Zomato,Food,6443,Success,0,113859
742,A192,2023-03-13 14:54:00,credit,Flipkart,Shopping,8760,Success,0,383934
743,A058,2023-03-13 08:58:00,debit,Zomato,Food,1139,Success,0,1091
744,A046,2023-03-14 07:34:00,debit,Amazon,Shopping,6978,Success,0,-9639
745,A189,2023-03-14 14:14:00,credit,Netflix,Entertainment,4436,Success,0,12641
746,A129,2023-03-14 15:39:00,credit,Croma,Electronics,4461,Success,0,-576
747,A092,2023-03-14 21:40:00,debit,Flipkart,Shopping,3207,Success,0,144135
748,A046,2023-03-14 11:40:00,debit,Amazon,Shopping,7410,Success,0,-17049
749,A049,2023-03-14 03:26:00,debit,Uber,Transport,3958,Success,0,104564
750,A157,2023-03-14 16:18:00,debit,Amazon,Shopping,6569,Success,0,77997
751,A106,2023-03-14 19:06:00,debit,Swiggy,Food,5468,Success,0,144789
752,A045,2023-03-14 15:42:00,credit,Uber,Transport,4671,Success,0,84343
753,A071,2023-03-14 14:30:00,debit,Zomato,Food,4949,Success,0,81250
754,A106,2023-03-14 08:55:00,debit,Netflix,Entertainment,4121,Pending,0,140668
755,A059,2023-03-14 21:39:00,debit,Croma,Electronics,5114,Success,0,129008
756,A031,2023-03-14 02:04:00,credit,BigBasket,Groceries,3823,Success,0,184849
757,A085,2023-03-15 00:49:00,credit,Netflix,Entertainment,6907,Success,0,17996
758,A040,2023-03-15 17:52:00,debit,Uber,Transport,9696,Success,0,130737
759,A052,2023-03-15 17:54:00,debit,Netflix,Entertainment,7135,Success,0,79391
760,A087,2023-03-15 09:54:00,debit,Amazon,Shopping,537,Success,0,103680
761,A058,2023-03-15 12:31:00,debit,Swiggy,Food,1431,Success,0,-340
762,A135,2023-03-15 15:08:00,debit,Amazon,Shopping,4383,Success,0,119558
763,A068,2023-03-16 06:13:00,debit,Zomato,Food,4185,Success,0,110568
764,A003,2023-03-16 19:53:00,debit,Netflix,Entertainment,1050,Failed,0,142627
765,A074,2023-03-16 04:31:00,debit,Croma,Electronics,1451,Success,0,134860
766,A073,2023-03-16 09:27:00,debit,Amazon,Shopping,527,Success,0,13541
767,A174,2023-03-16 02:54:00,debit,Netflix,Entertainment,2702,Success,0,60293
768,A114,2023-03-16 05:50:00,credit,Croma,Electronics,3679,Failed,0,177634
769,A186,2023-03-16 20:40:00,credit,Croma,Electronics,10137,Success,0,790209
770,A056,2023-03-16 03:00:00,credit,Croma,Electronics,23583,Success,0,15053
771,A084,2023-03-17 11:43:00,debit,Croma,Electronics,3929,Success,0,95206
772,A097,2023-03-17 10:38:00,debit,Zomato,Food,3882,Success,0,60986
773,A070,2023-03-17 02:45:00,debit,Uber,Transport,5272,Success,0,108587
774,A143,2023-03-17 00:58:00,debit,BigBasket,Groceries,17184,Success,0,-3726
775,A017,2023-03-17 19:06:00,debit,Amazon,Shopping,5517,Pending,0,61747
776,A175,2023-03-18 00:28:00,debit,BigBasket,Groceries,1011,Success,0,20084
777,A058,2023-03-18 08:33:00,credit,Zomato,Food,11035,Success,0,10695
778,A158,2023-03-18 20:26:00,debit,Flipkart,Shopping,9027,Success,0,134206
779,A115,2023-03-18 20:39:00,credit,BigBasket,Groceries,5392,Success,0,280944
780,A022,2023-03-18 16:25:00,debit,Amazon,Shopping,12282,Success,0,5566
781,A036,2023-03-18 03:28:00,debit,Netflix,Entertainment,11837,Success,0,5986
782,A032,2023-03-18 14:41:00,debit,Uber,Transport,11085,Success,0,100067
783,A068,2023-03-18 15:40:00,debit,Croma,Electronics,11393,Success,0,99175
784,A195,2023-03-18 11:57:00,credit,Flipkart,Shopping,4187,Success,0,-9086
785,A091,2023-03-18 17:01:00,debit,Netflix,Entertainment,11053,Failed,0,89019
786,A142,2023-03-18 05:13:00,debit,Flipkart,Shopping,11050,Success,0,2869
787,A106,2023-03-18 04:05:00,credit,Amazon,Shopping,11358,Success,0,152026
788,A187,2023-03-18 11:35:00,debit,Flipkart,Shopping,7090,Success,0,17170
789,A070,2023-03-18 11:10:00,debit,Uber,Transport,1925,Success,0,106662
790,A199,2023-03-18 23:02:00,credit,BigBasket,Groceries,8166,Success,0,27192
791,A200,2023-03-19 12:09:00,credit,Croma,Electronics,1605,Success,0,237693
792,A191,2023-03-19 06:39:00,debit,Croma,Electronics,3858,Pending,0,107125
793,A042,2023-03-19 12:28:00,credit,Uber,Transport,11595,Success,0,115482
794,A120,2023-03-19 03:43:00,debit,Zomato,Food,1417,Success,0,109133
795,A009,2023-03-19 17:27:00,credit,BigBasket,Groceries,5237,Success,0,17211
796,A200,2023-03-19 00:02:00,credit,BigBasket,Groceries,3056,Success,0,240749
797,A013,2023-03-19 10:28:00,debit,Amazon,Shopping,9590,Success,0,67257
798,A126,2023-03-19 03:05:00,credit,Zomato,Food,12177,Success,0,-164930
799,A190,2023-03-19 19:08:00,credit,Netflix,Entertainment,8370,Success,0,156512
800,A124,2023-03-19 07:17:00,debit,Netflix,Entertainment,5262,Success,0,-9312
801,A096,2023-03-19 23:58:00,credit,Amazon,Shopping,1387,Success,0,250775
802,A189,2023-03-19 23:01:00,debit,Flipkart,Shopping,13688,Success,0,-1047
803,A129,2023-03-19 04:37:00,credit,Croma,Electronics,13663,Success,0,13087
804,A175,2023-03-20 13:29:00,debit,Croma,Electronics,5775,Success,0,14309
805,A133,2023-03-20 01:29:00,debit,Suspicious Transfer,Fraud,99224,Success,1,3944
806,A038,2023-03-20 05:59:00,debit,Amazon,Shopping,2527,Success,0,37466
807,A046,2023-03-20 16:41:00,debit,Zomato,Food,6063,Success,0,-23112
808,A197,2023-03-20 20:08:00,debit,Amazon,Shopping,1139,Success,0,87472
809,A092,2023-03-20 12:26:00,debit,BigBasket,Groceries,2485,Success,0,141650
810,A150,2023-03-20 11:59:00,debit,Swiggy,Food,1760,Success,0,17670
811,A196,2023-03-20 09:09:00,debit,BigBasket,Groceries,2817,Success,0,40316
812,A087,2023-03-20 01:34:00,debit,Amazon,Shopping,1920,Success,0,101760
813,A046,2023-03-20 03:37:00,debit,Netflix,Entertainment,2233,Success,0,-25345
814,A128,2023-03-21 09:31:00,debit,Swiggy,Food,4317,Success,0,115783
815,A072,2023-03-21 13:50:00,debit,Croma,Electronics,4248,Failed,0,141777
816,A142,2023-03-21 15:51:00,debit,Croma,Electronics,7177,Success,0,-4308
817,A080,2023-03-21 08:09:00,credit,Zomato,Food,1423,Success,0,17471
818,A187,2023-03-21 17:18:00,debit,Croma,Electronics,5524,Pending,0,11646
819,A182,2023-03-21 13:27:00,debit,Amazon,Shopping,1971,Success,0,10727
820,A184,2023-03-22 17:37:00,credit,BigBasket,Groceries,4242,Success,0,69743
821,A041,2023-03-22 23:16:00,debit,Swiggy,Food,2728,Success,0,50144
822,A173,2023-03-22 02:55:00,debit,Uber,Transport,4641,Success,0,147219
823,A129,2023-03-22 00:44:00,debit,Netflix,Entertainment,3683,Success,0,9404
824,A194,2023-03-22 05:44:00,debit,Swiggy,Food,1362,Success,0,55929
825,A076,2023-03-22 12:16:00,debit,Zomato,Food,2276,Success,0,59257
826,A047,2023-03-22 08:23:00,debit,Uber,Transport,6921,Success,0,32391
827,A197,2023-03-22 03:54:00,debit,Flipkart,Shopping,3870,Success,0,83602
828,A034,2023-03-22 01:02:00,debit,Croma,Electronics,22257,Success,0,106053
829,A121,2023-03-22 03:50:00,debit,Zomato,Food,1597,Success,0,30476
830,A199,2023-03-22 09:39:00,credit,Netflix,Entertainment,5784,Success,0,32976
831,A041,2023-03-22 20:15:00,debit,Croma,Electronics,6239,Success,0,43905
832,A015,2023-03-22 13:56:00,debit,BigBasket,Groceries,1702,Success,0,9876
833,A030,2023-03-22 20:27:00,debit,Uber,Transport,6984,Success,0,8427
834,A030,2023-03-23 18:03:00,debit,Zomato,Food,6607,Pending,0,1820
835,A023,2023-03-23 20:30:00,debit,Flipkart,Shopping,554,Success,0,215173
836,A056,2023-03-23 19:58:00,credit,Uber,Transport,12444,Success,0,27497
837,A173,2023-03-23 12:07:00,debit,Croma,Electronics,4601,Success,0,142618
838,A056,2023-03-23 20:11:00,debit,Uber,Transport,8709,Success,0,18788
839,A144,2023-03-23 22:17:00,debit,Zomato,Food,7496,Success,0,39878
840,A188,2023-03-23 19:52:00,credit,Netflix,Entertainment,3713,Success,0,124565
841,A194,2023-03-23 09:43:00,debit,Amazon,Shopping,3546,Success,0,52383
842,A115,2023-03-23 11:00:00,credit,Swiggy,Food,7168,Success,0,288112
843,A167,2023-03-23 00:04:00,debit,Amazon,Shopping,2403,Success,0,9111
844,A122,2023-03-24 21:56:00,debit,Croma,Electronics,1800,Success,0,1076
845,A039,2023-03-24 12:13:00,debit,BigBasket,Groceries,1359,Success,0,92965
846,A063,2023-03-24 00:22:00,debit,Zomato,Food,3278,Success,0,109479
847,A016,2023-03-24 10:19:00,debit,Flipkart,Shopping,4612,Success,0,13825
848,A144,2023-03-24 14:33:00,debit,Croma,Electronics,3714,Success,0,36164
849,A022,2023-03-24 02:02:00,debit,Amazon,Shopping,5245,Success,0,321
850,A049,2023-03-24 09:51:00,debit,Zomato,Food,7891,Success,0,96673
851,A118,2023-03-24 10:27:00,debit,Swiggy,Food,2461,Success,0,32702
852,A077,2023-03-24 17:44:00,debit,Flipkart,Shopping,5634,Success,0,47766
853,A127,2023-03-24 22:56:00,debit,Netflix,Entertainment,3836,Success,0,-10592
854,A056,2023-03-24 23:39:00,debit,Swiggy,Food,12753,Success,0,6035
855,A132,2023-03-24 01:55:00,credit,Croma,Electronics,2971,Success,0,11974
856,A101,2023-03-25 14:00:00,debit,Flipkart,Shopping,12694,Pending,0,99890
857,A149,2023-03-25 10:54:00,debit,Amazon,Shopping,1342,Success,0,30414
858,A158,2023-03-25 04:25:00,debit,Zomato,Food,6429,Success,0,127777
859,A045,2023-03-25 00:53:00,debit,Amazon,Shopping,7649,Success,0,76694
860,A062,2023-03-25 05:29:00,credit,Croma,Electronics,11096,Pending,0,195117
861,A152,2023-03-25 21:33:00,debit,Uber,Transport,24750,Success,0,24739
862,A184,2023-03-25 03:31:00,credit,Croma,Electronics,12542,Success,0,82285
863,A062,2023-03-25 14:49:00,debit,Amazon,Shopping,8179,Failed,0,186938
864,A140,2023-03-25 14:39:00,debit,Netflix,Entertainment,6438,Success,0,291468
865,A199,2023-03-25 01:48:00,debit,Zomato,Food,1466,Success,0,31510
866,A100,2023-03-25 18:05:00,debit,Suspicious Transfer,Fraud,170308,Success,1,-141422
867,A011,2023-03-25 02:41:00,credit,Uber,Transport,4994,Success,0,11795
868,A074,2023-03-25 15:29:00,debit,Croma,Electronics,8672,Success,0,126188
869,A148,2023-03-26 12:29:00,debit,Amazon,Shopping,8162,Success,0,128456
870,A076,2023-03-26 16:44:00,debit,Uber,Transport,7227,Success,0,52030
871,A096,2023-03-26 03:18:00,debit,BigBasket,Groceries,5965,Success,0,244810
872,A030,2023-03-26 08:41:00,debit,Suspicious Transfer,Fraud,194163,Success,1,-192343
873,A096,2023-03-26 08:59:00,debit,Uber,Transport,1991,Success,0,242819
874,A182,2023-03-26 19:41:00,debit,Flipkart,Shopping,14500,Success,0,-3773
875,A101,2023-03-26 16:49:00,debit,Zomato,Food,6637,Success,0,93253
876,A091,2023-03-26 17:37:00,debit,Netflix,Entertainment,13133,Success,0,75886
877,A119,2023-03-26 06:01:00,debit,Amazon,Shopping,1331,Success,0,50445
878,A143,2023-03-26 08:56:00,debit,Amazon,Shopping,36981,Success,0,-40707
879,A088,2023-03-26 11:11:00,debit,Croma,Electronics,3303,Success,0,265183
880,A158,2023-03-26 10:55:00,credit,Flipkart,Shopping,8058,Success,0,135835
881,A141,2023-03-26 21:24:00,debit,Croma,Electronics,6724,Success,0,65242
882,A041,2023-03-27 03:55:00,debit,Swiggy,Food,1675,Success,0,42230
883,A038,2023-03-27 10:15:00,debit,Amazon,Shopping,2936,Pending,0,34530
884,A163,2023-03-27 17:15:00,debit,Amazon,Shopping,2055,Success,0,2735
885,A046,2023-03-27 18:44:00,debit,Croma,Electronics,4367,Success,0,-29712
886,A180,2023-03-27 00:09:00,debit,Flipkart,Shopping,4139,Success,0,165799
887,A125,2023-03-27 04:17:00,credit,Zomato,Food,6652,Success,0,220650
888,A191,2023-03-27 04:17:00,debit,Zomato,Food,3511,Success,0,103614
889,A064,2023-03-27 23:40:00,debit,Croma,Electronics,4335,Failed,0,149111
890,A071,2023-03-27 23:17:00,debit,Zomato,Food,7977,Success,0,73273
891,A194,2023-03-27 01:28:00,debit,Netflix,Entertainment,1587,Success,0,50796
892,A148,2023-03-27 15:01:00,debit,Swiggy,Food,5951,Success,0,122505
893,A020,2023-03-27 16:25:00,debit,Netflix,Entertainment,5889,Success,0,25767
894,A194,2023-03-27 20:15:00,debit,Flipkart,Shopping,4679,Success,0,46117
895,A103,2023-03-27 07:08:00,debit,BigBasket,Groceries,9024,Success,0,481551
896,A141,2023-03-28 12:07:00,credit,Uber,Transport,5656,Success,0,70898
897,A144,2023-03-28 05:22:00,debit,Amazon,Shopping,3052,Success,0,33112
898,A150,2023-03-28 04:52:00,credit,Croma,Electronics,1550,Success,0,19220
899,A033,2023-03-28 07:04:00,debit,Netflix,Entertainment,5516,Success,0,84679
900,A062,2023-03-28 10:23:00,debit,Suspicious Transfer,Fraud,184672,Failed,1,2266
901,A152,2023-03-28 10:55:00,credit,Croma,Electronics,20166,Success,0,44905
902,A070,2023-03-28 03:21:00,credit,Uber,Transport,450,Success,0,107112
903,A086,2023-03-28 12:51:00,debit,Croma,Electronics,4430,Success,0,30957
904,A079,2023-03-29 23:15:00,debit,Uber,Transport,1345,Success,0,156256
905,A179,2023-03-29 20:56:00,credit,Flipkart,Shopping,13926,Success,0,152626
906,A041,2023-03-29 01:29:00,debit,Amazon,Shopping,7424,Success,0,34806
907,A027,2023-03-29 08:33:00,debit,BigBasket,Groceries,3385,Success,0,9211
908,A077,2023-03-29 06:34:00,debit,Uber,Transport,1529,Success,0,46237
909,A054,2023-03-30 06:17:00,debit,Croma,Electronics,6196,Success,0,127908
910,A141,2023-03-30 07:18:00,credit,Flipkart,Shopping,6119,Success,0,77017
911,A171,2023-03-30 16:45:00,debit,Croma,Electronics,1189,Success,0,14365
912,A031,2023-03-30 06:35:00,debit,Amazon,Shopping,6392,Success,0,178457
913,A190,2023-03-30 13:47:00,debit,BigBasket,Groceries,570,Success,0,155942
914,A160,2023-03-30 19:52:00,debit,Netflix,Entertainment,6460,Success,0,12908
915,A031,2023-03-30 08:50:00,credit,Amazon,Shopping,3591,Success,0,182048
916,A172,2023-03-31 19:20:00,debit,Netflix,Entertainment,7040,Success,0,48202
917,A024,2023-03-31 19:47:00,debit,Flipkart,Shopping,22674,Success,0,-20771
918,A080,2023-03-31 00:26:00,debit,Uber,Transport,3864,Success,0,13607
919,A142,2023-03-31 10:07:00,debit,BigBasket,Groceries,6054,Success,0,-10362
920,A123,2023-03-31 23:49:00,credit,Uber,Transport,5946,Success,0,45156
921,A081,2023-03-31 20:19:00,debit,BigBasket,Groceries,15492,Failed,0,-28069
922,A181,2023-03-31 01:29:00,debit,Zomato,Food,1914,Success,0,-14060
923,A160,2023-03-31 22:38:00,credit,Netflix,Entertainment,884,Success,0,13792
924,A087,2023-03-31 22:36:00,debit,Amazon,Shopping,3262,Success,0,98498
925,A158,2023-03-31 10:49:00,debit,Netflix,Entertainment,7175,Success,0,128660
926,A041,2023-03-31 06:57:00,credit,Flipkart,Shopping,1428,Success,0,36234
927,A052,2023-03-31 19:57:00,debit,BigBasket,Groceries,1728,Success,0,77663
928,A175,2023-03-31 08:43:00,debit,Croma,Electronics,6717,Success,0,7592
929,A017,2023-04-01 14:11:00,credit,Salary Deposit,Income,59944,Success,0,121691
930,A049,2023-04-01 08:23:00,credit,Salary Deposit,Income,115092,Success,0,211765
931,A106,2023-04-01 08:53:00,credit,Salary Deposit,Income,52280,Success,0,204306
932,A139,2023-04-01 07:17:00,credit,Salary Deposit,Income,42870,Success,0,134738
933,A177,2023-04-01 19:51:00,credit,Salary Deposit,Income,62056,Success,0,80987
934,A132,2023-04-01 05:19:00,credit,Salary Deposit,Income,54452,Success,0,66426
935,A164,2023-04-01 05:26:00,credit,Salary Deposit,Income,110028,Success,0,231262
936,A166,2023-04-02 08:12:00,credit,Salary Deposit,Income,38345,Failed,0,81837
937,A019,2023-04-02 07:01:00,credit,Salary Deposit,Income,34949,Failed,0,243011
938,A195,2023-04-02 22:30:00,credit,Salary Deposit,Income,57771,Success,0,48685
939,A050,2023-04-02 18:05:00,credit,Salary Deposit,Income,70206,Success,0,96600
940,A190,2023-04-02 14:23:00,credit,Salary Deposit,Income,65484,Success,0,221426
941,A127,2023-04-03 22:05:00,credit,Salary Deposit,Income,98306,Success,0,87714
942,A195,2023-04-03 21:16:00,credit,Salary Deposit,Income,82526,Success,0,131211
943,A021,2023-04-03 06:44:00,credit,Salary Deposit,Income,65622,Success,0,32615
944,A047,2023-04-03 22:08:00,credit,Salary Deposit,Income,115876,Success,0,148267
945,A025,2023-04-03 19:14:00,credit,Salary Deposit,Income,49040,Success,0,254447
946,A081,2023-04-03 05:00:00,credit,Salary Deposit,Income,228867,Success,0,200798
947,A136,2023-04-04 12:40:00,credit,Salary Deposit,Income,43641,Success,0,333240
948,A041,2023-04-04 01:42:00,credit,Salary Deposit,Income,39345,Success,0,75579
949,A120,2023-04-04 23:56:00,credit,Salary Deposit,Income,106124,Success,0,215257
950,A070,2023-04-04 14:00:00,credit,Salary Deposit,Income,98087,Success,0,205199
951,A124,2023-04-04 04:55:00,credit,Salary Deposit,Income,106887,Success,0,97575
952,A054,2023-04-04 01:51:00,credit,Salary Deposit,Income,94064,Success,0,221972
953,A066,2023-04-05 21:10:00,credit,Salary Deposit,Income,81462,Success,0,118921
954,A005,2023-04-05 13:48:00,credit,Salary Deposit,Income,342342,Success,0,357379
955,A152,2023-04-05 11:06:00,credit,Salary Deposit,Income,238701,Success,0,283606
956,A006,2023-04-05 22:16:00,credit,Salary Deposit,Income,117787,Success,0,122024
957,A118,2023-04-05 01:29:00,credit,Salary Deposit,Income,103372,Success,0,136074
958,A036,2023-04-06 05:03:00,debit,BigBasket,Groceries,1187,Success,0,4799
959,A123,2023-04-06 08:27:00,debit,BigBasket,Groceries,329,Failed,0,44827
960,A156,2023-04-06 08:52:00,credit,BigBasket,Groceries,3669,Success,0,30861
961,A002,2023-04-06 04:15:00,credit,Amazon,Shopping,5920,Success,0,76286
962,A131,2023-04-06 16:49:00,debit,Amazon,Shopping,14196,Success,0,-20049
963,A025,2023-04-06 03:38:00,debit,Netflix,Entertainment,7325,Success,0,247122
964,A168,2023-04-06 10:59:00,debit,Croma,Electronics,2834,Failed,0,68954
965,A066,2023-04-06 19:46:00,debit,Amazon,Shopping,7004,Success,0,111917
966,A023,2023-04-06 10:46:00,credit,Croma,Electronics,3221,Failed,0,218394
967,A173,2023-04-06 23:29:00,debit,Croma,Electronics,786,Success,0,141832
968,A169,2023-04-06 14:08:00,debit,Zomato,Food,4386,Success,0,12922
969,A017,2023-04-06 12:45:00,debit,Croma,Electronics,5390,Success,0,116301
970,A116,2023-04-07 13:21:00,debit,BigBasket,Groceries,7480,Success,0,131883
971,A158,2023-04-07 17:46:00,debit,Croma,Electronics,4359,Success,0,124301
972,A010,2023-04-07 13:11:00,debit,Zomato,Food,5628,Success,0,-31079
973,A012,2023-04-07 06:36:00,credit,Croma,Electronics,2502,Failed,0,44869
974,A124,2023-04-07 14:39:00,debit,Netflix,Entertainment,4618,Success,0,92957
975,A099,2023-04-07 02:20:00,credit,BigBasket,Groceries,4938,Success,0,31162
976,A064,2023-04-07 15:26:00,debit,Zomato,Food,1044,Success,0,148067
977,A184,2023-04-07 12:17:00,debit,Amazon,Shopping,7686,Success,0,74599
978,A103,2023-04-07 18:04:00,credit,Flipkart,Shopping,18537,Success,0,500088
979,A178,2023-04-07 07:03:00,credit,BigBasket,Groceries,5484,Success,0,49953
980,A126,2023-04-07 13:02:00,debit,Zomato,Food,2817,Success,0,-167747
981,A152,2023-04-07 18:39:00,debit,Zomato,Food,16518,Success,0,267088
982,A057,2023-04-08 09:48:00,debit,Swiggy,Food,11742,Success,0,270439
983,A003,2023-04-08 18:44:00,debit,Amazon,Shopping,11061,Pending,0,131566
984,A134,2023-04-08 09:57:00,debit,Croma,Electronics,18276,Success,0,286879
985,A140,2023-04-08 09:02:00,debit,Swiggy,Food,11079,Success,0,280389
986,A046,2023-04-08 08:30:00,debit,Swiggy,Food,11537,Success,0,-41249
987,A044,2023-04-08 17:06:00,debit,Flipkart,Shopping,13882,Success,0,-144843
988,A116,2023-04-08 03:18:00,debit,Croma,Electronics,6402,Success,0,125481
989,A165,2023-04-08 10:29:00,credit,Zomato,Food,14521,Success,0,46423
990,A147,2023-04-08 12:21:00,debit,Netflix,Entertainment,3627,Success,0,15775
991,A179,2023-04-08 15:40:00,credit,Uber,Transport,32706,Success,0,185332
992,A089,2023-04-08 09:51:00,debit,BigBasket,Groceries,9637,Failed,0,208355
993,A012,2023-04-08 23:04:00,debit,Uber,Transport,9864,Success,0,35005
994,A081,2023-04-08 18:09:00,credit,Amazon,Shopping,19533,Success,0,220331
995,A187,2023-04-08 15:06:00,debit,Zomato,Food,4405,Success,0,7241
996,A004,2023-04-08 21:01:00,debit,Amazon,Shopping,2385,Success,0,109347
997,A058,2023-04-09 05:34:00,debit,Croma,Electronics,6416,Success,0,4279
998,A007,2023-04-09 08:41:00,credit,Amazon,Shopping,11530,Success,0,24375
999,A066,2023-04-09 08:09:00,debit,Croma,Electronics,2548,Success,0,109369
1000,A102,2023-04-09 01:36:00,debit,BigBasket,Groceries,11906,Success,0,-3269
1001,A023,2023-04-09 08:40:00,debit,Croma,Electronics,4900,Success,0,213494
1002,A182,2023-04-09 15:26:00,debit,Flipkart,Shopping,12537,Success,0,-16310
1003,A009,2023-04-09 13:01:00,debit,Netflix,Entertainment,7132,Success,0,10079
1004,A072,2023-04-09 14:31:00,debit,Flipkart,Shopping,11829,Success,0,129948
1005,A166,2023-04-10 21:14:00,debit,Swiggy,Food,4118,Success,0,77719
1006,A115,2023-04-10 19:28:00,debit,Swiggy,Food,3360,Success,0,284752
1007,A046,2023-04-10 10:42:00,debit,Zomato,Food,4024,Success,0,-45273
1008,A026,2023-04-10 04:50:00,credit,Amazon,Shopping,2646,Success,0,109024
1009,A107,2023-04-10 16:17:00,debit,Flipkart,Shopping,6413,Failed,0,116093
1010,A100,2023-04-10 15:17:00,credit,Croma,Electronics,3248,Success,0,-138174
1011,A155,2023-04-10 22:42:00,debit,BigBasket,Groceries,6434,Success,0,34824
1012,A170,2023-04-10 03:10:00,debit,Uber,Transport,3738,Success,0,174004
1013,A056,2023-04-10 08:59:00,debit,Amazon,Shopping,6609,Success,0,-574
1014,A077,2023-04-10 20:14:00,debit,Amazon,Shopping,3759,Pending,0,42478
1015,A120,2023-04-10 11:57:00,debit,Zomato,Food,5720,Success,0,209537
1016,A028,2023-04-10 05:53:00,debit,Amazon,Shopping,4335,Success,0,93733
1017,A147,2023-04-10 03:49:00,debit,BigBasket,Groceries,7520,Success,0,8255
1018,A032,2023-04-10 12:05:00,debit,BigBasket,Groceries,3633,Success,0,96434
1019,A018,2023-04-10 09:23:00,debit,Netflix,Entertainment,6190,Success,0,118030
1020,A023,2023-04-11 16:56:00,debit,Swiggy,Food,6830,Success,0,206664
1021,A018,2023-04-11 19:15:00,debit,Flipkart,Shopping,6242,Success,0,111788
1022,A170,2023-04-11 18:50:00,debit,Netflix,Entertainment,3732,Success,0,170272
1023,A168,2023-04-11 05:33:00,debit,Flipkart,Shopping,406,Success,0,68548
1024,A194,2023-04-11 11:29:00,debit,Amazon,Shopping,1522,Success,0,44595
1025,A022,2023-04-11 07:26:00,debit,Zomato,Food,454,Success,0,-133
1026,A060,2023-04-11 19:37:00,debit,Netflix,Entertainment,1934,Success,0,2924
1027,A067,2023-04-11 05:28:00,debit,Swiggy,Food,2078,Success,0,24885
1028,A021,2023-04-11 21:18:00,debit,Uber,Transport,5181,Success,0,27434
1029,A011,2023-04-11 10:32:00,debit,BigBasket,Groceries,6224,Success,0,5571
1030,A135,2023-04-11 17:01:00,debit,Netflix,Entertainment,1385,Success,0,118173
1031,A197,2023-04-12 14:25:00,debit,Flipkart,Shopping,2772,Success,0,80830
1032,A064,2023-04-12 20:55:00,debit,Uber,Transport,1500,Success,0,146567
1033,A160,2023-04-12 19:48:00,debit,Uber,Transport,3517,Success,0,10275
1034,A146,2023-04-12 00:06:00,debit,Swiggy,Food,3597,Success,0,138342
1035,A101,2023-04-12 08:48:00,debit,BigBasket,Groceries,4839,Success,0,88414
1036,A088,2023-04-12 10:48:00,debit,Uber,Transport,5722,Success,0,259461
1037,A122,2023-04-12 05:13:00,debit,Flipkart,Shopping,7856,Success,0,-6780
1038,A200,2023-04-12 18:19:00,credit,Netflix,Entertainment,1374,Success,0,242123
1039,A034,2023-04-12 10:13:00,debit,Amazon,Shopping,22689,Success,0,83364
1040,A158,2023-04-12 14:32:00,debit,BigBasket,Groceries,5527,Success,0,118774
1041,A045,2023-04-12 23:28:00,debit,Swiggy,Food,2310,Success,0,74384
1042,A110,2023-04-12 04:25:00,credit,Swiggy,Food,7923,Failed,0,45938
1043,A092,2023-04-12 01:05:00,debit,Uber,Transport,5006,Success,0,136644
1044,A060,2023-04-13 03:18:00,debit,Amazon,Shopping,4154,Success,0,-1230
1045,A176,2023-04-13 19:51:00,debit,Zomato,Food,14409,Success,0,21564
1046,A084,2023-04-13 15:17:00,credit,Zomato,Food,1393,Success,0,96599
1047,A197,2023-04-13 11:29:00,debit,Swiggy,Food,6471,Pending,0,74359
1048,A112,2023-04-13 23:55:00,debit,Amazon,Shopping,7997,Success,0,133267
1049,A157,2023-04-13 10:39:00,debit,Croma,Electronics,5752,Success,0,72245
1050,A181,2023-04-13 12:45:00,debit,Swiggy,Food,1924,Success,0,-15984
1051,A186,2023-04-13 22:54:00,debit,Zomato,Food,15948,Success,0,774261
1052,A083,2023-04-13 14:57:00,credit,Uber,Transport,5644,Success,0,-65588
1053,A169,2023-04-13 00:43:00,debit,BigBasket,Groceries,3800,Success,0,9122
1054,A045,2023-04-14 04:34:00,debit,Uber,Transport,4779,Success,0,69605
1055,A134,2023-04-14 20:00:00,debit,BigBasket,Groceries,4842,Success,0,282037
1056,A095,2023-04-14 15:54:00,debit,Zomato,Food,7221,Success,0,112078
1057,A177,2023-04-14 19:18:00,debit,Uber,Transport,5736,Success,0,75251
1058,A081,2023-04-14 07:58:00,debit,Flipkart,Shopping,15873,Success,0,204458
1059,A068,2023-04-14 08:09:00,credit,Swiggy,Food,2241,Success,0,101416
1060,A196,2023-04-14 15:17:00,debit,Uber,Transport,2906,Success,0,37410
1061,A142,2023-04-14 01:33:00,debit,Amazon,Shopping,3379,Success,0,-13741
1062,A065,2023-04-14 14:56:00,debit,Croma,Electronics,5322,Success,0,120929
1063,A114,2023-04-14 22:37:00,debit,BigBasket,Groceries,4856,Success,0,172778
1064,A073,2023-04-14 00:31:00,debit,Swiggy,Food,7959,Failed,0,5582
1065,A159,2023-04-14 04:14:00,debit,BigBasket,Groceries,6226,Success,0,40151
1066,A062,2023-04-14 00:04:00,debit,Flipkart,Shopping,351,Success,0,1915
1067,A020,2023-04-14 12:05:00,debit,Amazon,Shopping,1539,Success,0,24228
1068,A051,2023-04-14 11:03:00,debit,Croma,Electronics,5646,Success,0,63019
1069,A072,2023-04-15 09:22:00,debit,Croma,Electronics,14057,Success,0,115891
1070,A074,2023-04-15 10:52:00,debit,Uber,Transport,14227,Pending,0,111961
1071,A172,2023-04-15 20:06:00,debit,Amazon,Shopping,2238,Pending,0,45964
1072,A185,2023-04-15 08:41:00,debit,Flipkart,Shopping,14038,Success,0,-16658
1073,A022,2023-04-15 11:27:00,debit,Amazon,Shopping,12280,Success,0,-12413
1074,A157,2023-04-15 13:13:00,debit,Netflix,Entertainment,7659,Success,0,64586
1075,A069,2023-04-15 00:26:00,debit,Uber,Transport,4269,Success,0,78
1076,A090,2023-04-15 13:02:00,debit,Uber,Transport,13466,Success,0,206365
1077,A159,2023-04-15 20:15:00,debit,Zomato,Food,8599,Pending,0,31552
1078,A053,2023-04-15 18:23:00,debit,Netflix,Entertainment,12409,Success,0,-197490
1079,A147,2023-04-15 01:26:00,debit,Zomato,Food,12393,Success,0,-4138
1080,A079,2023-04-16 22:18:00,debit,Uber,Transport,4846,Success,0,151410
1081,A073,2023-04-16 11:54:00,debit,Netflix,Entertainment,10064,Success,0,-4482
1082,A095,2023-04-16 04:06:00,credit,Zomato,Food,13295,Success,0,125373
1083,A143,2023-04-16 00:16:00,debit,Netflix,Entertainment,29628,Success,0,-70335
1084,A055,2023-04-16 18:01:00,debit,Croma,Electronics,1181,Success,0,56418
1085,A067,2023-04-17 14:07:00,debit,Zomato,Food,2423,Success,0,22462
1086,A102,2023-04-17 07:37:00,debit,Netflix,Entertainment,416,Pending,0,-3685
1087,A154,2023-04-17 23:38:00,debit,BigBasket,Groceries,6070,Success,0,4481
1088,A053,2023-04-17 21:22:00,debit,Uber,Transport,2713,Success,0,-200203
1089,A129,2023-04-17 07:49:00,debit,Croma,Electronics,4778,Pending,0,4626
1090,A143,2023-04-17 11:42:00,debit,Swiggy,Food,21342,Success,0,-91677
1091,A080,2023-04-17 23:00:00,debit,Netflix,Entertainment,4804,Success,0,8803
1092,A096,2023-04-18 07:15:00,debit,BigBasket,Groceries,4808,Success,0,238011
1093,A169,2023-04-18 04:11:00,debit,Croma,Electronics,3778,Failed,0,5344
1094,A085,2023-04-18 11:29:00,debit,Zomato,Food,2354,Success,0,15642
1095,A123,2023-04-18 13:33:00,debit,Uber,Transport,7132,Success,0,37695
1096,A102,2023-04-18 22:04:00,debit,Swiggy,Food,6432,Success,0,-10117
1097,A067,2023-04-18 14:38:00,debit,Zomato,Food,2880,Success,0,19582
1098,A196,2023-04-18 03:39:00,debit,Flipkart,Shopping,496,Success,0,36914
1099,A079,2023-04-18 14:36:00,debit,Uber,Transport,5204,Success,0,146206
1100,A095,2023-04-19 10:55:00,debit,Amazon,Shopping,7270,Success,0,118103
1101,A137,2023-04-19 23:53:00,credit,Flipkart,Shopping,1921,Success,0,54970
1102,A118,2023-04-19 14:21:00,debit,Swiggy,Food,5780,Success,0,130294
1103,A147,2023-04-19 09:41:00,debit,Flipkart,Shopping,7350,Success,0,-11488
1104,A140,2023-04-19 04:35:00,debit,Suspicious Transfer,Fraud,184362,Success,1,96027
1105,A179,2023-04-19 03:51:00,debit,Zomato,Food,10290,Success,0,175042
1106,A154,2023-04-20 23:17:00,credit,Swiggy,Food,3466,Success,0,7947
1107,A064,2023-04-20 23:44:00,debit,BigBasket,Groceries,305,Success,0,146262
1108,A157,2023-04-20 13:35:00,debit,Croma,Electronics,1965,Success,0,62621
1109,A069,2023-04-20 00:31:00,debit,Flipkart,Shopping,8445,Success,0,-8367
1110,A049,2023-04-20 04:10:00,debit,Uber,Transport,1227,Success,0,210538
1111,A049,2023-04-20 03:05:00,debit,Zomato,Food,4070,Success,0,206468
1112,A019,2023-04-20 13:34:00,debit,BigBasket,Groceries,7156,Success,0,235855
1113,A128,2023-04-20 23:01:00,debit,Suspicious Transfer,Fraud,184402,Pending,1,-68619
1114,A072,2023-04-20 14:24:00,debit,Swiggy,Food,6210,Failed,0,109681
1115,A009,2023-04-20 05:25:00,debit,Suspicious Transfer,Fraud,61613,Success,1,-51534
1116,A171,2023-04-20 00:35:00,debit,Swiggy,Food,2107,Success,0,12258
1117,A132,2023-04-21 13:41:00,debit,Flipkart,Shopping,7606,Success,0,58820
1118,A166,2023-04-21 19:38:00,debit,Zomato,Food,3353,Success,0,74366
1119,A189,2023-04-21 14:50:00,debit,Netflix,Entertainment,4531,Success,0,-5578
1120,A098,2023-04-21 02:33:00,debit,Suspicious Transfer,Fraud,128542,Success,1,-150802
1121,A183,2023-04-21 09:47:00,debit,Swiggy,Food,3461,Success,0,9229
1122,A179,2023-04-21 20:38:00,debit,Flipkart,Shopping,21231,Success,0,153811
1123,A097,2023-04-21 05:21:00,credit,BigBasket,Groceries,6219,Success,0,67205
1124,A157,2023-04-21 14:27:00,debit,Zomato,Food,3550,Success,0,59071
1125,A045,2023-04-21 10:07:00,debit,BigBasket,Groceries,4683,Success,0,64922
1126,A017,2023-04-21 12:57:00,debit,Uber,Transport,7560,Failed,0,108741
1127,A010,2023-04-21 18:29:00,debit,Amazon,Shopping,16827,Success,0,-47906
1128,A087,2023-04-21 17:28:00,debit,Flipkart,Shopping,7631,Success,0,90867
1129,A051,2023-04-22 11:50:00,debit,Swiggy,Food,2276,Success,0,60743
1130,A061,2023-04-22 07:30:00,debit,Amazon,Shopping,2823,Success,0,119391
1131,A130,2023-04-22 14:56:00,debit,BigBasket,Groceries,14119,Success,0,21639
1132,A074,2023-04-22 18:59:00,debit,BigBasket,Groceries,4281,Success,0,107680
1133,A152,2023-04-22 03:02:00,debit,Zomato,Food,8253,Success,0,258835
1134,A043,2023-04-22 20:54:00,debit,Croma,Electronics,5913,Success,0,-3449
1135,A187,2023-04-22 20:24:00,debit,Zomato,Food,6743,Success,0,498
1136,A059,2023-04-22 10:58:00,debit,Uber,Transport,11251,Success,0,117757
1137,A097,2023-04-22 17:05:00,debit,Amazon,Shopping,3940,Success,0,63265
1138,A081,2023-04-22 16:06:00,debit,Netflix,Entertainment,3105,Success,0,201353
1139,A011,2023-04-23 20:36:00,debit,Flipkart,Shopping,2814,Success,0,2757
1140,A074,2023-04-23 18:42:00,debit,Zomato,Food,13085,Failed,0,94595
1141,A198,2023-04-23 05:53:00,debit,Swiggy,Food,8903,Success,0,165795
1142,A144,2023-04-23 14:01:00,debit,BigBasket,Groceries,10757,Success,0,22355
1143,A002,2023-04-23 03:32:00,debit,Netflix,Entertainment,5119,Success,0,71167
1144,A175,2023-04-23 07:00:00,debit,Uber,Transport,12927,Failed,0,-5335
1145,A010,2023-04-23 13:24:00,debit,Netflix,Entertainment,38223,Pending,0,-86129
1146,A167,2023-04-23 10:59:00,debit,BigBasket,Groceries,8475,Success,0,636
1147,A054,2023-04-23 02:17:00,debit,Netflix,Entertainment,6766,Success,0,215206
1148,A049,2023-04-23 12:19:00,debit,Flipkart,Shopping,5169,Success,0,201299
1149,A081,2023-04-23 21:33:00,debit,BigBasket,Groceries,5217,Success,0,196136
1150,A067,2023-04-23 13:36:00,debit,Zomato,Food,12998,Success,0,6584
1151,A032,2023-04-23 02:19:00,debit,Uber,Transport,11969,Success,0,84465
1152,A041,2023-04-23 07:10:00,debit,BigBasket,Groceries,8237,Failed,0,67342
1153,A181,2023-04-24 11:19:00,debit,BigBasket,Groceries,4643,Success,0,-20627
1154,A014,2023-04-24 12:20:00,credit,BigBasket,Groceries,7257,Success,0,35169
1155,A071,2023-04-24 02:55:00,debit,Swiggy,Food,6426,Success,0,66847
1156,A100,2023-04-24 05:15:00,debit,Croma,Electronics,5091,Failed,0,-143265
1157,A073,2023-04-24 23:53:00,debit,Amazon,Shopping,3981,Success,0,-8463
1158,A161,2023-04-24 02:41:00,debit,Flipkart,Shopping,6774,Success,0,-3886
1159,A041,2023-04-24 11:41:00,debit,Amazon,Shopping,6492,Success,0,60850
1160,A117,2023-04-24 05:16:00,debit,BigBasket,Groceries,6999,Success,0,226147
1161,A197,2023-04-24 18:12:00,debit,BigBasket,Groceries,1880,Success,0,72479
1162,A168,2023-04-24 23:35:00,debit,Croma,Electronics,3785,Success,0,64763
1163,A106,2023-04-24 10:20:00,debit,Flipkart,Shopping,7780,Success,0,196526
1164,A168,2023-04-24 23:18:00,debit,Zomato,Food,3634,Success,0,61129
1165,A043,2023-04-24 14:55:00,debit,Uber,Transport,3494,Success,0,-6943
1166,A176,2023-04-24 23:33:00,debit,Suspicious Transfer,Fraud,71541,Success,1,-49977
1167,A041,2023-04-25 12:39:00,debit,BigBasket,Groceries,4515,Pending,0,56335
1168,A139,2023-04-25 22:41:00,credit,Flipkart,Shopping,2945,Success,0,137683
1169,A107,2023-04-25 07:22:00,debit,Amazon,Shopping,1209,Success,0,114884
1170,A075,2023-04-25 18:20:00,debit,BigBasket,Groceries,5622,Success,0,314444
1171,A120,2023-04-25 20:44:00,debit,Croma,Electronics,4693,Success,0,204844
1172,A002,2023-04-25 10:21:00,credit,BigBasket,Groceries,4058,Success,0,75225
1173,A016,2023-04-25 16:47:00,debit,Netflix,Entertainment,1646,Success,0,12179
1174,A042,2023-04-25 16:51:00,debit,Flipkart,Shopping,835,Failed,0,114647
1175,A095,2023-04-25 08:27:00,credit,Uber,Transport,1968,Success,0,120071
1176,A194,2023-04-26 05:56:00,credit,Uber,Transport,7856,Success,0,52451
1177,A123,2023-04-26 08:59:00,credit,Flipkart,Shopping,668,Success,0,38363
1178,A122,2023-04-26 16:15:00,debit,Zomato,Food,851,Success,0,-7631
1179,A009,2023-04-26 23:49:00,debit,Zomato,Food,567,Success,0,-52101
1180,A051,2023-04-26 18:31:00,debit,Flipkart,Shopping,4645,Success,0,56098
1181,A059,2023-04-26 13:05:00,debit,Zomato,Food,2909,Success,0,114848
1182,A117,2023-04-26 19:58:00,credit,Zomato,Food,7400,Success,0,233547
1183,A101,2023-04-26 10:18:00,debit,BigBasket,Groceries,1014,Success,0,87400
1184,A163,2023-04-26 00:10:00,debit,Swiggy,Food,6753,Success,0,-4018
1185,A039,2023-04-26 01:41:00,debit,Zomato,Food,4942,Success,0,88023
1186,A032,2023-04-26 19:29:00,debit,Swiggy,Food,3648,Success,0,80817
1187,A153,2023-04-26 21:02:00,debit,Netflix,Entertainment,2411,Success,0,15244
1188,A018,2023-04-26 16:45:00,debit,Uber,Transport,5253,Success,0,106535
1189,A088,2023-04-26 18:13:00,credit,Amazon,Shopping,4992,Success,0,264453
1190,A009,2023-04-26 04:01:00,debit,BigBasket,Groceries,2208,Success,0,-54309
1191,A135,2023-04-27 14:23:00,debit,Amazon,Shopping,4420,Success,0,113753
1192,A077,2023-04-27 06:58:00,debit,Amazon,Shopping,4036,Success,0,38442
1193,A098,2023-04-27 10:47:00,debit,Zomato,Food,5226,Success,0,-156028
1194,A159,2023-04-27 00:19:00,debit,BigBasket,Groceries,693,Success,0,30859
1195,A117,2023-04-27 21:48:00,debit,BigBasket,Groceries,6101,Success,0,227446
1196,A121,2023-04-27 07:59:00,credit,Uber,Transport,5519,Success,0,35995
1197,A124,2023-04-27 02:10:00,debit,Croma,Electronics,5177,Success,0,87780
1198,A020,2023-04-27 15:49:00,debit,Croma,Electronics,5998,Success,0,18230
1199,A134,2023-04-27 18:25:00,debit,Amazon,Shopping,11430,Success,0,270607
1200,A078,2023-04-27 16:27:00,debit,Flipkart,Shopping,881,Success,0,161332
1201,A009,2023-04-27 10:52:00,credit,BigBasket,Groceries,6519,Success,0,-47790
1202,A154,2023-04-27 13:24:00,debit,Netflix,Entertainment,886,Success,0,7061
1203,A035,2023-04-27 02:57:00,debit,Netflix,Entertainment,6758,Success,0,2445
1204,A006,2023-04-28 21:00:00,debit,BigBasket,Groceries,1399,Success,0,120625
1205,A065,2023-04-28 20:58:00,credit,Amazon,Shopping,5671,Success,0,126600
1206,A197,2023-04-28 22:04:00,debit,Amazon,Shopping,1652,Success,0,70827
1207,A116,2023-04-28 11:29:00,credit,Uber,Transport,5618,Success,0,131099
1208,A158,2023-04-28 12:41:00,debit,Netflix,Entertainment,4239,Success,0,114535
1209,A030,2023-04-28 01:40:00,debit,BigBasket,Groceries,3918,Success,0,-196261
1210,A078,2023-04-28 09:27:00,credit,Croma,Electronics,4823,Success,0,166155
1211,A172,2023-04-29 22:07:00,credit,Uber,Transport,10424,Success,0,56388
1212,A105,2023-04-29 22:23:00,debit,Flipkart,Shopping,10625,Success,0,5570
1213,A115,2023-04-29 19:40:00,debit,Flipkart,Shopping,7380,Success,0,277372
1214,A047,2023-04-29 17:50:00,debit,Netflix,Entertainment,2258,Success,0,146009
1215,A007,2023-04-29 17:10:00,credit,Uber,Transport,10050,Success,0,34425
1216,A169,2023-04-29 12:06:00,debit,Amazon,Shopping,1742,Success,0,3602
1217,A040,2023-04-29 14:03:00,debit,Flipkart,Shopping,21021,Success,0,109716
1218,A091,2023-04-29 16:43:00,credit,Flipkart,Shopping,2526,Success,0,78412
1219,A182,2023-04-29 22:20:00,debit,Swiggy,Food,11556,Success,0,-27866
1220,A150,2023-04-30 18:47:00,credit,Amazon,Shopping,1227,Success,0,20447
1221,A182,2023-04-30 07:43:00,debit,Uber,Transport,11208,Success,0,-39074
1222,A106,2023-04-30 06:11:00,debit,Netflix,Entertainment,9463,Success,0,187063
1223,A053,2023-04-30 20:28:00,debit,Flipkart,Shopping,1935,Success,0,-202138
1224,A128,2023-04-30 00:38:00,debit,Netflix,Entertainment,8366,Success,0,-76985
1225,A124,2023-04-30 12:14:00,debit,Swiggy,Food,14993,Success,0,72787
1226,A114,2023-05-01 18:07:00,credit,Salary Deposit,Income,83094,Success,0,255872
1227,A100,2023-05-01 02:35:00,credit,Salary Deposit,Income,46638,Success,0,-96627
1228,A043,2023-05-01 08:26:00,credit,Salary Deposit,Income,72884,Success,0,65941
1229,A050,2023-05-01 03:10:00,credit,Salary Deposit,Income,55051,Failed,0,151651
1230,A062,2023-05-01 11:33:00,credit,Salary Deposit,Income,61263,Success,0,63178
1231,A117,2023-05-01 10:57:00,credit,Salary Deposit,Income,98258,Success,0,325704
1232,A145,2023-05-01 01:04:00,credit,Salary Deposit,Income,36065,Success,0,148603
1233,A116,2023-05-01 21:51:00,credit,Salary Deposit,Income,31280,Success,0,162379
1234,A011,2023-05-01 06:44:00,credit,Salary Deposit,Income,99853,Success,0,102610
1235,A117,2023-05-01 10:00:00,credit,Salary Deposit,Income,80412,Success,0,406116
1236,A079,2023-05-01 01:55:00,credit,Salary Deposit,Income,42335,Success,0,188541
1237,A198,2023-05-01 13:32:00,credit,Salary Deposit,Income,106440,Success,0,272235
1238,A175,2023-05-01 02:19:00,credit,Salary Deposit,Income,51552,Success,0,46217
1239,A069,2023-05-01 04:06:00,credit,Suspicious Transfer,Fraud,117310,Failed,1,108943
1240,A130,2023-05-02 23:23:00,credit,Salary Deposit,Income,36498,Success,0,58137
1241,A071,2023-05-02 07:09:00,credit,Salary Deposit,Income,70463,Failed,0,137310
1242,A108,2023-05-02 17:25:00,credit,Salary Deposit,Income,48991,Success,0,74297
1243,A117,2023-05-02 16:08:00,credit,Salary Deposit,Income,33049,Success,0,439165
1244,A165,2023-05-02 03:14:00,credit,Salary Deposit,Income,84070,Pending,0,130493
1245,A149,2023-05-02 06:22:00,credit,Salary Deposit,Income,84092,Success,0,114506
1246,A111,2023-05-02 06:47:00,credit,Salary Deposit,Income,54584,Success,0,158363
1247,A161,2023-05-02 06:58:00,credit,Salary Deposit,Income,69113,Success,0,65227
1248,A078,2023-05-02 03:18:00,credit,Salary Deposit,Income,60910,Success,0,227065
1249,A097,2023-05-02 14:50:00,credit,Salary Deposit,Income,114048,Success,0,177313
1250,A022,2023-05-02 15:09:00,credit,Salary Deposit,Income,54000,Success,0,41587
1251,A093,2023-05-02 21:18:00,credit,Salary Deposit,Income,117872,Success,0,145495
1252,A018,2023-05-02 15:13:00,credit,Salary Deposit,Income,57332,Success,0,163867
1253,A004,2023-05-03 13:55:00,credit,Salary Deposit,Income,106649,Success,0,215996
1254,A059,2023-05-03 01:13:00,credit,Salary Deposit,Income,75524,Success,0,190372
1255,A085,2023-05-03 20:34:00,credit,Salary Deposit,Income,71570,Success,0,87212
1256,A180,2023-05-03 03:58:00,credit,Salary Deposit,Income,101186,Success,0,266985
1257,A148,2023-05-03 01:54:00,credit,Salary Deposit,Income,119836,Success,0,242341
1258,A024,2023-05-03 09:19:00,credit,Salary Deposit,Income,133278,Success,0,112507
1259,A151,2023-05-03 15:13:00,credit,Salary Deposit,Income,85508,Failed,0,145013
1260,A193,2023-05-03 02:06:00,credit,Salary Deposit,Income,95120,Success,0,277744
1261,A053,2023-05-03 11:39:00,credit,Salary Deposit,Income,46436,Success,0,-155702
1262,A127,2023-05-03 02:16:00,credit,Salary Deposit,Income,109150,Success,0,196864
1263,A068,2023-05-03 09:11:00,credit,Salary Deposit,Income,106009,Success,0,207425
1264,A097,2023-05-03 19:52:00,credit,Salary Deposit,Income,54895,Success,0,232208
1265,A116,2023-05-03 18:11:00,credit,Salary Deposit,Income,40815,Success,0,203194
1266,A127,2023-05-03 10:37:00,credit,Salary Deposit,Income,118048,Success,0,314912
1267,A091,2023-05-03 06:11:00,credit,Salary Deposit,Income,39188,Success,0,117600
1268,A165,2023-05-04 10:53:00,credit,Salary Deposit,Income,77572,Success,0,208065
1269,A060,2023-05-04 14:08:00,credit,Salary Deposit,Income,118182,Failed,0,116952
1270,A024,2023-05-04 01:58:00,credit,Salary Deposit,Income,338178,Success,0,450685
1271,A193,2023-05-04 16:52:00,credit,Salary Deposit,Income,105596,Success,0,383340
1272,A101,2023-05-04 09:06:00,credit,Salary Deposit,Income,64273,Success,0,151673
1273,A018,2023-05-05 20:35:00,credit,Salary Deposit,Income,64757,Success,0,228624
1274,A014,2023-05-05 13:41:00,credit,Salary Deposit,Income,107548,Success,0,142717
1275,A119,2023-05-05 00:49:00,credit,Salary Deposit,Income,104745,Success,0,155190
1276,A153,2023-05-05 04:49:00,credit,Salary Deposit,Income,43716,Success,0,58960
1277,A008,2023-05-05 08:46:00,credit,Salary Deposit,Income,49067,Success,0,181670
1278,A176,2023-05-05 19:16:00,credit,Salary Deposit,Income,94314,Success,0,44337
1279,A001,2023-05-06 20:00:00,debit,Flipkart,Shopping,11392,Success,0,-208591
1280,A153,2023-05-06 23:09:00,debit,Uber,Transport,3589,Success,0,55371
1281,A001,2023-05-06 19:06:00,debit,Amazon,Shopping,8324,Success,0,-216915
1282,A127,2023-05-06 13:08:00,debit,Netflix,Entertainment,12525,Success,0,302387
1283,A060,2023-05-06 03:09:00,debit,Zomato,Food,10698,Success,0,106254
1284,A190,2023-05-07 08:56:00,debit,Amazon,Shopping,11730,Pending,0,209696
1285,A052,2023-05-07 15:23:00,debit,Croma,Electronics,11361,Failed,0,66302
1286,A191,2023-05-07 05:43:00,credit,Netflix,Entertainment,2083,Success,0,105697
1287,A072,2023-05-07 16:08:00,debit,Flipkart,Shopping,13060,Success,0,96621
1288,A193,2023-05-07 20:53:00,debit,Uber,Transport,4988,Success,0,378352
1289,A193,2023-05-07 04:53:00,debit,Croma,Electronics,14047,Success,0,364305
1290,A092,2023-05-07 14:54:00,debit,Swiggy,Food,2903,Success,0,133741
1291,A184,2023-05-07 08:03:00,credit,Swiggy,Food,6792,Success,0,81391
1292,A171,2023-05-07 10:48:00,debit,Netflix,Entertainment,12946,Success,0,-688
1293,A062,2023-05-07 20:21:00,credit,Netflix,Entertainment,4034,Success,0,67212
1294,A136,2023-05-07 09:28:00,credit,Flipkart,Shopping,11895,Success,0,345135
1295,A090,2023-05-07 00:59:00,debit,Uber,Transport,12934,Success,0,193431
1296,A192,2023-05-07 01:44:00,debit,Croma,Electronics,16929,Success,0,367005
1297,A148,2023-05-07 02:10:00,debit,Zomato,Food,9589,Success,0,232752
1298,A141,2023-05-07 09:17:00,debit,Flipkart,Shopping,10722,Success,0,66295
1299,A121,2023-05-08 17:54:00,debit,Swiggy,Food,7445,Success,0,28550
1300,A132,2023-05-08 06:20:00,debit,Amazon,Shopping,5463,Success,0,53357
1301,A200,2023-05-08 11:12:00,debit,Amazon,Shopping,6982,Failed,0,235141
1302,A192,2023-05-08 09:02:00,debit,Swiggy,Food,12933,Success,0,354072
1303,A157,2023-05-08 08:46:00,debit,BigBasket,Groceries,5789,Success,0,53282
1304,A088,2023-05-08 00:51:00,debit,Uber,Transport,6654,Success,0,257799
1305,A173,2023-05-08 06:55:00,debit,Amazon,Shopping,4636,Success,0,137196
1306,A113,2023-05-08 17:22:00,debit,Croma,Electronics,2536,Success,0,104053
1307,A187,2023-05-08 14:12:00,debit,Croma,Electronics,3616,Success,0,-3118
1308,A038,2023-05-09 13:36:00,debit,Croma,Electronics,2518,Success,0,32012
1309,A102,2023-05-09 17:50:00,debit,Amazon,Shopping,2029,Success,0,-12146
1310,A048,2023-05-09 13:59:00,debit,Flipkart,Shopping,5644,Success,0,25207
1311,A073,2023-05-09 22:42:00,credit,Zomato,Food,7423,Success,0,-1040
1312,A043,2023-05-09 23:47:00,debit,Uber,Transport,2003,Success,0,63938
1313,A076,2023-05-09 16:18:00,debit,Uber,Transport,413,Failed,0,51617
1314,A082,2023-05-09 19:11:00,debit,BigBasket,Groceries,3976,Success,0,114581
1315,A094,2023-05-10 10:17:00,debit,Croma,Electronics,5376,Success,0,-1407
1316,A102,2023-05-10 21:15:00,credit,Amazon,Shopping,6175,Success,0,-5971
1317,A036,2023-05-10 15:42:00,debit,Suspicious Transfer,Fraud,109825,Success,1,-105026
1318,A070,2023-05-10 19:02:00,debit,Flipkart,Shopping,1296,Success,0,203903
1319,A195,2023-05-10 12:59:00,credit,Netflix,Entertainment,431,Success,0,131642
1320,A155,2023-05-10 14:35:00,debit,Swiggy,Food,7393,Success,0,27431
1321,A148,2023-05-10 21:38:00,credit,Amazon,Shopping,6962,Success,0,239714
1322,A011,2023-05-10 07:32:00,debit,Zomato,Food,4963,Success,0,97647
1323,A167,2023-05-10 23:06:00,debit,Uber,Transport,3533,Success,0,-2897
1324,A115,2023-05-10 18:01:00,debit,Croma,Electronics,2436,Success,0,274936
1325,A049,2023-05-10 07:27:00,debit,Flipkart,Shopping,1096,Success,0,200203
1326,A043,2023-05-10 06:34:00,credit,BigBasket,Groceries,7485,Success,0,71423
1327,A136,2023-05-11 15:09:00,debit,Swiggy,Food,3515,Success,0,341620
1328,A121,2023-05-11 12:07:00,debit,Amazon,Shopping,6782,Success,0,21768
1329,A026,2023-05-11 11:08:00,debit,Swiggy,Food,6687,Success,0,102337
1330,A152,2023-05-11 05:31:00,debit,Flipkart,Shopping,20514,Success,0,238321
1331,A187,2023-05-11 23:28:00,credit,Uber,Transport,6536,Success,0,3418
1332,A061,2023-05-11 11:58:00,debit,BigBasket,Groceries,6191,Success,0,113200
1333,A058,2023-05-11 00:05:00,debit,Flipkart,Shopping,7792,Pending,0,-3513
1334,A128,2023-05-11 11:59:00,debit,Uber,Transport,7390,Success,0,-84375
1335,A072,2023-05-11 01:38:00,debit,BigBasket,Groceries,829,Success,0,95792
1336,A022,2023-05-12 04:02:00,credit,Uber,Transport,4367,Success,0,45954
1337,A070,2023-05-12 09:50:00,debit,Croma,Electronics,3145,Success,0,200758
1338,A136,2023-05-12 00:20:00,debit,Amazon,Shopping,439,Success,0,341181
1339,A020,2023-05-12 07:00:00,debit,Swiggy,Food,1591,Success,0,16639
1340,A166,2023-05-12 08:20:00,debit,Amazon,Shopping,6717,Success,0,67649
1341,A186,2023-05-12 12:42:00,credit,Amazon,Shopping,13086,Success,0,787347
1342,A003,2023-05-12 17:32:00,debit,Swiggy,Food,6537,Success,0,125029
1343,A127,2023-05-12 22:15:00,debit,Amazon,Shopping,3492,Success,0,298895
1344,A146,2023-05-13 15:09:00,debit,Netflix,Entertainment,7521,Success,0,130821
1345,A075,2023-05-13 11:44:00,credit,Netflix,Entertainment,36309,Success,0,350753
1346,A006,2023-05-13 05:57:00,credit,Zomato,Food,2594,Success,0,123219
1347,A188,2023-05-13 01:48:00,debit,Netflix,Entertainment,1201,Failed,0,123364
1348,A152,2023-05-13 08:35:00,credit,Amazon,Shopping,13698,Success,0,252019
1349,A121,2023-05-13 12:09:00,debit,Zomato,Food,11393,Success,0,10375
1350,A108,2023-05-14 22:16:00,debit,Swiggy,Food,12574,Success,0,61723
1351,A018,2023-05-14 16:31:00,debit,Amazon,Shopping,3111,Success,0,225513
1352,A171,2023-05-14 17:37:00,debit,Swiggy,Food,11402,Success,0,-12090
1353,A013,2023-05-14 03:54:00,credit,Flipkart,Shopping,2642,Success,0,69899
1354,A111,2023-05-14 21:15:00,debit,Flipkart,Shopping,6547,Success,0,151816
1355,A174,2023-05-14 15:35:00,debit,Croma,Electronics,4383,Success,0,55910
1356,A162,2023-05-15 17:46:00,debit,BigBasket,Groceries,4677,Failed,0,3684
1357,A183,2023-05-15 14:31:00,debit,Zomato,Food,4562,Success,0,4667
1358,A121,2023-05-15 16:02:00,debit,Netflix,Entertainment,4298,Failed,0,6077
1359,A042,2023-05-15 21:14:00,credit,Swiggy,Food,2518,Success,0,117165
1360,A124,2023-05-15 11:52:00,debit,Uber,Transport,4881,Success,0,67906
1361,A107,2023-05-15 03:00:00,debit,Croma,Electronics,3391,Success,0,111493
1362,A185,2023-05-15 10:46:00,debit,Swiggy,Food,370,Success,0,-17028
1363,A144,2023-05-15 07:08:00,debit,Amazon,Shopping,6641,Success,0,15714
1364,A156,2023-05-15 06:34:00,debit,Netflix,Entertainment,7451,Success,0,23410
1365,A177,2023-05-15 23:43:00,debit,Swiggy,Food,593,Success,0,74658
1366,A146,2023-05-15 11:13:00,credit,Zomato,Food,2650,Success,0,133471
1367,A009,2023-05-15 02:32:00,credit,Flipkart,Shopping,7686,Pending,0,-40104
1368,A056,2023-05-15 04:55:00,debit,Amazon,Shopping,15333,Success,0,-15907
1369,A074,2023-05-15 23:21:00,debit,Amazon,Shopping,6242,Success,0,88353
1370,A078,2023-05-15 20:11:00,debit,Zomato,Food,7627,Success,0,219438
1371,A020,2023-05-16 08:08:00,debit,Croma,Electronics,2229,Success,0,14410
1372,A191,2023-05-16 07:54:00,credit,Zomato,Food,1564,Success,0,107261
1373,A199,2023-05-16 07:58:00,credit,Uber,Transport,3874,Failed,0,35384
1374,A100,2023-05-16 09:10:00,debit,Croma,Electronics,3790,Success,0,-100417
1375,A010,2023-05-16 13:33:00,credit,Amazon,Shopping,23958,Success,0,-62171
1376,A169,2023-05-16 08:30:00,debit,Amazon,Shopping,6721,Success,0,-3119
1377,A046,2023-05-16 11:12:00,credit,Amazon,Shopping,5111,Success,0,-40162
1378,A080,2023-05-16 02:57:00,debit,Flipkart,Shopping,6537,Success,0,2266
1379,A043,2023-05-16 18:42:00,debit,Uber,Transport,1411,Success,0,70012
1380,A140,2023-05-16 15:13:00,debit,BigBasket,Groceries,3593,Success,0,92434
1381,A089,2023-05-16 11:19:00,debit,Zomato,Food,2868,Success,0,205487
1382,A036,2023-05-16 13:04:00,debit,Swiggy,Food,984,Success,0,-106010
1383,A172,2023-05-17 03:19:00,debit,Zomato,Food,3661,Success,0,52727
1384,A162,2023-05-17 11:18:00,debit,Suspicious Transfer,Fraud,183092,Success,1,-179408
1385,A161,2023-05-17 18:01:00,credit,Suspicious Transfer,Fraud,75138,Success,1,140365
1386,A164,2023-05-17 08:58:00,credit,Croma,Electronics,4820,Success,0,236082
1387,A042,2023-05-17 06:53:00,debit,Zomato,Food,6604,Failed,0,110561
1388,A059,2023-05-18 22:32:00,debit,Zomato,Food,5164,Success,0,185208
1389,A143,2023-05-18 03:46:00,debit,Flipkart,Shopping,16665,Pending,0,-108342
1390,A064,2023-05-18 17:22:00,debit,Flipkart,Shopping,1196,Success,0,145066
1391,A092,2023-05-18 21:04:00,debit,Netflix,Entertainment,2733,Success,0,131008
1392,A091,2023-05-18 21:53:00,debit,Netflix,Entertainment,6161,Success,0,111439
1393,A165,2023-05-18 10:51:00,debit,Uber,Transport,616,Success,0,207449
1394,A198,2023-05-18 09:42:00,debit,Swiggy,Food,6387,Success,0,265848
1395,A058,2023-05-18 07:40:00,debit,Croma,Electronics,7146,Success,0,-10659
1396,A017,2023-05-18 09:39:00,debit,Croma,Electronics,1678,Success,0,107063
1397,A113,2023-05-18 05:51:00,debit,Netflix,Entertainment,6644,Pending,0,97409
1398,A146,2023-05-18 13:26:00,debit,BigBasket,Groceries,3974,Success,0,129497
1399,A050,2023-05-18 18:50:00,debit,BigBasket,Groceries,4361,Success,0,147290
1400,A091,2023-05-18 11:50:00,debit,Uber,Transport,6016,Success,0,105423
1401,A167,2023-05-18 03:35:00,debit,Amazon,Shopping,3641,Success,0,-6538
1402,A074,2023-05-18 00:48:00,debit,Uber,Transport,3485,Success,0,84868
1403,A024,2023-05-19 02:15:00,debit,BigBasket,Groceries,17874,Success,0,432811
1404,A035,2023-05-19 22:08:00,debit,Netflix,Entertainment,7459,Failed,0,-5014
1405,A194,2023-05-19 00:10:00,debit,Zomato,Food,6032,Success,0,46419
1406,A111,2023-05-19 23:57:00,debit,Amazon,Shopping,2375,Success,0,149441
1407,A076,2023-05-19 13:52:00,debit,Uber,Transport,3587,Success,0,48030
1408,A158,2023-05-19 02:25:00,credit,Flipkart,Shopping,5580,Success,0,120115
1409,A144,2023-05-19 08:11:00,debit,Netflix,Entertainment,1980,Success,0,13734
1410,A043,2023-05-19 11:34:00,debit,Zomato,Food,3035,Success,0,66977
1411,A200,2023-05-19 19:53:00,debit,Zomato,Food,5323,Success,0,229818
1412,A024,2023-05-19 18:36:00,debit,Uber,Transport,3699,Success,0,429112
1413,A138,2023-05-20 18:49:00,credit,Flipkart,Shopping,13083,Success,0,-1739
1414,A062,2023-05-20 07:26:00,debit,Flipkart,Shopping,7475,Success,0,59737
1415,A058,2023-05-20 17:41:00,debit,Amazon,Shopping,2845,Success,0,-13504
1416,A146,2023-05-20 20:59:00,debit,Croma,Electronics,1015,Pending,0,128482
1417,A021,2023-05-20 10:05:00,debit,Netflix,Entertainment,1169,Success,0,26265
1418,A083,2023-05-20 03:53:00,debit,Swiggy,Food,2909,Success,0,-68497
1419,A138,2023-05-20 00:30:00,debit,BigBasket,Groceries,2484,Success,0,-4223
1420,A015,2023-05-20 11:58:00,debit,Croma,Electronics,4083,Success,0,5793
1421,A020,2023-05-20 05:34:00,debit,Uber,Transport,11193,Success,0,3217
1422,A107,2023-05-20 08:21:00,credit,Flipkart,Shopping,14788,Success,0,126281
1423,A085,2023-05-21 04:47:00,debit,Amazon,Shopping,9203,Success,0,78009
1424,A014,2023-05-21 10:41:00,debit,Croma,Electronics,7327,Success,0,135390
1425,A172,2023-05-21 07:30:00,debit,BigBasket,Groceries,4012,Success,0,48715
1426,A116,2023-05-21 11:37:00,debit,Amazon,Shopping,4877,Success,0,198317
1427,A079,2023-05-21 09:58:00,debit,Netflix,Entertainment,1838,Success,0,186703
1428,A187,2023-05-21 16:52:00,debit,Flipkart,Shopping,5666,Success,0,-2248
1429,A150,2023-05-21 16:58:00,debit,Netflix,Entertainment,5967,Success,0,14480
1430,A162,2023-05-21 16:40:00,debit,Suspicious Transfer,Fraud,101096,Success,1,-280504
1431,A109,2023-05-21 12:26:00,credit,Swiggy,Food,9373,Success,0,32862
1432,A190,2023-05-21 21:49:00,debit,BigBasket,Groceries,5770,Success,0,203926
1433,A112,2023-05-21 14:37:00,debit,Uber,Transport,8898,Pending,0,124369
1434,A147,2023-05-22 22:54:00,debit,Amazon,Shopping,6979,Success,0,-18467
1435,A089,2023-05-22 19:51:00,debit,Zomato,Food,681,Success,0,204806
1436,A167,2023-05-22 22:04:00,debit,Uber,Transport,6050,Success,0,-12588
1437,A051,2023-05-22 14:29:00,debit,Amazon,Shopping,584,Pending,0,55514
1438,A180,2023-05-22 22:07:00,debit,Zomato,Food,6910,Success,0,260075
1439,A103,2023-05-22 12:14:00,credit,Zomato,Food,14154,Success,0,514242
1440,A089,2023-05-23 19:38:00,credit,Amazon,Shopping,2409,Success,0,207215
1441,A045,2023-05-23 06:57:00,debit,Croma,Electronics,4623,Success,0,60299
1442,A059,2023-05-23 13:54:00,debit,Amazon,Shopping,283,Success,0,184925
1443,A049,2023-05-23 21:55:00,debit,Amazon,Shopping,6551,Success,0,193652
1444,A061,2023-05-23 05:40:00,debit,Uber,Transport,6530,Success,0,106670
1445,A085,2023-05-23 04:37:00,debit,BigBasket,Groceries,6582,Success,0,71427
1446,A072,2023-05-24 16:26:00,credit,Zomato,Food,3253,Success,0,99045
1447,A180,2023-05-24 05:13:00,debit,Swiggy,Food,2943,Pending,0,257132
1448,A125,2023-05-24 11:05:00,debit,Croma,Electronics,5481,Success,0,215169
1449,A019,2023-05-24 15:43:00,debit,Uber,Transport,2112,Success,0,233743
1450,A190,2023-05-24 21:28:00,debit,Amazon,Shopping,5662,Success,0,198264
1451,A046,2023-05-24 14:44:00,credit,Amazon,Shopping,3961,Success,0,-36201
1452,A197,2023-05-24 21:02:00,debit,Flipkart,Shopping,6738,Pending,0,64089
1453,A169,2023-05-24 19:28:00,debit,Uber,Transport,1588,Success,0,-4707
1454,A153,2023-05-24 04:06:00,debit,Flipkart,Shopping,3526,Success,0,51845
1455,A048,2023-05-24 09:45:00,debit,Flipkart,Shopping,1216,Success,0,23991
1456,A198,2023-05-24 18:32:00,debit,BigBasket,Groceries,7551,Success,0,258297
1457,A192,2023-05-24 00:41:00,debit,Uber,Transport,22095,Success,0,331977
1458,A157,2023-05-24 07:41:00,debit,Flipkart,Shopping,7418,Success,0,45864
1459,A143,2023-05-24 07:06:00,debit,Netflix,Entertainment,2388,Success,0,-110730
1460,A200,2023-05-25 15:00:00,debit,Swiggy,Food,4529,Pending,0,225289
1461,A172,2023-05-25 05:18:00,debit,Croma,Electronics,7541,Success,0,41174
1462,A070,2023-05-25 13:59:00,debit,BigBasket,Groceries,6387,Pending,0,194371
1463,A139,2023-05-25 02:48:00,debit,Uber,Transport,6700,Success,0,130983
1464,A187,2023-05-25 10:48:00,debit,Swiggy,Food,5140,Success,0,-7388
1465,A186,2023-05-25 02:54:00,debit,Netflix,Entertainment,2601,Success,0,784746
1466,A043,2023-05-25 14:36:00,debit,BigBasket,Groceries,1833,Success,0,65144
1467,A179,2023-05-26 04:43:00,debit,Uber,Transport,18399,Failed,0,135412
1468,A132,2023-05-26 23:57:00,debit,Netflix,Entertainment,2254,Pending,0,51103
1469,A123,2023-05-26 15:45:00,debit,Flipkart,Shopping,7141,Success,0,31222
1470,A109,2023-05-26 22:27:00,credit,Zomato,Food,7185,Success,0,40047
1471,A027,2023-05-26 18:38:00,debit,Suspicious Transfer,Fraud,152718,Success,1,-143507
1472,A199,2023-05-26 03:37:00,debit,BigBasket,Groceries,634,Success,0,34750
1473,A170,2023-05-27 00:14:00,debit,Amazon,Shopping,11551,Success,0,158721
1474,A108,2023-05-27 03:10:00,debit,Uber,Transport,6226,Success,0,55497
1475,A179,2023-05-27 21:46:00,debit,Zomato,Food,16512,Success,0,118900
1476,A110,2023-05-27 12:15:00,debit,BigBasket,Groceries,2554,Success,0,43384
1477,A190,2023-05-27 17:28:00,debit,Uber,Transport,3649,Success,0,194615
1478,A018,2023-05-27 23:18:00,debit,BigBasket,Groceries,12416,Success,0,213097
1479,A116,2023-05-27 20:50:00,debit,Uber,Transport,12579,Success,0,185738
1480,A128,2023-05-28 17:23:00,debit,BigBasket,Groceries,9082,Failed,0,-93457
1481,A157,2023-05-28 03:14:00,debit,Uber,Transport,5441,Success,0,40423
1482,A061,2023-05-28 15:50:00,credit,Netflix,Entertainment,10487,Success,0,117157
1483,A185,2023-05-28 18:59:00,debit,Croma,Electronics,6850,Success,0,-23878
1484,A189,2023-05-28 03:58:00,debit,Netflix,Entertainment,8051,Success,0,-13629
1485,A074,2023-05-28 11:32:00,debit,Flipkart,Shopping,5711,Success,0,79157
1486,A142,2023-05-28 18:23:00,debit,Amazon,Shopping,12214,Success,0,-25955
1487,A021,2023-05-28 00:05:00,debit,BigBasket,Groceries,3059,Success,0,23206
1488,A189,2023-05-28 09:59:00,debit,Swiggy,Food,14991,Success,0,-28620
1489,A173,2023-05-28 09:11:00,debit,Zomato,Food,11258,Success,0,125938
1490,A139,2023-05-28 08:58:00,debit,Uber,Transport,4029,Failed,0,126954
1491,A136,2023-05-28 16:29:00,debit,Swiggy,Food,5004,Success,0,336177
1492,A025,2023-05-28 18:17:00,debit,Netflix,Entertainment,14765,Success,0,232357
1493,A130,2023-05-28 18:39:00,debit,Amazon,Shopping,7933,Pending,0,50204
1494,A190,2023-05-28 09:37:00,debit,Uber,Transport,3287,Success,0,191328
1495,A127,2023-05-29 08:14:00,debit,Suspicious Transfer,Fraud,89549,Success,1,209346
1496,A173,2023-05-29 07:32:00,debit,Amazon,Shopping,2074,Success,0,123864
1497,A178,2023-05-29 18:29:00,credit,Uber,Transport,3971,Success,0,53924
1498,A127,2023-05-29 03:07:00,debit,Croma,Electronics,3076,Success,0,206270
1499,A007,2023-05-29 04:05:00,debit,Uber,Transport,2744,Failed,0,31681
1500,A063,2023-05-29 11:00:00,debit,Netflix,Entertainment,4846,Success,0,104633
1501,A066,2023-05-30 04:55:00,credit,Netflix,Entertainment,7774,Success,0,117143
1502,A091,2023-05-30 01:17:00,debit,Croma,Electronics,5191,Success,0,100232
1503,A153,2023-05-30 22:42:00,debit,Flipkart,Shopping,6112,Pending,0,45733
1504,A060,2023-05-30 22:08:00,credit,Netflix,Entertainment,5428,Failed,0,111682
1505,A039,2023-05-30 17:27:00,debit,Croma,Electronics,6419,Success,0,81604
1506,A090,2023-05-30 14:26:00,debit,Croma,Electronics,1325,Success,0,192106
1507,A121,2023-05-30 22:27:00,debit,Swiggy,Food,6353,Success,0,-276
1508,A188,2023-05-30 13:29:00,debit,BigBasket,Groceries,7816,Success,0,115548
1509,A108,2023-05-30 12:34:00,credit,Netflix,Entertainment,739,Success,0,56236
1510,A103,2023-05-30 20:22:00,debit,Uber,Transport,11703,Success,0,502539
1511,A010,2023-05-30 02:47:00,credit,Amazon,Shopping,4578,Success,0,-57593
1512,A079,2023-05-30 16:10:00,debit,Swiggy,Food,907,Failed,0,185796
1513,A076,2023-05-30 10:03:00,debit,Netflix,Entertainment,2346,Success,0,45684
1514,A144,2023-05-30 15:10:00,debit,Uber,Transport,4965,Success,0,8769
1515,A019,2023-05-31 20:37:00,credit,Netflix,Entertainment,6913,Success,0,240656
1516,A051,2023-05-31 21:47:00,debit,Croma,Electronics,6688,Success,0,48826
1517,A037,2023-05-31 19:19:00,debit,Swiggy,Food,613,Success,0,142272
1518,A131,2023-05-31 14:33:00,credit,Uber,Transport,4533,Success,0,-15516
1519,A195,2023-05-31 01:38:00,debit,Swiggy,Food,1887,Success,0,129755
1520,A199,2023-05-31 03:27:00,debit,Amazon,Shopping,5850,Success,0,28900
1521,A050,2023-05-31 19:42:00,debit,BigBasket,Groceries,3288,Success,0,144002
1522,A095,2023-05-31 19:14:00,debit,Suspicious Transfer,Fraud,83012,Success,1,37059
1523,A173,2023-06-01 12:59:00,credit,Salary Deposit,Income,85398,Success,0,209262
1524,A088,2023-06-01 10:27:00,credit,Salary Deposit,Income,70073,Success,0,327872
1525,A188,2023-06-01 12:54:00,credit,Salary Deposit,Income,61548,Success,0,177096
1526,A178,2023-06-01 21:01:00,credit,Salary Deposit,Income,83533,Success,0,137457
1527,A063,2023-06-01 00:03:00,credit,Salary Deposit,Income,44943,Success,0,149576
1528,A134,2023-06-01 00:17:00,credit,Salary Deposit,Income,227742,Success,0,498349
1529,A106,2023-06-01 15:57:00,credit,Salary Deposit,Income,102794,Success,0,289857
1530,A044,2023-06-02 18:31:00,credit,Salary Deposit,Income,105141,Success,0,-39702
1531,A074,2023-06-02 23:26:00,credit,Salary Deposit,Income,55615,Success,0,134772
1532,A044,2023-06-02 17:10:00,credit,Salary Deposit,Income,68183,Success,0,28481
1533,A171,2023-06-02 18:50:00,credit,Suspicious Transfer,Fraud,173425,Pending,1,161335
1534,A173,2023-06-02 11:05:00,credit,Salary Deposit,Income,98768,Success,0,308030
1535,A009,2023-06-02 09:27:00,credit,Salary Deposit,Income,112094,Success,0,71990
1536,A047,2023-06-02 02:29:00,credit,Salary Deposit,Income,74853,Success,0,220862
1537,A009,2023-06-02 04:12:00,credit,Salary Deposit,Income,39757,Failed,0,111747
1538,A161,2023-06-02 06:29:00,credit,Salary Deposit,Income,67670,Success,0,208035
1539,A015,2023-06-02 15:48:00,credit,Salary Deposit,Income,61944,Success,0,67737
1540,A062,2023-06-02 13:47:00,credit,Salary Deposit,Income,83079,Success,0,142816
1541,A086,2023-06-03 12:09:00,credit,Salary Deposit,Income,49048,Success,0,80005
1542,A025,2023-06-03 14:32:00,credit,Salary Deposit,Income,34118,Success,0,266475
1543,A114,2023-06-03 21:33:00,credit,Salary Deposit,Income,70577,Success,0,326449
1544,A063,2023-06-03 00:17:00,credit,Salary Deposit,Income,110638,Success,0,260214
1545,A050,2023-06-03 11:36:00,credit,Salary Deposit,Income,96335,Failed,0,240337
1546,A176,2023-06-03 05:32:00,credit,Suspicious Transfer,Fraud,112360,Success,1,156697
1547,A195,2023-06-03 04:49:00,credit,Salary Deposit,Income,66037,Success,0,195792
1548,A174,2023-06-04 17:18:00,credit,Salary Deposit,Income,44821,Success,0,100731
1549,A127,2023-06-04 12:20:00,credit,Salary Deposit,Income,79252,Success,0,285522
1550,A083,2023-06-04 21:52:00,credit,Salary Deposit,Income,68294,Success,0,-203
1551,A061,2023-06-04 17:21:00,credit,Salary Deposit,Income,35618,Success,0,152775
1552,A102,2023-06-04 21:21:00,credit,Salary Deposit,Income,34379,Success,0,28408
1553,A072,2023-06-04 15:34:00,credit,Salary Deposit,Income,67453,Pending,0,166498
1554,A035,2023-06-04 02:04:00,credit,Salary Deposit,Income,59736,Success,0,54722
1555,A049,2023-06-04 15:12:00,credit,Salary Deposit,Income,74369,Success,0,268021
1556,A107,2023-06-04 19:51:00,credit,Salary Deposit,Income,61662,Success,0,187943
1557,A146,2023-06-04 22:39:00,credit,Salary Deposit,Income,58821,Success,0,187303
1558,A069,2023-06-05 01:12:00,credit,Salary Deposit,Income,347385,Success,0,456328
1559,A189,2023-06-05 07:03:00,credit,Salary Deposit,Income,47041,Success,0,18421
1560,A073,2023-06-05 23:55:00,credit,Salary Deposit,Income,59761,Success,0,58721
1561,A178,2023-06-05 00:58:00,credit,Salary Deposit,Income,85199,Success,0,222656
1562,A197,2023-06-05 17:54:00,credit,Salary Deposit,Income,32222,Pending,0,96311
1563,A037,2023-06-05 05:29:00,credit,Salary Deposit,Income,51448,Success,0,193720
1564,A015,2023-06-05 11:35:00,credit,Suspicious Transfer,Fraud,71113,Success,1,138850
1565,A200,2023-06-05 02:19:00,credit,Salary Deposit,Income,86643,Success,0,311932
1566,A126,2023-06-05 05:46:00,credit,Salary Deposit,Income,67735,Success,0,-100012
1567,A108,2023-06-05 18:10:00,credit,Salary Deposit,Income,45392,Success,0,101628
1568,A086,2023-06-06 02:59:00,debit,Flipkart,Shopping,2820,Success,0,77185
1569,A058,2023-06-06 10:06:00,debit,Zomato,Food,7318,Success,0,-20822
1570,A058,2023-06-06 21:10:00,debit,Swiggy,Food,2346,Success,0,-23168
1571,A143,2023-06-06 23:16:00,debit,Flipkart,Shopping,3057,Success,0,-113787
1572,A046,2023-06-06 15:41:00,debit,BigBasket,Groceries,6631,Success,0,-42832
1573,A165,2023-06-06 23:26:00,debit,Croma,Electronics,7945,Success,0,199504
1574,A146,2023-06-06 08:25:00,debit,Swiggy,Food,2530,Success,0,184773
1575,A165,2023-06-06 05:28:00,debit,Croma,Electronics,7512,Success,0,191992
1576,A124,2023-06-06 12:05:00,debit,Swiggy,Food,7393,Pending,0,60513
1577,A058,2023-06-06 04:52:00,debit,Amazon,Shopping,1855,Success,0,-25023
1578,A123,2023-06-06 00:03:00,debit,Croma,Electronics,1195,Success,0,30027
1579,A148,2023-06-06 16:59:00,credit,BigBasket,Groceries,405,Success,0,240119
1580,A048,2023-06-06 23:24:00,debit,Flipkart,Shopping,6518,Success,0,17473
1581,A179,2023-06-07 22:58:00,debit,Flipkart,Shopping,15714,Success,0,103186
1582,A092,2023-06-07 15:01:00,credit,Uber,Transport,5251,Pending,0,136259
1583,A078,2023-06-07 00:00:00,debit,Uber,Transport,902,Success,0,218536
1584,A024,2023-06-07 18:19:00,debit,Croma,Electronics,1518,Success,0,427594
1585,A096,2023-06-07 02:48:00,debit,Croma,Electronics,466,Success,0,237545
1586,A193,2023-06-07 23:11:00,debit,Swiggy,Food,4759,Success,0,359546
1587,A076,2023-06-07 22:37:00,debit,Croma,Electronics,1104,Success,0,44580
1588,A068,2023-06-07 14:54:00,debit,Amazon,Shopping,6501,Success,0,200924
1589,A011,2023-06-07 18:08:00,credit,Croma,Electronics,4996,Success,0,102643
1590,A124,2023-06-08 16:07:00,debit,Zomato,Food,2713,Pending,0,57800
1591,A030,2023-06-08 00:47:00,credit,Swiggy,Food,5334,Success,0,-190927
1592,A184,2023-06-08 09:22:00,debit,Uber,Transport,7162,Success,0,74229
1593,A045,2023-06-08 01:38:00,debit,Zomato,Food,3183,Success,0,57116
1594,A180,2023-06-08 00:09:00,debit,BigBasket,Groceries,773,Success,0,256359
1595,A023,2023-06-08 13:59:00,debit,Swiggy,Food,6346,Success,0,200318
1596,A079,2023-06-08 02:10:00,credit,Swiggy,Food,6833,Success,0,192629
1597,A074,2023-06-08 21:30:00,debit,Croma,Electronics,4497,Success,0,130275
1598,A065,2023-06-08 17:32:00,debit,Flipkart,Shopping,4102,Success,0,122498
1599,A089,2023-06-08 21:03:00,debit,Croma,Electronics,7493,Success,0,199722
1600,A138,2023-06-08 15:27:00,debit,Uber,Transport,4050,Success,0,-8273
1601,A174,2023-06-09 23:15:00,debit,Croma,Electronics,4741,Success,0,95990
1602,A037,2023-06-09 00:29:00,debit,BigBasket,Groceries,4875,Success,0,188845
1603,A169,2023-06-09 03:00:00,credit,Zomato,Food,2693,Success,0,-2014
1604,A138,2023-06-09 09:22:00,debit,Amazon,Shopping,4385,Success,0,-12658
1605,A173,2023-06-09 05:52:00,debit,Amazon,Shopping,6558,Success,0,301472
1606,A160,2023-06-09 14:11:00,debit,Uber,Transport,433,Pending,0,9842
1607,A036,2023-06-10 20:35:00,debit,Flipkart,Shopping,9543,Pending,0,-115553
1608,A020,2023-06-10 08:22:00,credit,BigBasket,Groceries,11748,Success,0,14965
1609,A099,2023-06-10 06:06:00,debit,Swiggy,Food,12659,Success,0,18503
1610,A038,2023-06-10 16:34:00,credit,Flipkart,Shopping,9781,Success,0,41793
1611,A167,2023-06-10 07:47:00,debit,Netflix,Entertainment,12254,Success,0,-24842
1612,A037,2023-06-10 07:00:00,debit,Croma,Electronics,1233,Success,0,187612
1613,A105,2023-06-10 21:05:00,debit,Flipkart,Shopping,1974,Pending,0,3596
1614,A169,2023-06-10 12:13:00,debit,Flipkart,Shopping,12455,Success,0,-14469
1615,A069,2023-06-10 05:44:00,credit,Zomato,Food,40854,Failed,0,497182
1616,A095,2023-06-10 02:52:00,credit,Flipkart,Shopping,3517,Success,0,40576
1617,A135,2023-06-10 08:26:00,debit,Swiggy,Food,5095,Success,0,108658
1618,A138,2023-06-11 22:08:00,debit,Flipkart,Shopping,8578,Success,0,-21236
1619,A119,2023-06-11 04:23:00,credit,Netflix,Entertainment,12134,Success,0,167324
1620,A149,2023-06-11 10:07:00,credit,Netflix,Entertainment,10357,Success,0,124863
1621,A111,2023-06-11 02:44:00,debit,Croma,Electronics,13341,Success,0,136100
1622,A041,2023-06-11 15:42:00,debit,Croma,Electronics,11487,Success,0,44848
1623,A158,2023-06-11 17:08:00,debit,Zomato,Food,14145,Pending,0,105970
1624,A186,2023-06-11 04:11:00,debit,BigBasket,Groceries,32682,Success,0,752064
1625,A098,2023-06-12 02:47:00,debit,Croma,Electronics,20148,Success,0,-176176
1626,A010,2023-06-12 13:58:00,debit,Amazon,Shopping,11745,Success,0,-69338
1627,A123,2023-06-12 07:38:00,debit,Netflix,Entertainment,909,Success,0,29118
1628,A127,2023-06-12 10:51:00,debit,BigBasket,Groceries,6122,Success,0,279400
1629,A028,2023-06-12 15:33:00,debit,Netflix,Entertainment,2137,Pending,0,91596
1630,A040,2023-06-12 06:57:00,credit,Flipkart,Shopping,12735,Success,0,122451
1631,A102,2023-06-13 02:15:00,credit,Zomato,Food,1846,Pending,0,30254
1632,A132,2023-06-13 15:03:00,debit,Zomato,Food,2206,Success,0,48897
1633,A156,2023-06-13 08:33:00,debit,Amazon,Shopping,7062,Success,0,16348
1634,A094,2023-06-13 16:55:00,credit,Swiggy,Food,890,Success,0,-517
1635,A031,2023-06-13 17:43:00,debit,Zomato,Food,506,Success,0,181542
1636,A106,2023-06-13 00:06:00,debit,Flipkart,Shopping,6239,Pending,0,283618
1637,A084,2023-06-13 08:10:00,credit,BigBasket,Groceries,299,Success,0,96898
1638,A185,2023-06-13 22:32:00,debit,Uber,Transport,6881,Success,0,-30759
1639,A168,2023-06-13 21:22:00,debit,Netflix,Entertainment,3605,Success,0,57524
1640,A022,2023-06-14 00:39:00,debit,Croma,Electronics,4835,Success,0,41119
1641,A165,2023-06-14 10:21:00,credit,Netflix,Entertainment,4005,Success,0,195997
1642,A119,2023-06-14 14:24:00,debit,Suspicious Transfer,Fraud,93410,Failed,1,73914
1643,A101,2023-06-14 07:50:00,debit,Netflix,Entertainment,3567,Success,0,148106
1644,A156,2023-06-14 16:23:00,debit,BigBasket,Groceries,7914,Success,0,8434
1645,A039,2023-06-15 17:18:00,credit,BigBasket,Groceries,6743,Success,0,88347
1646,A038,2023-06-15 14:48:00,debit,Amazon,Shopping,5454,Success,0,36339
1647,A130,2023-06-15 17:09:00,debit,Croma,Electronics,5240,Success,0,44964
1648,A184,2023-06-15 17:19:00,debit,Netflix,Entertainment,7950,Success,0,66279
1649,A051,2023-06-15 04:23:00,credit,Zomato,Food,3037,Success,0,51863
1650,A187,2023-06-15 16:26:00,debit,Zomato,Food,648,Success,0,-8036
1651,A016,2023-06-15 14:51:00,debit,Netflix,Entertainment,874,Success,0,11305
1652,A182,2023-06-16 02:14:00,debit,Croma,Electronics,4763,Success,0,-43837
1653,A175,2023-06-16 04:49:00,debit,Zomato,Food,5768,Success,0,40449
1654,A158,2023-06-16 15:03:00,debit,Flipkart,Shopping,5177,Success,0,100793
1655,A095,2023-06-16 22:12:00,credit,Croma,Electronics,2521,Success,0,43097
1656,A115,2023-06-16 20:10:00,debit,Uber,Transport,2791,Success,0,272145
1657,A188,2023-06-16 20:37:00,debit,Flipkart,Shopping,5262,Success,0,171834
1658,A100,2023-06-16 21:12:00,debit,Zomato,Food,7415,Success,0,-107832
1659,A100,2023-06-16 12:24:00,debit,Uber,Transport,6397,Success,0,-114229
1660,A173,2023-06-16 13:50:00,credit,Flipkart,Shopping,523,Success,0,301995
1661,A197,2023-06-16 09:00:00,debit,BigBasket,Groceries,4751,Success,0,91560
1662,A009,2023-06-17 12:28:00,debit,Zomato,Food,13984,Success,0,97763
1663,A132,2023-06-17 08:30:00,debit,Zomato,Food,8079,Success,0,40818
1664,A137,2023-06-17 10:23:00,debit,Amazon,Shopping,4825,Success,0,50145
1665,A199,2023-06-17 03:36:00,credit,Netflix,Entertainment,5263,Success,0,34163
1666,A151,2023-06-17 23:21:00,credit,Amazon,Shopping,9724,Success,0,154737
1667,A056,2023-06-17 01:40:00,debit,Flipkart,Shopping,41106,Success,0,-57013
1668,A020,2023-06-17 03:33:00,debit,Swiggy,Food,3263,Failed,0,11702
1669,A159,2023-06-17 06:00:00,debit,Flipkart,Shopping,13673,Success,0,17186
1670,A050,2023-06-17 05:46:00,credit,BigBasket,Groceries,9881,Success,0,250218
1671,A144,2023-06-17 06:49:00,debit,Zomato,Food,6127,Success,0,2642
1672,A026,2023-06-17 17:32:00,debit,Flipkart,Shopping,2441,Success,0,99896
1673,A145,2023-06-18 07:51:00,debit,Zomato,Food,9541,Success,0,139062
1674,A143,2023-06-18 07:41:00,debit,Netflix,Entertainment,13272,Success,0,-127059
1675,A055,2023-06-18 21:33:00,credit,Netflix,Entertainment,11986,Success,0,68404
1676,A091,2023-06-18 23:42:00,debit,Flipkart,Shopping,13852,Success,0,86380
1677,A114,2023-06-18 16:35:00,debit,Amazon,Shopping,8790,Failed,0,317659
1678,A133,2023-06-18 11:00:00,debit,Swiggy,Food,10920,Success,0,-6976
1679,A165,2023-06-18 04:44:00,debit,BigBasket,Groceries,4434,Success,0,191563
1680,A194,2023-06-18 22:38:00,debit,BigBasket,Groceries,3272,Success,0,43147
1681,A155,2023-06-18 21:29:00,debit,Amazon,Shopping,10858,Success,0,16573
1682,A036,2023-06-18 09:51:00,debit,Swiggy,Food,8094,Success,0,-123647
1683,A090,2023-06-18 02:06:00,debit,Amazon,Shopping,8771,Success,0,183335
1684,A101,2023-06-18 18:17:00,debit,Flipkart,Shopping,13773,Success,0,134333
1685,A023,2023-06-18 08:56:00,debit,Uber,Transport,12052,Success,0,188266
1686,A184,2023-06-19 05:44:00,debit,Croma,Electronics,6868,Success,0,59411
1687,A161,2023-06-19 07:28:00,debit,Amazon,Shopping,5872,Success,0,202163
1688,A131,2023-06-19 22:19:00,debit,Flipkart,Shopping,7071,Success,0,-22587
1689,A137,2023-06-19 07:56:00,debit,Amazon,Shopping,6889,Success,0,43256
1690,A197,2023-06-19 02:07:00,debit,BigBasket,Groceries,7024,Success,0,84536
1691,A075,2023-06-19 11:06:00,debit,BigBasket,Groceries,22620,Success,0,328133
1692,A142,2023-06-19 04:08:00,debit,Uber,Transport,4645,Success,0,-30600
1693,A016,2023-06-19 14:28:00,credit,Swiggy,Food,7932,Success,0,19237
1694,A097,2023-06-20 20:20:00,debit,BigBasket,Groceries,4202,Pending,0,228006
1695,A140,2023-06-20 10:46:00,debit,Croma,Electronics,3867,Success,0,88567
1696,A162,2023-06-20 17:29:00,debit,Uber,Transport,5517,Success,0,-286021
1697,A077,2023-06-20 07:21:00,credit,Suspicious Transfer,Fraud,110818,Success,1,149260
1698,A035,2023-06-20 10:47:00,debit,Zomato,Food,7378,Success,0,47344
1699,A163,2023-06-20 13:25:00,credit,Zomato,Food,7070,Success,0,3052
1700,A101,2023-06-20 08:48:00,debit,Croma,Electronics,3252,Success,0,131081
1701,A171,2023-06-21 07:26:00,debit,Amazon,Shopping,7056,Success,0,154279
1702,A055,2023-06-21 14:31:00,debit,BigBasket,Groceries,993,Success,0,67411
1703,A163,2023-06-21 12:25:00,debit,BigBasket,Groceries,3909,Success,0,-857
1704,A133,2023-06-21 05:11:00,debit,Flipkart,Shopping,3059,Success,0,-10035
1705,A017,2023-06-21 04:33:00,credit,Netflix,Entertainment,4012,Success,0,111075
1706,A164,2023-06-21 03:07:00,debit,Uber,Transport,2025,Success,0,234057
1707,A132,2023-06-21 10:05:00,debit,Swiggy,Food,4811,Success,0,36007
1708,A189,2023-06-21 22:58:00,credit,Croma,Electronics,5835,Success,0,24256
1709,A067,2023-06-21 17:25:00,debit,Netflix,Entertainment,6220,Success,0,364
1710,A179,2023-06-21 22:25:00,credit,Flipkart,Shopping,9765,Success,0,112951
1711,A146,2023-06-22 17:03:00,credit,Croma,Electronics,7223,Success,0,191996
1712,A021,2023-06-22 01:02:00,debit,BigBasket,Groceries,7207,Success,0,15999
1713,A175,2023-06-22 10:00:00,debit,Netflix,Entertainment,5432,Success,0,35017
1714,A090,2023-06-22 18:02:00,debit,Flipkart,Shopping,2396,Success,0,180939
1715,A049,2023-06-22 12:22:00,debit,Swiggy,Food,2587,Success,0,265434
1716,A095,2023-06-22 08:33:00,debit,Croma,Electronics,7321,Success,0,35776
1717,A184,2023-06-22 03:19:00,credit,BigBasket,Groceries,1464,Pending,0,60875
1718,A037,2023-06-22 06:01:00,debit,Netflix,Entertainment,6054,Success,0,181558
1719,A069,2023-06-22 12:28:00,credit,Zomato,Food,11985,Success,0,509167
1720,A107,2023-06-22 23:45:00,debit,Netflix,Entertainment,6373,Success,0,181570
1721,A064,2023-06-22 00:54:00,debit,Amazon,Shopping,1432,Failed,0,143634
1722,A046,2023-06-22 15:20:00,debit,BigBasket,Groceries,2679,Success,0,-45511
1723,A130,2023-06-23 23:36:00,debit,Amazon,Shopping,1196,Success,0,43768
1724,A041,2023-06-23 07:44:00,credit,Netflix,Entertainment,2721,Success,0,47569
1725,A134,2023-06-23 10:55:00,debit,Amazon,Shopping,11772,Success,0,486577
1726,A111,2023-06-23 01:50:00,debit,Flipkart,Shopping,1034,Success,0,135066
1727,A198,2023-06-23 19:06:00,debit,Suspicious Transfer,Fraud,85223,Success,1,173074
1728,A127,2023-06-23 01:01:00,debit,Croma,Electronics,7030,Success,0,272370
1729,A086,2023-06-23 08:19:00,credit,Flipkart,Shopping,2025,Failed,0,79210
1730,A158,2023-06-23 05:10:00,debit,Flipkart,Shopping,2439,Success,0,98354
1731,A144,2023-06-23 01:55:00,credit,Flipkart,Shopping,5995,Success,0,8637
1732,A087,2023-06-23 01:42:00,debit,Zomato,Food,6002,Success,0,84865
1733,A079,2023-06-23 22:08:00,debit,BigBasket,Groceries,222,Failed,0,192407
1734,A052,2023-06-23 23:33:00,credit,Uber,Transport,3273,Success,0,69575
1735,A128,2023-06-23 11:11:00,credit,Uber,Transport,4493,Success,0,-88964
1736,A142,2023-06-24 08:34:00,debit,Amazon,Shopping,14949,Success,0,-45549
1737,A062,2023-06-24 13:02:00,debit,Amazon,Shopping,3152,Success,0,139664
1738,A082,2023-06-24 00:32:00,credit,Zomato,Food,14076,Success,0,128657
1739,A167,2023-06-24 22:11:00,credit,Flipkart,Shopping,4034,Success,0,-20808
1740,A157,2023-06-24 00:59:00,debit,Netflix,Entertainment,5402,Success,0,35021
1741,A086,2023-06-24 13:49:00,debit,BigBasket,Groceries,1633,Success,0,77577
1742,A083,2023-06-24 21:34:00,debit,Croma,Electronics,7952,Success,0,-8155
1743,A087,2023-06-24 20:45:00,debit,BigBasket,Groceries,7808,Success,0,77057
1744,A018,2023-06-24 05:56:00,debit,Zomato,Food,7327,Success,0,205770
1745,A010,2023-06-25 21:09:00,debit,Swiggy,Food,15834,Success,0,-85172
1746,A198,2023-06-25 14:33:00,debit,Swiggy,Food,11617,Success,0,161457
1747,A042,2023-06-25 13:51:00,debit,Flipkart,Shopping,8462,Success,0,102099
1748,A059,2023-06-25 16:47:00,debit,BigBasket,Groceries,4382,Success,0,180543
1749,A107,2023-06-25 23:08:00,credit,Netflix,Entertainment,6542,Success,0,188112
1750,A041,2023-06-25 06:18:00,debit,Croma,Electronics,8465,Success,0,39104
1751,A139,2023-06-25 12:56:00,debit,Croma,Electronics,14612,Failed,0,112342
1752,A079,2023-06-25 18:52:00,debit,Netflix,Entertainment,1346,Success,0,191061
1753,A181,2023-06-26 16:16:00,debit,Flipkart,Shopping,3957,Success,0,-24584
1754,A173,2023-06-26 19:28:00,debit,Zomato,Food,4720,Failed,0,297275
1755,A091,2023-06-26 15:35:00,credit,Amazon,Shopping,5981,Failed,0,92361
1756,A156,2023-06-26 09:08:00,debit,Uber,Transport,2002,Success,0,6432
1757,A150,2023-06-26 15:42:00,credit,Flipkart,Shopping,5468,Pending,0,19948
1758,A077,2023-06-26 19:02:00,debit,BigBasket,Groceries,6140,Success,0,143120
1759,A088,2023-06-26 07:07:00,debit,Amazon,Shopping,1195,Success,0,326677
1760,A048,2023-06-26 05:37:00,credit,BigBasket,Groceries,3996,Success,0,21469
1761,A128,2023-06-26 00:14:00,debit,Zomato,Food,2418,Pending,0,-91382
1762,A103,2023-06-26 08:45:00,debit,Uber,Transport,5715,Success,0,496824
1763,A035,2023-06-27 13:42:00,debit,Amazon,Shopping,4817,Pending,0,42527
1764,A185,2023-06-27 11:06:00,credit,Amazon,Shopping,699,Success,0,-30060
1765,A038,2023-06-27 23:49:00,debit,Zomato,Food,6694,Success,0,29645
1766,A172,2023-06-27 16:45:00,debit,BigBasket,Groceries,5174,Success,0,36000
1767,A139,2023-06-27 20:09:00,debit,BigBasket,Groceries,7357,Failed,0,104985
1768,A194,2023-06-27 14:49:00,credit,Zomato,Food,4726,Success,0,47873
1769,A147,2023-06-27 15:01:00,debit,Swiggy,Food,5476,Success,0,-23943
1770,A189,2023-06-28 22:44:00,debit,Flipkart,Shopping,1036,Success,0,23220
1771,A123,2023-06-28 06:55:00,debit,BigBasket,Groceries,7459,Success,0,21659
1772,A058,2023-06-28 03:45:00,debit,Croma,Electronics,7554,Success,0,-32577
1773,A121,2023-06-28 09:00:00,debit,Swiggy,Food,7420,Success,0,-7696
1774,A021,2023-06-28 00:51:00,debit,Flipkart,Shopping,637,Success,0,15362
1775,A190,2023-06-28 03:27:00,debit,Croma,Electronics,3431,Success,0,187897
1776,A125,2023-06-28 19:58:00,debit,Croma,Electronics,595,Success,0,214574
1777,A080,2023-06-29 09:54:00,debit,Swiggy,Food,6661,Success,0,-4395
1778,A025,2023-06-29 18:22:00,credit,Swiggy,Food,6020,Success,0,272495
1779,A196,2023-06-29 06:16:00,debit,Croma,Electronics,6097,Success,0,30817
1780,A101,2023-06-29 08:52:00,debit,Uber,Transport,3082,Success,0,127999
1781,A023,2023-06-29 18:16:00,credit,Uber,Transport,1144,Success,0,189410
1782,A050,2023-06-29 04:55:00,debit,BigBasket,Groceries,2165,Success,0,248053
1783,A073,2023-06-29 08:49:00,debit,Zomato,Food,644,Success,0,58077
1784,A169,2023-06-29 02:48:00,debit,Swiggy,Food,2012,Success,0,-16481
1785,A137,2023-06-29 14:46:00,debit,BigBasket,Groceries,6360,Success,0,36896
1786,A131,2023-06-29 10:02:00,debit,Zomato,Food,14160,Success,0,-36747
1787,A014,2023-06-30 11:46:00,debit,Zomato,Food,7462,Success,0,127928
1788,A145,2023-06-30 14:57:00,debit,Netflix,Entertainment,3590,Success,0,135472
1789,A013,2023-06-30 17:52:00,credit,Flipkart,Shopping,5236,Success,0,75135
1790,A042,2023-06-30 04:45:00,debit,Zomato,Food,7419,Success,0,94680
1791,A004,2023-06-30 18:07:00,debit,Uber,Transport,1426,Success,0,214570
1792,A083,2023-07-01 21:25:00,credit,Salary Deposit,Income,86136,Success,0,77981
1793,A010,2023-07-01 05:35:00,credit,Salary Deposit,Income,213075,Success,0,127903
1794,A018,2023-07-01 21:36:00,credit,Suspicious Transfer,Fraud,120253,Success,1,326023
1795,A152,2023-07-01 08:36:00,credit,Salary Deposit,Income,130929,Success,0,382948
1796,A196,2023-07-01 08:37:00,credit,Salary Deposit,Income,104399,Success,0,135216
1797,A152,2023-07-01 21:11:00,credit,Salary Deposit,Income,103035,Success,0,485983
1798,A144,2023-07-01 21:26:00,credit,Salary Deposit,Income,101302,Success,0,109939
1799,A155,2023-07-02 06:57:00,credit,Salary Deposit,Income,38801,Success,0,55374
1800,A128,2023-07-02 11:21:00,credit,Salary Deposit,Income,66623,Success,0,-24759
1801,A003,2023-07-02 23:56:00,credit,Salary Deposit,Income,79946,Success,0,204975
1802,A137,2023-07-02 07:16:00,credit,Salary Deposit,Income,82138,Success,0,119034
1803,A102,2023-07-02 15:05:00,credit,Salary Deposit,Income,75761,Success,0,106015
1804,A016,2023-07-02 11:47:00,credit,Salary Deposit,Income,67530,Failed,0,86767
1805,A166,2023-07-03 19:24:00,credit,Salary Deposit,Income,32861,Success,0,100510
1806,A028,2023-07-03 20:27:00,credit,Salary Deposit,Income,72590,Failed,0,164186
1807,A011,2023-07-03 04:17:00,credit,Salary Deposit,Income,51227,Success,0,153870
1808,A057,2023-07-03 09:27:00,credit,Salary Deposit,Income,217131,Success,0,487570
1809,A113,2023-07-03 20:58:00,credit,Salary Deposit,Income,52553,Success,0,149962
1810,A015,2023-07-04 10:21:00,credit,Salary Deposit,Income,83417,Success,0,222267
1811,A181,2023-07-04 13:46:00,credit,Salary Deposit,Income,75332,Success,0,50748
1812,A070,2023-07-04 23:26:00,credit,Salary Deposit,Income,97498,Success,0,291869
1813,A109,2023-07-04 21:39:00,credit,Salary Deposit,Income,72211,Success,0,112258
1814,A109,2023-07-04 05:50:00,credit,Salary Deposit,Income,87370,Success,0,199628
1815,A062,2023-07-04 19:15:00,credit,Salary Deposit,Income,97652,Success,0,237316
1816,A084,2023-07-04 10:56:00,credit,Salary Deposit,Income,55027,Success,0,151925
1817,A033,2023-07-04 12:20:00,credit,Salary Deposit,Income,84042,Success,0,168721
1818,A196,2023-07-04 09:27:00,credit,Salary Deposit,Income,102392,Success,0,237608
1819,A085,2023-07-04 06:52:00,credit,Salary Deposit,Income,102648,Success,0,174075
1820,A196,2023-07-04 16:45:00,credit,Salary Deposit,Income,35883,Pending,0,273491
1821,A088,2023-07-05 04:28:00,credit,Salary Deposit,Income,44239,Success,0,370916
1822,A194,2023-07-05 16:57:00,credit,Salary Deposit,Income,63846,Success,0,111719
1823,A105,2023-07-05 04:47:00,credit,Salary Deposit,Income,91132,Success,0,94728
1824,A174,2023-07-05 20:17:00,credit,Salary Deposit,Income,58541,Success,0,154531
1825,A119,2023-07-05 05:00:00,credit,Suspicious Transfer,Fraud,148383,Success,1,222297
1826,A047,2023-07-05 05:45:00,credit,Salary Deposit,Income,64918,Success,0,285780
1827,A108,2023-07-05 02:22:00,credit,Salary Deposit,Income,89621,Success,0,191249
1828,A070,2023-07-05 14:50:00,credit,Salary Deposit,Income,31754,Success,0,323623
1829,A083,2023-07-05 18:44:00,credit,Salary Deposit,Income,50600,Success,0,128581
1830,A165,2023-07-05 07:35:00,credit,Salary Deposit,Income,101275,Success,0,292838
1831,A039,2023-07-05 03:15:00,credit,Salary Deposit,Income,56724,Success,0,145071
1832,A166,2023-07-05 09:18:00,credit,Salary Deposit,Income,73258,Success,0,173768
1833,A150,2023-07-05 07:42:00,credit,Salary Deposit,Income,62624,Success,0,82572
1834,A017,2023-07-05 14:47:00,credit,Salary Deposit,Income,89177,Success,0,200252
1835,A125,2023-07-06 01:51:00,debit,Netflix,Entertainment,6311,Success,0,208263
1836,A033,2023-07-06 19:13:00,debit,Croma,Electronics,3621,Success,0,165100
1837,A118,2023-07-06 22:59:00,debit,Amazon,Shopping,4549,Success,0,125745
1838,A078,2023-07-06 17:11:00,debit,Croma,Electronics,6186,Success,0,212350
1839,A112,2023-07-06 17:51:00,debit,Croma,Electronics,1370,Success,0,122999
1840,A197,2023-07-06 08:37:00,debit,Uber,Transport,5542,Pending,0,78994
1841,A087,2023-07-06 07:06:00,debit,BigBasket,Groceries,2136,Success,0,74921
1842,A160,2023-07-07 15:33:00,credit,Amazon,Shopping,358,Success,0,10200
1843,A044,2023-07-07 11:03:00,debit,Flipkart,Shopping,844,Success,0,27637
1844,A083,2023-07-07 13:01:00,debit,Croma,Electronics,3638,Success,0,124943
1845,A193,2023-07-07 03:26:00,debit,Amazon,Shopping,1078,Success,0,358468
1846,A082,2023-07-07 23:01:00,debit,Netflix,Entertainment,7329,Success,0,121328
1847,A178,2023-07-07 16:10:00,credit,Netflix,Entertainment,4100,Success,0,226756
1848,A153,2023-07-07 19:13:00,debit,Swiggy,Food,3954,Success,0,41779
1849,A135,2023-07-07 21:39:00,debit,Croma,Electronics,3701,Success,0,104957
1850,A190,2023-07-07 10:16:00,debit,Amazon,Shopping,7613,Success,0,180284
1851,A168,2023-07-07 18:58:00,credit,BigBasket,Groceries,3171,Success,0,60695
1852,A005,2023-07-07 10:15:00,debit,Netflix,Entertainment,19479,Success,0,337900
1853,A157,2023-07-07 15:57:00,debit,Zomato,Food,1722,Success,0,33299
1854,A133,2023-07-07 10:40:00,debit,Uber,Transport,7001,Success,0,-17036
1855,A157,2023-07-07 08:11:00,debit,Zomato,Food,5314,Success,0,27985
1856,A087,2023-07-07 09:08:00,debit,Flipkart,Shopping,4409,Success,0,70512
1857,A142,2023-07-08 09:27:00,debit,Suspicious Transfer,Fraud,120614,Success,1,-166163
1858,A021,2023-07-08 06:40:00,debit,Zomato,Food,7304,Failed,0,8058
1859,A155,2023-07-08 10:03:00,debit,Amazon,Shopping,8830,Success,0,46544
1860,A111,2023-07-08 00:59:00,credit,BigBasket,Groceries,8771,Success,0,143837
1861,A018,2023-07-08 11:05:00,debit,Croma,Electronics,10105,Success,0,315918
1862,A042,2023-07-08 20:46:00,debit,Zomato,Food,1266,Pending,0,93414
1863,A033,2023-07-08 10:09:00,debit,Zomato,Food,14124,Success,0,150976
1864,A132,2023-07-08 11:52:00,credit,Swiggy,Food,8312,Success,0,44319
1865,A181,2023-07-08 21:16:00,debit,Zomato,Food,9668,Success,0,41080
1866,A140,2023-07-08 06:58:00,debit,Uber,Transport,14908,Failed,0,73659
1867,A167,2023-07-08 03:07:00,debit,Netflix,Entertainment,8177,Success,0,-28985
1868,A109,2023-07-08 01:19:00,credit,Netflix,Entertainment,7382,Success,0,207010
1869,A175,2023-07-08 16:04:00,credit,Croma,Electronics,9574,Success,0,44591
1870,A019,2023-07-08 06:13:00,credit,BigBasket,Groceries,10761,Success,0,251417
1871,A112,2023-07-08 02:18:00,credit,Netflix,Entertainment,4683,Success,0,127682
1872,A022,2023-07-09 12:11:00,debit,Swiggy,Food,11117,Success,0,30002
1873,A023,2023-07-09 08:20:00,debit,Zomato,Food,14193,Success,0,175217
1874,A183,2023-07-09 05:59:00,debit,Swiggy,Food,10497,Success,0,-5830
1875,A007,2023-07-09 12:14:00,debit,Swiggy,Food,14853,Pending,0,16828
1876,A068,2023-07-09 15:45:00,debit,Croma,Electronics,6480,Success,0,194444
1877,A116,2023-07-09 04:30:00,debit,Zomato,Food,3426,Success,0,182312
1878,A018,2023-07-09 17:16:00,credit,Croma,Electronics,1122,Success,0,317040
1879,A001,2023-07-09 11:05:00,debit,Netflix,Entertainment,12785,Failed,0,-229700
1880,A110,2023-07-09 09:19:00,debit,Zomato,Food,6479,Success,0,36905
1881,A062,2023-07-09 16:52:00,credit,Uber,Transport,3217,Success,0,240533
1882,A089,2023-07-10 17:10:00,credit,Zomato,Food,7603,Success,0,207325
1883,A120,2023-07-10 12:37:00,debit,Croma,Electronics,2291,Success,0,202553
1884,A050,2023-07-10 15:35:00,debit,Amazon,Shopping,4626,Success,0,243427
1885,A024,2023-07-10 17:43:00,debit,Flipkart,Shopping,5607,Success,0,421987
1886,A050,2023-07-10 01:18:00,debit,Amazon,Shopping,3687,Success,0,239740
1887,A143,2023-07-10 11:31:00,debit,Zomato,Food,13722,Success,0,-140781
1888,A104,2023-07-10 10:38:00,debit,Zomato,Food,7067,Success,0,165111
1889,A104,2023-07-10 13:36:00,debit,Croma,Electronics,2093,Success,0,163018
1890,A190,2023-07-10 08:56:00,debit,BigBasket,Groceries,550,Success,0,179734
1891,A044,2023-07-10 03:22:00,debit,Swiggy,Food,4242,Success,0,23395
1892,A057,2023-07-10 06:37:00,debit,Amazon,Shopping,22398,Failed,0,465172
1893,A173,2023-07-11 14:53:00,debit,Swiggy,Food,6510,Success,0,290765
1894,A024,2023-07-11 13:43:00,debit,Flipkart,Shopping,7992,Success,0,413995
1895,A169,2023-07-11 14:31:00,debit,Uber,Transport,1984,Success,0,-18465
1896,A045,2023-07-11 08:52:00,debit,Amazon,Shopping,1998,Success,0,55118
1897,A003,2023-07-11 07:35:00,debit,Zomato,Food,4181,Success,0,200794
1898,A161,2023-07-11 13:58:00,debit,Swiggy,Food,3251,Success,0,198912
1899,A040,2023-07-11 01:27:00,debit,Flipkart,Shopping,22896,Success,0,99555
1900,A140,2023-07-11 09:46:00,debit,Uber,Transport,5590,Success,0,68069
1901,A130,2023-07-11 19:03:00,debit,Zomato,Food,6836,Success,0,36932
1902,A134,2023-07-11 09:01:00,credit,Zomato,Food,17448,Success,0,504025
1903,A145,2023-07-12 08:06:00,debit,Croma,Electronics,7584,Success,0,127888
1904,A115,2023-07-12 11:06:00,debit,Croma,Electronics,4010,Success,0,268135
1905,A057,2023-07-12 23:55:00,credit,BigBasket,Groceries,8889,Success,0,474061
1906,A104,2023-07-12 06:41:00,debit,Croma,Electronics,3734,Success,0,159284
1907,A134,2023-07-12 01:27:00,debit,Uber,Transport,4956,Success,0,499069
1908,A058,2023-07-13 12:11:00,credit,Netflix,Entertainment,3894,Success,0,-28683
1909,A157,2023-07-13 11:38:00,debit,Swiggy,Food,5510,Success,0,22475
1910,A149,2023-07-13 12:12:00,debit,Croma,Electronics,3795,Success,0,121068
1911,A146,2023-07-13 19:37:00,debit,Flipkart,Shopping,1623,Pending,0,190373
1912,A166,2023-07-13 01:52:00,debit,Amazon,Shopping,5631,Success,0,168137
1913,A169,2023-07-13 13:02:00,debit,Netflix,Entertainment,2113,Failed,0,-20578
1914,A182,2023-07-14 02:25:00,debit,Croma,Electronics,2286,Success,0,-46123
1915,A164,2023-07-14 18:37:00,debit,Flipkart,Shopping,4295,Success,0,229762
1916,A017,2023-07-14 03:43:00,debit,Swiggy,Food,1191,Success,0,199061
1917,A168,2023-07-14 03:29:00,credit,Zomato,Food,3637,Success,0,64332
1918,A196,2023-07-14 00:11:00,credit,Uber,Transport,636,Success,0,274127
1919,A135,2023-07-14 08:25:00,debit,Croma,Electronics,3968,Success,0,100989
1920,A023,2023-07-14 05:34:00,debit,Croma,Electronics,4836,Success,0,170381
1921,A178,2023-07-15 23:33:00,debit,Amazon,Shopping,4304,Success,0,222452
1922,A154,2023-07-15 05:05:00,debit,Swiggy,Food,12549,Success,0,-5488
1923,A051,2023-07-15 00:24:00,debit,Croma,Electronics,12365,Success,0,39498
1924,A083,2023-07-15 04:26:00,debit,Flipkart,Shopping,3890,Success,0,121053
1925,A122,2023-07-15 05:51:00,credit,Netflix,Entertainment,13168,Success,0,5537
1926,A023,2023-07-15 17:58:00,debit,Croma,Electronics,14098,Success,0,156283
1927,A058,2023-07-15 15:05:00,debit,Croma,Electronics,2424,Success,0,-31107
1928,A072,2023-07-15 06:20:00,debit,Croma,Electronics,7340,Success,0,159158
1929,A068,2023-07-15 04:44:00,debit,Flipkart,Shopping,2307,Success,0,192137
1930,A071,2023-07-15 14:38:00,credit,BigBasket,Groceries,4335,Success,0,141645
1931,A142,2023-07-15 07:04:00,debit,BigBasket,Groceries,2779,Success,0,-168942
1932,A020,2023-07-15 05:27:00,debit,Netflix,Entertainment,13012,Success,0,-1310
1933,A096,2023-07-15 21:02:00,debit,Swiggy,Food,6582,Success,0,230963
1934,A031,2023-07-15 23:54:00,debit,Croma,Electronics,8354,Success,0,173188
1935,A135,2023-07-16 02:53:00,debit,Uber,Transport,2240,Success,0,98749
1936,A098,2023-07-16 10:24:00,credit,Croma,Electronics,5712,Success,0,-170464
1937,A080,2023-07-16 00:23:00,debit,Flipkart,Shopping,8348,Success,0,-12743
1938,A121,2023-07-16 22:27:00,debit,Flipkart,Shopping,10746,Success,0,-18442
1939,A102,2023-07-16 05:20:00,credit,Zomato,Food,14444,Success,0,120459
1940,A002,2023-07-16 20:30:00,debit,BigBasket,Groceries,12259,Success,0,62966
1941,A094,2023-07-16 05:31:00,credit,Uber,Transport,6222,Pending,0,5705
1942,A035,2023-07-16 00:55:00,debit,BigBasket,Groceries,6394,Success,0,36133
1943,A082,2023-07-16 01:09:00,debit,BigBasket,Groceries,3278,Success,0,118050
1944,A196,2023-07-16 02:21:00,debit,BigBasket,Groceries,10724,Success,0,263403
1945,A041,2023-07-16 12:57:00,credit,Uber,Transport,8898,Success,0,48002
1946,A105,2023-07-16 06:02:00,debit,Uber,Transport,3339,Success,0,91389
1947,A081,2023-07-16 00:16:00,debit,Amazon,Shopping,36492,Success,0,159644
1948,A024,2023-07-16 11:38:00,debit,Croma,Electronics,18363,Success,0,395632
1949,A180,2023-07-17 08:19:00,debit,Swiggy,Food,2887,Success,0,253472
1950,A178,2023-07-17 11:34:00,debit,Zomato,Food,321,Success,0,222131
1951,A092,2023-07-17 06:20:00,credit,Amazon,Shopping,7412,Success,0,143671
1952,A132,2023-07-17 04:41:00,debit,Flipkart,Shopping,7295,Success,0,37024
1953,A135,2023-07-17 14:54:00,debit,Zomato,Food,4984,Success,0,93765
1954,A087,2023-07-17 08:11:00,credit,Swiggy,Food,1841,Success,0,72353
1955,A148,2023-07-17 11:53:00,debit,Flipkart,Shopping,3856,Success,0,236263
1956,A006,2023-07-17 00:15:00,debit,Flipkart,Shopping,3758,Success,0,119461
1957,A180,2023-07-17 17:57:00,debit,Amazon,Shopping,200,Success,0,253272
1958,A178,2023-07-18 20:45:00,debit,Croma,Electronics,598,Success,0,221533
1959,A006,2023-07-18 21:34:00,debit,Netflix,Entertainment,334,Pending,0,119127
1960,A139,2023-07-18 19:12:00,credit,Netflix,Entertainment,1019,Success,0,106004
1961,A062,2023-07-18 10:51:00,debit,Flipkart,Shopping,200,Success,0,240333
1962,A034,2023-07-18 20:08:00,debit,Zomato,Food,1458,Success,0,81906
1963,A088,2023-07-18 17:08:00,debit,Zomato,Food,1945,Success,0,368971
1964,A179,2023-07-18 14:33:00,credit,Croma,Electronics,3579,Success,0,116530
1965,A051,2023-07-18 22:14:00,debit,Netflix,Entertainment,7528,Success,0,31970
1966,A055,2023-07-19 04:56:00,debit,Suspicious Transfer,Fraud,180822,Success,1,-113411
1967,A057,2023-07-19 18:19:00,credit,Flipkart,Shopping,18666,Success,0,492727
1968,A198,2023-07-19 13:38:00,debit,Uber,Transport,4393,Success,0,157064
1969,A175,2023-07-19 22:08:00,debit,Netflix,Entertainment,363,Success,0,44228
1970,A132,2023-07-19 23:48:00,debit,Uber,Transport,1509,Success,0,35515
1971,A158,2023-07-19 10:16:00,debit,Netflix,Entertainment,486,Success,0,97868
1972,A027,2023-07-19 23:54:00,debit,Uber,Transport,4681,Success,0,-148188
1973,A122,2023-07-19 03:26:00,credit,Netflix,Entertainment,3749,Success,0,9286
1974,A004,2023-07-19 18:38:00,debit,BigBasket,Groceries,6046,Success,0,208524
1975,A018,2023-07-19 12:55:00,debit,Netflix,Entertainment,7684,Success,0,309356
1976,A018,2023-07-19 00:05:00,debit,Flipkart,Shopping,3400,Success,0,305956
1977,A127,2023-07-19 14:14:00,debit,Swiggy,Food,3681,Success,0,268689
1978,A040,2023-07-19 01:04:00,debit,Swiggy,Food,18135,Success,0,81420
1979,A050,2023-07-20 04:39:00,debit,Croma,Electronics,7663,Pending,0,232077
1980,A114,2023-07-20 07:44:00,credit,Uber,Transport,2284,Failed,0,319943
1981,A171,2023-07-20 07:27:00,debit,Flipkart,Shopping,3285,Success,0,150994
1982,A070,2023-07-20 00:08:00,debit,Amazon,Shopping,5630,Success,0,317993
1983,A154,2023-07-20 19:44:00,debit,Croma,Electronics,5601,Success,0,-11089
1984,A005,2023-07-20 13:11:00,credit,Flipkart,Shopping,17322,Success,0,355222
1985,A190,2023-07-20 03:15:00,debit,Flipkart,Shopping,6669,Success,0,173065
1986,A170,2023-07-21 21:00:00,debit,Zomato,Food,2013,Success,0,156708
1987,A139,2023-07-21 09:59:00,debit,Swiggy,Food,1825,Success,0,104179
1988,A166,2023-07-21 09:33:00,debit,BigBasket,Groceries,1197,Success,0,166940
1989,A048,2023-07-21 03:52:00,debit,Uber,Transport,3791,Success,0,17678
1990,A064,2023-07-21 06:42:00,debit,Uber,Transport,5640,Success,0,137994
1991,A117,2023-07-21 15:54:00,debit,Zomato,Food,5462,Success,0,433703
1992,A041,2023-07-21 06:19:00,debit,Croma,Electronics,1653,Success,0,46349
1993,A179,2023-07-21 22:56:00,debit,Netflix,Entertainment,16278,Success,0,100252
1994,A065,2023-07-21 03:14:00,debit,Swiggy,Food,4747,Success,0,117751
1995,A008,2023-07-21 05:06:00,debit,BigBasket,Groceries,2192,Success,0,179478
1996,A154,2023-07-21 03:51:00,debit,Amazon,Shopping,6013,Success,0,-17102
1997,A076,2023-07-21 04:47:00,debit,Amazon,Shopping,4575,Success,0,40005
1998,A009,2023-07-21 00:41:00,debit,Croma,Electronics,3285,Success,0,94478
1999,A089,2023-07-21 17:36:00,debit,Zomato,Food,7896,Success,0,199429
2000,A146,2023-07-21 07:31:00,credit,BigBasket,Groceries,4481,Success,0,194854
2001,A094,2023-07-22 06:14:00,debit,Amazon,Shopping,12762,Success,0,-7057
2002,A130,2023-07-22 12:54:00,debit,Netflix,Entertainment,8541,Success,0,28391
2003,A194,2023-07-22 21:26:00,credit,Netflix,Entertainment,8433,Success,0,120152
2004,A092,2023-07-22 05:45:00,debit,Uber,Transport,5128,Success,0,138543
2005,A096,2023-07-22 03:53:00,credit,Croma,Electronics,8338,Success,0,239301
2006,A198,2023-07-22 14:33:00,debit,Amazon,Shopping,11015,Success,0,146049
2007,A136,2023-07-22 17:15:00,credit,Amazon,Shopping,12239,Success,0,348416
2008,A011,2023-07-22 08:12:00,debit,Swiggy,Food,2230,Success,0,151640
2009,A115,2023-07-23 07:45:00,debit,Swiggy,Food,9145,Success,0,258990
2010,A171,2023-07-23 02:55:00,debit,Suspicious Transfer,Fraud,50024,Success,1,100970
2011,A144,2023-07-23 21:08:00,debit,Croma,Electronics,1263,Success,0,108676
2012,A081,2023-07-23 08:55:00,debit,Croma,Electronics,9456,Failed,0,150188
2013,A118,2023-07-23 07:15:00,debit,Zomato,Food,3870,Success,0,121875
2014,A133,2023-07-23 05:54:00,debit,Uber,Transport,7441,Success,0,-24477
2015,A111,2023-07-23 04:13:00,debit,Zomato,Food,12874,Pending,0,130963
2016,A128,2023-07-23 06:44:00,debit,BigBasket,Groceries,7651,Success,0,-32410
2017,A003,2023-07-23 22:48:00,debit,Croma,Electronics,14821,Success,0,185973
2018,A066,2023-07-23 23:05:00,debit,Netflix,Entertainment,11276,Success,0,105867
2019,A103,2023-07-23 09:40:00,debit,Croma,Electronics,21369,Success,0,475455
2020,A015,2023-07-23 01:54:00,credit,Amazon,Shopping,2801,Success,0,225068
2021,A155,2023-07-23 17:29:00,debit,Uber,Transport,1451,Success,0,45093
2022,A167,2023-07-23 04:17:00,credit,Swiggy,Food,13306,Success,0,-15679
2023,A019,2023-07-23 07:24:00,debit,Swiggy,Food,13870,Success,0,237547
2024,A155,2023-07-24 07:34:00,credit,Swiggy,Food,4984,Success,0,50077
2025,A046,2023-07-24 10:13:00,debit,Zomato,Food,583,Failed,0,-46094
2026,A174,2023-07-24 13:20:00,debit,Flipkart,Shopping,5317,Success,0,149214
2027,A129,2023-07-24 11:00:00,debit,Zomato,Food,2493,Success,0,2133
2028,A156,2023-07-24 16:20:00,debit,Uber,Transport,5459,Pending,0,973
2029,A195,2023-07-24 00:04:00,debit,Zomato,Food,2780,Success,0,193012
2030,A179,2023-07-24 04:34:00,credit,Flipkart,Shopping,6621,Success,0,106873
2031,A034,2023-07-24 13:42:00,debit,Amazon,Shopping,3300,Success,0,78606
2032,A145,2023-07-24 22:38:00,credit,Zomato,Food,7397,Success,0,135285
2033,A062,2023-07-24 21:04:00,debit,Swiggy,Food,442,Failed,0,239891
2034,A195,2023-07-24 22:49:00,debit,BigBasket,Groceries,5969,Failed,0,187043
2035,A157,2023-07-24 17:46:00,debit,Amazon,Shopping,4506,Success,0,17969
2036,A022,2023-07-24 03:25:00,debit,Zomato,Food,4772,Success,0,25230
2037,A011,2023-07-24 02:45:00,credit,Croma,Electronics,887,Success,0,152527
2038,A074,2023-07-25 21:56:00,debit,BigBasket,Groceries,2780,Success,0,127495
2039,A019,2023-07-25 16:01:00,debit,Netflix,Entertainment,7355,Success,0,230192
2040,A050,2023-07-25 08:49:00,debit,Netflix,Entertainment,6435,Success,0,225642
2041,A023,2023-07-25 02:55:00,debit,Zomato,Food,858,Success,0,155425
2042,A053,2023-07-25 23:23:00,debit,BigBasket,Groceries,3293,Success,0,-158995
2043,A011,2023-07-25 03:58:00,debit,Uber,Transport,3155,Success,0,149372
2044,A060,2023-07-25 23:03:00,debit,Zomato,Food,4402,Success,0,107280
2045,A002,2023-07-25 23:22:00,debit,Uber,Transport,3368,Success,0,59598
2046,A103,2023-07-25 02:05:00,debit,Flipkart,Shopping,15438,Success,0,460017
2047,A120,2023-07-25 22:11:00,credit,Zomato,Food,4014,Success,0,206567
2048,A151,2023-07-25 23:45:00,debit,Uber,Transport,1648,Success,0,153089
2049,A016,2023-07-25 06:19:00,debit,Amazon,Shopping,7638,Success,0,79129
2050,A150,2023-07-26 06:39:00,credit,Amazon,Shopping,775,Success,0,83347
2051,A119,2023-07-26 05:58:00,debit,Flipkart,Shopping,6275,Success,0,216022
2052,A120,2023-07-26 04:00:00,credit,Zomato,Food,5618,Success,0,212185
2053,A111,2023-07-26 00:20:00,debit,Amazon,Shopping,1704,Success,0,129259
2054,A174,2023-07-26 22:35:00,debit,Zomato,Food,7175,Success,0,142039
2055,A188,2023-07-26 02:03:00,debit,Netflix,Entertainment,3527,Success,0,168307
2056,A058,2023-07-27 04:21:00,debit,Zomato,Food,7888,Success,0,-38995
2057,A158,2023-07-27 11:06:00,credit,Flipkart,Shopping,2191,Success,0,100059
2058,A040,2023-07-27 13:39:00,debit,Flipkart,Shopping,15009,Success,0,66411
2059,A052,2023-07-27 12:53:00,debit,Zomato,Food,7651,Success,0,61924
2060,A189,2023-07-27 05:10:00,credit,BigBasket,Groceries,1365,Success,0,24585
2061,A082,2023-07-27 03:32:00,debit,Amazon,Shopping,6393,Success,0,111657
2062,A028,2023-07-27 18:45:00,debit,Netflix,Entertainment,3010,Success,0,161176
2063,A148,2023-07-27 08:33:00,debit,Flipkart,Shopping,5386,Success,0,230877
2064,A070,2023-07-27 07:31:00,debit,Zomato,Food,6033,Success,0,311960
2065,A107,2023-07-27 11:53:00,debit,Netflix,Entertainment,1289,Success,0,186823
2066,A007,2023-07-27 16:31:00,debit,Uber,Transport,4896,Success,0,11932
2067,A145,2023-07-28 06:39:00,credit,Swiggy,Food,1268,Success,0,136553
2068,A178,2023-07-28 06:49:00,credit,Amazon,Shopping,5691,Success,0,227224
2069,A199,2023-07-28 16:34:00,credit,Uber,Transport,4835,Success,0,38998
2070,A142,2023-07-28 00:33:00,debit,Flipkart,Shopping,6201,Pending,0,-175143
2071,A144,2023-07-28 00:19:00,debit,Croma,Electronics,3644,Success,0,105032
2072,A065,2023-07-28 16:13:00,debit,Croma,Electronics,3959,Failed,0,113792
2073,A192,2023-07-28 07:32:00,debit,Zomato,Food,18063,Success,0,313914
2074,A094,2023-07-28 10:46:00,debit,Uber,Transport,6809,Success,0,-13866
2075,A138,2023-07-28 08:51:00,debit,Flipkart,Shopping,7260,Pending,0,-28496
2076,A183,2023-07-28 21:28:00,debit,Netflix,Entertainment,1682,Success,0,-7512
2077,A048,2023-07-28 03:07:00,debit,BigBasket,Groceries,6105,Success,0,11573
2078,A191,2023-07-28 03:17:00,debit,Amazon,Shopping,7250,Success,0,100011
2079,A129,2023-07-28 09:03:00,debit,BigBasket,Groceries,725,Success,0,1408
2080,A001,2023-07-28 02:12:00,debit,Zomato,Food,2994,Success,0,-232694
2081,A007,2023-07-29 06:34:00,debit,Swiggy,Food,3906,Success,0,8026
2082,A132,2023-07-29 07:32:00,debit,Croma,Electronics,11345,Success,0,24170
2083,A033,2023-07-29 12:21:00,credit,Zomato,Food,8551,Success,0,159527
2084,A084,2023-07-29 23:49:00,debit,Netflix,Entertainment,3323,Success,0,148602
2085,A093,2023-07-29 13:21:00,debit,BigBasket,Groceries,1806,Pending,0,143689
2086,A045,2023-07-29 04:03:00,debit,Croma,Electronics,8295,Success,0,46823
2087,A182,2023-07-29 03:17:00,credit,Swiggy,Food,3310,Success,0,-42813
2088,A028,2023-07-29 01:20:00,debit,Swiggy,Food,13077,Success,0,148099
2089,A187,2023-07-30 16:13:00,debit,Croma,Electronics,3620,Success,0,-11656
2090,A068,2023-07-30 08:55:00,debit,Amazon,Shopping,5622,Success,0,186515
2091,A164,2023-07-30 05:25:00,debit,Netflix,Entertainment,14809,Failed,0,214953
2092,A174,2023-07-30 01:45:00,debit,Croma,Electronics,12247,Pending,0,129792
2093,A170,2023-07-30 10:33:00,debit,Amazon,Shopping,7313,Success,0,149395
2094,A015,2023-07-30 04:07:00,debit,Swiggy,Food,12133,Success,0,212935
2095,A182,2023-07-30 17:18:00,debit,Uber,Transport,11887,Success,0,-54700
2096,A084,2023-07-30 17:28:00,debit,Uber,Transport,3567,Success,0,145035
2097,A037,2023-07-30 02:34:00,debit,BigBasket,Groceries,3729,Success,0,177829
2098,A111,2023-07-30 09:50:00,debit,Flipkart,Shopping,3884,Success,0,125375
2099,A025,2023-07-30 15:12:00,debit,Netflix,Entertainment,8626,Success,0,263869
2100,A048,2023-07-30 14:22:00,debit,Zomato,Food,2090,Success,0,9483
2101,A105,2023-07-30 22:14:00,credit,Flipkart,Shopping,4297,Success,0,95686
2102,A117,2023-07-31 01:07:00,debit,Amazon,Shopping,4570,Success,0,429133
2103,A183,2023-07-31 08:21:00,debit,Croma,Electronics,5264,Success,0,-12776
2104,A058,2023-07-31 09:01:00,debit,Swiggy,Food,5059,Success,0,-44054
2105,A108,2023-07-31 22:27:00,debit,Swiggy,Food,6612,Success,0,184637
2106,A172,2023-07-31 10:36:00,credit,BigBasket,Groceries,389,Success,0,36389
2107,A100,2023-07-31 08:42:00,debit,BigBasket,Groceries,5153,Success,0,-119382
2108,A146,2023-07-31 17:17:00,debit,Netflix,Entertainment,613,Success,0,194241
2109,A150,2023-07-31 16:53:00,debit,Amazon,Shopping,1660,Success,0,81687
2110,A125,2023-07-31 09:20:00,debit,Swiggy,Food,4117,Success,0,204146
2111,A127,2023-07-31 14:34:00,debit,Amazon,Shopping,2296,Success,0,266393
2112,A035,2023-07-31 15:38:00,debit,Uber,Transport,3195,Success,0,32938
2113,A003,2023-07-31 01:03:00,debit,Uber,Transport,3206,Success,0,182767
2114,A029,2023-07-31 22:56:00,credit,Uber,Transport,3619,Pending,0,99660
2115,A062,2023-08-01 23:14:00,credit,Salary Deposit,Income,91741,Success,0,331632
2116,A031,2023-08-01 22:21:00,credit,Salary Deposit,Income,34029,Success,0,207217
2117,A018,2023-08-01 01:50:00,credit,Salary Deposit,Income,116681,Success,0,422637
2118,A132,2023-08-01 20:11:00,credit,Salary Deposit,Income,87886,Success,0,112056
2119,A124,2023-08-01 18:11:00,credit,Salary Deposit,Income,47731,Success,0,105531
2120,A040,2023-08-01 07:06:00,credit,Salary Deposit,Income,160080,Success,0,226491
2121,A015,2023-08-01 02:05:00,credit,Salary Deposit,Income,96892,Success,0,309827
2122,A133,2023-08-01 03:11:00,credit,Salary Deposit,Income,55939,Success,0,31462
2123,A011,2023-08-01 06:10:00,credit,Salary Deposit,Income,84499,Success,0,233871
2124,A139,2023-08-01 12:59:00,credit,Salary Deposit,Income,99098,Success,0,203277
2125,A160,2023-08-01 04:58:00,credit,Salary Deposit,Income,96222,Success,0,106422
2126,A001,2023-08-01 16:19:00,credit,Salary Deposit,Income,119356,Success,0,-113338
2127,A033,2023-08-01 14:36:00,credit,Salary Deposit,Income,30839,Success,0,190366
2128,A054,2023-08-02 11:12:00,credit,Salary Deposit,Income,116473,Success,0,331679
2129,A159,2023-08-02 09:49:00,credit,Salary Deposit,Income,39381,Failed,0,56567
2130,A160,2023-08-02 23:28:00,credit,Salary Deposit,Income,71745,Success,0,178167
2131,A073,2023-08-02 02:51:00,credit,Salary Deposit,Income,53443,Success,0,111520
2132,A090,2023-08-02 14:06:00,credit,Salary Deposit,Income,95439,Pending,0,276378
2133,A183,2023-08-02 11:44:00,credit,Salary Deposit,Income,105723,Failed,0,92947
2134,A161,2023-08-02 16:30:00,credit,Salary Deposit,Income,43160,Success,0,242072
2135,A170,2023-08-02 17:25:00,credit,Salary Deposit,Income,47082,Success,0,196477
2136,A088,2023-08-02 09:04:00,credit,Salary Deposit,Income,57352,Success,0,426323
2137,A130,2023-08-02 20:49:00,credit,Salary Deposit,Income,97347,Success,0,125738
2138,A110,2023-08-03 04:32:00,credit,Salary Deposit,Income,42766,Success,0,79671
2139,A167,2023-08-03 14:28:00,credit,Salary Deposit,Income,47626,Success,0,31947
2140,A017,2023-08-03 11:55:00,credit,Salary Deposit,Income,60703,Pending,0,259764
2141,A091,2023-08-03 09:33:00,credit,Salary Deposit,Income,63008,Success,0,155369
2142,A018,2023-08-03 20:40:00,credit,Salary Deposit,Income,83478,Success,0,506115
2143,A132,2023-08-03 23:37:00,credit,Salary Deposit,Income,38629,Success,0,150685
2144,A112,2023-08-03 05:28:00,credit,Salary Deposit,Income,101629,Success,0,229311
2145,A062,2023-08-03 17:04:00,credit,Salary Deposit,Income,118293,Success,0,449925
2146,A177,2023-08-03 11:59:00,credit,Salary Deposit,Income,64379,Success,0,139037
2147,A087,2023-08-03 21:39:00,credit,Salary Deposit,Income,41375,Success,0,113728
2148,A147,2023-08-03 08:38:00,credit,Salary Deposit,Income,67410,Success,0,43467
2149,A057,2023-08-03 13:03:00,credit,Salary Deposit,Income,214704,Success,0,707431
2150,A089,2023-08-03 05:48:00,credit,Salary Deposit,Income,101118,Failed,0,300547
2151,A200,2023-08-03 21:08:00,credit,Salary Deposit,Income,38899,Success,0,350831
2152,A115,2023-08-03 01:56:00,credit,Salary Deposit,Income,104128,Success,0,363118
2153,A131,2023-08-04 07:07:00,credit,Salary Deposit,Income,236535,Success,0,199788
2154,A051,2023-08-04 13:17:00,credit,Salary Deposit,Income,73667,Pending,0,105637
2155,A084,2023-08-04 09:05:00,credit,Salary Deposit,Income,32982,Success,0,178017
2156,A175,2023-08-04 04:49:00,credit,Salary Deposit,Income,65632,Success,0,109860
2157,A193,2023-08-04 05:25:00,credit,Salary Deposit,Income,74839,Success,0,433307
2158,A107,2023-08-04 08:35:00,credit,Salary Deposit,Income,77498,Success,0,264321
2159,A001,2023-08-04 19:09:00,credit,Salary Deposit,Income,113590,Success,0,252
2160,A150,2023-08-04 07:32:00,credit,Salary Deposit,Income,106445,Success,0,188132
2161,A017,2023-08-04 00:42:00,credit,Salary Deposit,Income,93184,Success,0,352948
2162,A090,2023-08-04 00:57:00,credit,Salary Deposit,Income,107975,Success,0,384353
2163,A088,2023-08-05 10:17:00,credit,Salary Deposit,Income,101220,Success,0,527543
2164,A149,2023-08-05 23:20:00,credit,Salary Deposit,Income,110887,Success,0,231955
2165,A038,2023-08-05 01:18:00,credit,Salary Deposit,Income,53637,Success,0,83282
2166,A036,2023-08-05 03:01:00,credit,Salary Deposit,Income,75459,Success,0,-48188
2167,A168,2023-08-05 04:22:00,credit,Salary Deposit,Income,67009,Success,0,131341
2168,A011,2023-08-05 00:14:00,credit,Salary Deposit,Income,98720,Success,0,332591
2169,A161,2023-08-06 09:12:00,credit,Netflix,Entertainment,13387,Success,0,255459
2170,A018,2023-08-06 01:09:00,debit,Suspicious Transfer,Fraud,148071,Success,1,358044
2171,A042,2023-08-06 09:29:00,credit,BigBasket,Groceries,13135,Success,0,106549
2172,A001,2023-08-06 01:56:00,debit,Zomato,Food,1651,Success,0,-1399
2173,A121,2023-08-06 17:43:00,credit,Swiggy,Food,12785,Success,0,-5657
2174,A116,2023-08-06 11:00:00,debit,Uber,Transport,12054,Success,0,170258
2175,A095,2023-08-06 10:39:00,debit,Uber,Transport,2362,Success,0,33414
2176,A032,2023-08-06 04:13:00,debit,BigBasket,Groceries,10309,Success,0,70508
2177,A078,2023-08-06 09:36:00,credit,Croma,Electronics,11149,Failed,0,223499
2178,A023,2023-08-06 04:42:00,debit,Swiggy,Food,9096,Success,0,146329
2179,A097,2023-08-06 15:29:00,debit,Flipkart,Shopping,1891,Success,0,226115
2180,A055,2023-08-06 20:23:00,debit,BigBasket,Groceries,8244,Failed,0,-121655
2181,A165,2023-08-06 12:10:00,debit,Netflix,Entertainment,3848,Success,0,288990
2182,A047,2023-08-07 19:28:00,debit,Amazon,Shopping,5913,Success,0,279867
2183,A149,2023-08-07 23:19:00,credit,Zomato,Food,3358,Success,0,235313
2184,A184,2023-08-07 05:18:00,credit,Suspicious Transfer,Fraud,148717,Success,1,209592
2185,A065,2023-08-07 18:37:00,credit,Uber,Transport,2904,Success,0,116696
2186,A191,2023-08-07 00:33:00,credit,Uber,Transport,5563,Success,0,105574
2187,A087,2023-08-07 03:21:00,debit,Amazon,Shopping,1446,Success,0,112282
2188,A171,2023-08-07 11:01:00,debit,Croma,Electronics,6017,Failed,0,94953
2189,A183,2023-08-07 20:45:00,debit,Flipkart,Shopping,2500,Success,0,90447
2190,A017,2023-08-07 22:20:00,debit,Flipkart,Shopping,5194,Success,0,347754
2191,A149,2023-08-07 02:33:00,debit,Croma,Electronics,6420,Success,0,228893
2192,A195,2023-08-07 17:27:00,debit,Zomato,Food,636,Success,0,186407
2193,A017,2023-08-08 04:47:00,debit,Zomato,Food,7319,Success,0,340435
2194,A040,2023-08-08 11:36:00,credit,BigBasket,Groceries,4035,Success,0,230526
2195,A152,2023-08-08 21:17:00,debit,Uber,Transport,17982,Success,0,468001
2196,A138,2023-08-08 09:58:00,debit,Zomato,Food,7466,Success,0,-35962
2197,A004,2023-08-08 04:33:00,debit,BigBasket,Groceries,6747,Failed,0,201777
2198,A129,2023-08-08 09:27:00,credit,Uber,Transport,6403,Success,0,7811
2199,A088,2023-08-08 08:40:00,credit,Zomato,Food,3346,Success,0,530889
2200,A167,2023-08-08 00:32:00,credit,Croma,Electronics,3997,Success,0,35944
2201,A168,2023-08-08 05:41:00,debit,Uber,Transport,2481,Success,0,128860
2202,A055,2023-08-08 09:03:00,debit,Flipkart,Shopping,3238,Success,0,-124893
2203,A147,2023-08-08 19:50:00,debit,Swiggy,Food,6671,Success,0,36796
2204,A060,2023-08-08 10:36:00,debit,Zomato,Food,4249,Success,0,103031
2205,A081,2023-08-08 05:10:00,debit,Swiggy,Food,20511,Success,0,129677
2206,A055,2023-08-09 13:11:00,debit,Croma,Electronics,6950,Success,0,-131843
2207,A170,2023-08-09 22:01:00,debit,Uber,Transport,5102,Success,0,191375
2208,A098,2023-08-09 15:34:00,debit,Swiggy,Food,5373,Success,0,-175837
2209,A138,2023-08-09 19:31:00,debit,BigBasket,Groceries,7550,Success,0,-43512
2210,A200,2023-08-09 00:36:00,credit,Swiggy,Food,2399,Success,0,353230
2211,A069,2023-08-09 20:37:00,debit,Netflix,Entertainment,17262,Success,0,491905
2212,A015,2023-08-09 16:01:00,debit,Flipkart,Shopping,5132,Success,0,304695
2213,A090,2023-08-09 18:53:00,credit,Netflix,Entertainment,2226,Success,0,386579
2214,A182,2023-08-10 08:20:00,debit,BigBasket,Groceries,2112,Success,0,-56812
2215,A085,2023-08-10 19:46:00,debit,Netflix,Entertainment,507,Success,0,173568
2216,A152,2023-08-10 04:59:00,debit,Croma,Electronics,13842,Success,0,454159
2217,A089,2023-08-10 05:56:00,debit,BigBasket,Groceries,1651,Success,0,298896
2218,A078,2023-08-10 09:53:00,debit,Amazon,Shopping,3456,Success,0,220043
2219,A123,2023-08-10 08:49:00,debit,Uber,Transport,4454,Success,0,17205
2220,A014,2023-08-10 19:21:00,debit,Zomato,Food,933,Success,0,126995
2221,A085,2023-08-10 15:50:00,debit,Amazon,Shopping,6754,Success,0,166814
2222,A150,2023-08-10 12:06:00,debit,Flipkart,Shopping,3997,Success,0,184135
2223,A015,2023-08-10 19:28:00,credit,Amazon,Shopping,3634,Success,0,308329
2224,A135,2023-08-10 10:05:00,credit,Zomato,Food,1134,Success,0,94899
2225,A173,2023-08-10 05:41:00,debit,BigBasket,Groceries,3523,Success,0,287242
2226,A044,2023-08-10 04:11:00,debit,BigBasket,Groceries,6724,Success,0,16671
2227,A147,2023-08-10 23:41:00,debit,Amazon,Shopping,7378,Success,0,29418
2228,A033,2023-08-11 21:08:00,debit,Netflix,Entertainment,2593,Success,0,187773
2229,A079,2023-08-11 21:46:00,debit,Uber,Transport,4905,Success,0,186156
2230,A095,2023-08-11 01:31:00,debit,Netflix,Entertainment,5905,Success,0,27509
2231,A121,2023-08-11 14:10:00,debit,Flipkart,Shopping,7638,Success,0,-13295
2232,A138,2023-08-11 08:02:00,debit,Swiggy,Food,5589,Failed,0,-49101
2233,A118,2023-08-11 12:33:00,debit,Croma,Electronics,6649,Success,0,115226
2234,A186,2023-08-11 21:38:00,debit,Swiggy,Food,4698,Success,0,747366
2235,A088,2023-08-12 00:02:00,debit,Uber,Transport,3561,Success,0,527328
2236,A103,2023-08-12 00:43:00,debit,Zomato,Food,17568,Success,0,442449
2237,A057,2023-08-12 08:46:00,credit,BigBasket,Groceries,22314,Success,0,729745
2238,A008,2023-08-12 13:29:00,debit,Swiggy,Food,4019,Success,0,175459
2239,A094,2023-08-12 17:46:00,debit,Zomato,Food,1058,Success,0,-14924
2240,A191,2023-08-12 06:41:00,credit,BigBasket,Groceries,12088,Success,0,117662
2241,A078,2023-08-12 05:13:00,debit,BigBasket,Groceries,1822,Success,0,218221
2242,A097,2023-08-12 00:50:00,debit,Flipkart,Shopping,8860,Pending,0,217255
2243,A182,2023-08-13 08:03:00,debit,BigBasket,Groceries,12045,Success,0,-68857
2244,A147,2023-08-13 08:12:00,debit,Amazon,Shopping,4712,Success,0,24706
2245,A111,2023-08-13 07:48:00,debit,Uber,Transport,10223,Success,0,115152
2246,A173,2023-08-13 18:26:00,debit,BigBasket,Groceries,10678,Success,0,276564
2247,A129,2023-08-13 08:06:00,debit,Zomato,Food,5859,Success,0,1952
2248,A023,2023-08-13 11:03:00,debit,Netflix,Entertainment,8350,Success,0,137979
2249,A107,2023-08-14 03:18:00,debit,Netflix,Entertainment,8000,Success,0,256321
2250,A005,2023-08-14 07:58:00,debit,Uber,Transport,20397,Success,0,334825
2251,A200,2023-08-14 09:42:00,credit,Croma,Electronics,2012,Success,0,355242
2252,A141,2023-08-14 13:30:00,credit,Uber,Transport,2409,Success,0,68704
2253,A005,2023-08-14 06:47:00,debit,Zomato,Food,861,Success,0,333964
2254,A089,2023-08-14 22:33:00,credit,Netflix,Entertainment,5911,Success,0,304807
2255,A056,2023-08-14 09:39:00,credit,Netflix,Entertainment,22467,Success,0,-34546
2256,A040,2023-08-14 13:13:00,debit,Uber,Transport,5973,Success,0,224553
2257,A104,2023-08-14 06:10:00,credit,Croma,Electronics,7738,Success,0,167022
2258,A110,2023-08-14 02:29:00,debit,Flipkart,Shopping,1877,Failed,0,77794
2259,A180,2023-08-14 13:55:00,debit,Zomato,Food,1728,Success,0,251544
2260,A060,2023-08-14 05:07:00,debit,BigBasket,Groceries,5009,Success,0,98022
2261,A198,2023-08-15 21:06:00,debit,Netflix,Entertainment,1169,Pending,0,144880
2262,A029,2023-08-15 14:09:00,debit,Netflix,Entertainment,3871,Success,0,95789
2263,A094,2023-08-15 17:22:00,credit,Zomato,Food,2747,Pending,0,-12177
2264,A115,2023-08-15 04:20:00,credit,Amazon,Shopping,6659,Success,0,369777
2265,A060,2023-08-15 16:04:00,debit,Amazon,Shopping,1482,Success,0,96540
2266,A193,2023-08-15 03:48:00,credit,Amazon,Shopping,3568,Success,0,436875
2267,A087,2023-08-15 19:16:00,debit,Zomato,Food,2307,Success,0,109975
2268,A145,2023-08-15 02:58:00,debit,Zomato,Food,7150,Success,0,129403
2269,A045,2023-08-15 05:36:00,debit,Zomato,Food,1607,Success,0,45216
2270,A050,2023-08-15 14:10:00,debit,Uber,Transport,1253,Success,0,224389
2271,A148,2023-08-16 03:01:00,debit,Uber,Transport,2337,Success,0,228540
2272,A176,2023-08-16 13:42:00,credit,Netflix,Entertainment,8238,Success,0,164935
2273,A184,2023-08-16 19:53:00,debit,Zomato,Food,6884,Success,0,202708
2274,A073,2023-08-16 06:41:00,debit,Croma,Electronics,6333,Success,0,105187
2275,A007,2023-08-16 23:38:00,debit,Suspicious Transfer,Fraud,149075,Success,1,-141049
2276,A106,2023-08-16 12:02:00,credit,Amazon,Shopping,3036,Success,0,286654
2277,A107,2023-08-17 18:30:00,debit,Zomato,Food,4236,Success,0,252085
2278,A117,2023-08-17 15:36:00,debit,Swiggy,Food,2437,Success,0,426696
2279,A015,2023-08-17 22:14:00,credit,BigBasket,Groceries,2942,Success,0,311271
2280,A106,2023-08-17 05:56:00,debit,BigBasket,Groceries,5996,Success,0,280658
2281,A195,2023-08-17 09:27:00,debit,Zomato,Food,5766,Success,0,180641
2282,A061,2023-08-17 09:59:00,debit,Netflix,Entertainment,3522,Success,0,149253
2283,A006,2023-08-17 14:16:00,debit,Croma,Electronics,6166,Success,0,112961
2284,A069,2023-08-17 22:55:00,debit,Amazon,Shopping,8250,Success,0,483655
2285,A084,2023-08-17 02:12:00,debit,Swiggy,Food,697,Success,0,177320
2286,A060,2023-08-17 01:18:00,debit,Uber,Transport,4702,Success,0,91838
2287,A100,2023-08-17 06:06:00,debit,Suspicious Transfer,Fraud,99933,Failed,1,-219315
2288,A137,2023-08-18 22:08:00,debit,BigBasket,Groceries,6991,Success,0,112043
2289,A150,2023-08-18 16:54:00,debit,BigBasket,Groceries,6750,Success,0,177385
2290,A058,2023-08-18 20:38:00,credit,Zomato,Food,4748,Success,0,-39306
2291,A030,2023-08-18 03:14:00,credit,Croma,Electronics,6747,Success,0,-184180
2292,A151,2023-08-18 23:28:00,debit,Flipkart,Shopping,2808,Success,0,150281
2293,A013,2023-08-18 21:59:00,credit,Suspicious Transfer,Fraud,79353,Success,1,154488
2294,A171,2023-08-18 12:26:00,debit,Swiggy,Food,7265,Success,0,87688
2295,A099,2023-08-18 09:11:00,debit,BigBasket,Groceries,6474,Success,0,12029
2296,A114,2023-08-18 00:13:00,credit,Amazon,Shopping,3502,Success,0,323445
2297,A043,2023-08-18 04:03:00,credit,Amazon,Shopping,6022,Success,0,71166
2298,A088,2023-08-18 01:15:00,debit,Croma,Electronics,6852,Success,0,520476
2299,A015,2023-08-18 23:14:00,credit,Zomato,Food,362,Success,0,311633
2300,A079,2023-08-18 01:12:00,credit,BigBasket,Groceries,5642,Pending,0,191798
2301,A177,2023-08-19 14:56:00,credit,Uber,Transport,11705,Success,0,150742
2302,A184,2023-08-19 22:04:00,debit,Zomato,Food,4266,Failed,0,198442
2303,A200,2023-08-19 08:37:00,debit,Zomato,Food,12021,Success,0,343221
2304,A066,2023-08-19 09:08:00,debit,Zomato,Food,7214,Success,0,98653
2305,A167,2023-08-19 17:07:00,debit,Flipkart,Shopping,13963,Success,0,21981
2306,A070,2023-08-19 13:02:00,debit,Croma,Electronics,5120,Success,0,306840
2307,A026,2023-08-19 17:53:00,credit,BigBasket,Groceries,12872,Success,0,112768
2308,A062,2023-08-19 03:47:00,debit,Netflix,Entertainment,8433,Failed,0,441492
2309,A193,2023-08-19 03:52:00,credit,Swiggy,Food,9783,Success,0,446658
2310,A152,2023-08-19 12:06:00,debit,Amazon,Shopping,18294,Success,0,435865
2311,A085,2023-08-19 10:32:00,credit,Zomato,Food,2791,Success,0,169605
2312,A139,2023-08-19 00:26:00,debit,Zomato,Food,3366,Success,0,199911
2313,A088,2023-08-19 16:41:00,debit,Amazon,Shopping,3628,Success,0,516848
2314,A172,2023-08-20 13:31:00,debit,Flipkart,Shopping,9653,Success,0,26736
2315,A111,2023-08-20 19:46:00,credit,Zomato,Food,7910,Failed,0,123062
2316,A036,2023-08-20 12:11:00,credit,Croma,Electronics,9067,Success,0,-39121
2317,A059,2023-08-20 23:40:00,debit,Flipkart,Shopping,3272,Failed,0,177271
2318,A186,2023-08-20 22:54:00,debit,Amazon,Shopping,14271,Success,0,733095
2319,A044,2023-08-20 09:31:00,debit,Zomato,Food,4826,Success,0,11845
2320,A097,2023-08-20 18:25:00,credit,Croma,Electronics,10670,Success,0,227925
2321,A080,2023-08-20 01:13:00,debit,Croma,Electronics,14103,Success,0,-26846
2322,A019,2023-08-20 01:15:00,debit,Suspicious Transfer,Fraud,66910,Success,1,163282
2323,A180,2023-08-20 03:05:00,debit,Swiggy,Food,2938,Success,0,248606
2324,A101,2023-08-20 18:13:00,debit,BigBasket,Groceries,6026,Success,0,121973
2325,A072,2023-08-20 07:23:00,debit,Flipkart,Shopping,10383,Success,0,148775
2326,A036,2023-08-20 12:06:00,debit,Amazon,Shopping,12952,Success,0,-52073
2327,A017,2023-08-20 09:49:00,debit,Flipkart,Shopping,14385,Success,0,326050
2328,A099,2023-08-21 05:42:00,debit,Uber,Transport,5652,Success,0,6377
2329,A108,2023-08-21 20:46:00,debit,Croma,Electronics,4297,Success,0,180340
2330,A194,2023-08-21 13:31:00,debit,Netflix,Entertainment,6105,Success,0,114047
2331,A176,2023-08-21 20:32:00,debit,Netflix,Entertainment,1455,Success,0,163480
2332,A176,2023-08-21 00:02:00,debit,Croma,Electronics,21798,Success,0,141682
2333,A168,2023-08-21 22:34:00,credit,Uber,Transport,3335,Success,0,132195
2334,A075,2023-08-21 11:23:00,debit,Amazon,Shopping,2670,Success,0,325463
2335,A134,2023-08-21 06:59:00,debit,Uber,Transport,6378,Success,0,492691
2336,A139,2023-08-21 23:43:00,debit,Flipkart,Shopping,3467,Success,0,196444
2337,A011,2023-08-21 00:02:00,debit,BigBasket,Groceries,3692,Success,0,328899
2338,A135,2023-08-21 06:38:00,debit,Netflix,Entertainment,3028,Success,0,91871
2339,A182,2023-08-21 12:51:00,debit,Uber,Transport,3500,Success,0,-72357
2340,A157,2023-08-22 20:44:00,debit,Croma,Electronics,3275,Failed,0,14694
2341,A101,2023-08-22 05:33:00,debit,Netflix,Entertainment,297,Success,0,121676
2342,A118,2023-08-22 07:46:00,debit,Netflix,Entertainment,229,Success,0,114997
2343,A189,2023-08-22 10:21:00,credit,Uber,Transport,5485,Success,0,30070
2344,A070,2023-08-22 20:01:00,debit,Swiggy,Food,3976,Success,0,302864
2345,A163,2023-08-22 05:24:00,debit,Croma,Electronics,7401,Success,0,-8258
2346,A168,2023-08-22 08:04:00,debit,Suspicious Transfer,Fraud,136280,Success,1,-4085
2347,A186,2023-08-22 17:12:00,credit,Flipkart,Shopping,2304,Success,0,735399
2348,A139,2023-08-22 14:13:00,debit,Flipkart,Shopping,5870,Success,0,190574
2349,A156,2023-08-22 01:26:00,debit,BigBasket,Groceries,3465,Success,0,-2492
2350,A118,2023-08-23 03:15:00,credit,Zomato,Food,7384,Success,0,122381
2351,A086,2023-08-23 19:25:00,credit,Amazon,Shopping,2400,Success,0,79977
2352,A087,2023-08-23 09:47:00,credit,Uber,Transport,6740,Success,0,116715
2353,A077,2023-08-23 05:28:00,debit,Zomato,Food,4010,Success,0,139110
2354,A040,2023-08-23 19:20:00,debit,Uber,Transport,6081,Success,0,218472
2355,A039,2023-08-23 15:22:00,debit,Swiggy,Food,1166,Success,0,143905
2356,A113,2023-08-23 06:56:00,debit,Flipkart,Shopping,6550,Success,0,143412
2357,A157,2023-08-23 08:13:00,debit,Swiggy,Food,7943,Success,0,6751
2358,A015,2023-08-23 01:43:00,credit,Swiggy,Food,1072,Success,0,312705
2359,A163,2023-08-23 01:48:00,debit,Croma,Electronics,1177,Success,0,-9435
2360,A018,2023-08-23 15:09:00,credit,BigBasket,Groceries,4654,Success,0,362698
2361,A125,2023-08-24 16:14:00,debit,Uber,Transport,4625,Success,0,199521
2362,A042,2023-08-24 06:54:00,credit,BigBasket,Groceries,5464,Success,0,112013
2363,A075,2023-08-24 23:39:00,debit,BigBasket,Groceries,14742,Success,0,310721
2364,A146,2023-08-24 12:29:00,debit,Amazon,Shopping,7151,Success,0,187090
2365,A141,2023-08-24 08:44:00,debit,Uber,Transport,3352,Success,0,65352
2366,A043,2023-08-24 11:32:00,credit,Amazon,Shopping,4766,Success,0,75932
2367,A134,2023-08-24 11:40:00,debit,Zomato,Food,15570,Success,0,477121
2368,A199,2023-08-25 20:41:00,debit,Croma,Electronics,7106,Success,0,31892
2369,A100,2023-08-25 22:43:00,debit,Swiggy,Food,6105,Success,0,-225420
2370,A200,2023-08-25 09:52:00,debit,Netflix,Entertainment,7799,Failed,0,335422
2371,A078,2023-08-25 12:17:00,debit,Croma,Electronics,7114,Success,0,211107
2372,A015,2023-08-25 17:01:00,debit,Amazon,Shopping,2730,Success,0,309975
2373,A024,2023-08-25 04:02:00,debit,Swiggy,Food,18774,Pending,0,376858
2374,A032,2023-08-25 17:53:00,debit,Netflix,Entertainment,2227,Success,0,68281
2375,A059,2023-08-25 06:38:00,credit,Netflix,Entertainment,4386,Success,0,181657
2376,A134,2023-08-25 15:20:00,credit,Amazon,Shopping,10953,Success,0,488074
2377,A003,2023-08-25 04:28:00,debit,Croma,Electronics,5400,Success,0,177367
2378,A182,2023-08-25 17:37:00,debit,Zomato,Food,4931,Success,0,-77288
2379,A104,2023-08-26 21:38:00,debit,Uber,Transport,11544,Success,0,155478
2380,A086,2023-08-26 17:35:00,debit,Croma,Electronics,9458,Success,0,70519
2381,A199,2023-08-26 10:10:00,debit,Uber,Transport,3330,Pending,0,28562
2382,A132,2023-08-26 11:18:00,debit,Uber,Transport,10071,Success,0,140614
2383,A163,2023-08-26 02:44:00,debit,Uber,Transport,9187,Success,0,-18622
2384,A162,2023-08-26 13:43:00,debit,Zomato,Food,13187,Success,0,-299208
2385,A076,2023-08-27 12:06:00,debit,Flipkart,Shopping,10577,Success,0,29428
2386,A046,2023-08-27 14:04:00,debit,Amazon,Shopping,4651,Success,0,-50745
2387,A107,2023-08-27 06:31:00,debit,Amazon,Shopping,1855,Success,0,250230
2388,A010,2023-08-27 00:19:00,credit,Flipkart,Shopping,36408,Success,0,164311
2389,A149,2023-08-27 23:32:00,debit,Netflix,Entertainment,6434,Success,0,222459
2390,A037,2023-08-27 07:29:00,debit,Netflix,Entertainment,4921,Success,0,172908
2391,A180,2023-08-27 22:22:00,debit,Uber,Transport,2739,Pending,0,245867
2392,A039,2023-08-27 19:11:00,debit,Croma,Electronics,4492,Success,0,139413
2393,A058,2023-08-27 18:16:00,credit,BigBasket,Groceries,4207,Success,0,-35099
2394,A088,2023-08-27 08:38:00,debit,Amazon,Shopping,4646,Success,0,512202
2395,A100,2023-08-27 15:14:00,debit,Netflix,Entertainment,2799,Success,0,-228219
2396,A169,2023-08-28 18:01:00,debit,BigBasket,Groceries,841,Success,0,-21419
2397,A095,2023-08-28 20:37:00,debit,Croma,Electronics,7288,Success,0,20221
2398,A015,2023-08-28 07:11:00,debit,Croma,Electronics,3096,Success,0,306879
2399,A002,2023-08-28 21:51:00,debit,Zomato,Food,423,Success,0,59175
2400,A026,2023-08-28 19:09:00,debit,Swiggy,Food,2821,Failed,0,109947
2401,A155,2023-08-28 14:42:00,debit,Swiggy,Food,6912,Success,0,43165
2402,A143,2023-08-28 06:38:00,credit,Flipkart,Shopping,12606,Success,0,-128175
2403,A016,2023-08-28 09:06:00,debit,Flipkart,Shopping,2709,Failed,0,76420
2404,A022,2023-08-28 16:20:00,debit,BigBasket,Groceries,7071,Failed,0,18159
2405,A116,2023-08-28 20:51:00,debit,Amazon,Shopping,4431,Success,0,165827
2406,A083,2023-08-28 09:03:00,debit,Zomato,Food,6416,Success,0,114637
2407,A094,2023-08-28 12:17:00,debit,Croma,Electronics,5384,Success,0,-17561
2408,A008,2023-08-29 20:37:00,debit,Uber,Transport,5614,Success,0,169845
2409,A196,2023-08-29 08:30:00,debit,Zomato,Food,2028,Success,0,261375
2410,A073,2023-08-29 15:57:00,debit,Zomato,Food,6427,Success,0,98760
2411,A083,2023-08-29 00:56:00,credit,Croma,Electronics,3967,Success,0,118604
2412,A116,2023-08-29 01:41:00,debit,BigBasket,Groceries,3500,Success,0,162327
2413,A038,2023-08-29 03:03:00,debit,Uber,Transport,2452,Success,0,80830
2414,A089,2023-08-30 10:14:00,debit,Flipkart,Shopping,6144,Success,0,298663
2415,A085,2023-08-30 03:44:00,debit,Suspicious Transfer,Fraud,161914,Success,1,7691
2416,A019,2023-08-30 03:34:00,credit,Amazon,Shopping,3529,Success,0,166811
2417,A021,2023-08-30 17:56:00,debit,Croma,Electronics,3501,Success,0,4557
2418,A177,2023-08-30 04:08:00,credit,Swiggy,Food,6025,Success,0,156767
2419,A026,2023-08-30 06:10:00,credit,BigBasket,Groceries,1239,Success,0,111186
2420,A087,2023-08-30 08:27:00,debit,Croma,Electronics,6801,Failed,0,109914
2421,A145,2023-08-31 00:37:00,debit,Uber,Transport,2099,Pending,0,127304
2422,A127,2023-08-31 00:44:00,credit,Croma,Electronics,7513,Success,0,273906
2423,A028,2023-08-31 22:31:00,debit,Netflix,Entertainment,1319,Success,0,146780
2424,A126,2023-08-31 18:14:00,debit,BigBasket,Groceries,7881,Success,0,-107893
2425,A042,2023-08-31 16:57:00,debit,Zomato,Food,347,Success,0,111666
2426,A197,2023-08-31 06:00:00,debit,Swiggy,Food,3581,Success,0,75413
2427,A128,2023-08-31 01:46:00,debit,Uber,Transport,4473,Success,0,-36883
2428,A199,2023-08-31 20:00:00,debit,Swiggy,Food,690,Success,0,27872
2429,A024,2023-08-31 13:03:00,debit,Zomato,Food,6900,Success,0,369958
2430,A033,2023-08-31 22:09:00,credit,Croma,Electronics,2486,Success,0,190259
2431,A086,2023-08-31 07:10:00,debit,Uber,Transport,1134,Success,0,69385
2432,A101,2023-09-01 18:53:00,credit,Salary Deposit,Income,48282,Success,0,169958
2433,A189,2023-09-01 14:53:00,credit,Suspicious Transfer,Fraud,189349,Success,1,219419
2434,A034,2023-09-01 02:03:00,credit,Salary Deposit,Income,186141,Success,0,264747
2435,A132,2023-09-01 14:37:00,credit,Salary Deposit,Income,82787,Success,0,223401
2436,A079,2023-09-01 10:47:00,credit,Salary Deposit,Income,69596,Success,0,261394
2437,A053,2023-09-01 03:15:00,credit,Salary Deposit,Income,56991,Success,0,-102004
2438,A173,2023-09-01 15:21:00,credit,Salary Deposit,Income,43761,Success,0,320325
2439,A134,2023-09-02 11:54:00,credit,Salary Deposit,Income,269286,Success,0,757360
2440,A069,2023-09-02 08:08:00,credit,Salary Deposit,Income,233694,Success,0,717349
2441,A173,2023-09-02 13:15:00,credit,Salary Deposit,Income,99476,Success,0,419801
2442,A080,2023-09-02 13:33:00,credit,Salary Deposit,Income,57533,Success,0,30687
2443,A019,2023-09-02 07:20:00,credit,Salary Deposit,Income,66157,Success,0,232968
2444,A161,2023-09-02 02:37:00,credit,Salary Deposit,Income,45157,Success,0,300616
2445,A053,2023-09-02 22:36:00,credit,Salary Deposit,Income,72434,Success,0,-29570
2446,A054,2023-09-02 20:11:00,credit,Salary Deposit,Income,37131,Success,0,368810
2447,A032,2023-09-02 06:59:00,credit,Salary Deposit,Income,92855,Success,0,161136
2448,A127,2023-09-02 05:49:00,credit,Salary Deposit,Income,85715,Success,0,359621
2449,A180,2023-09-03 07:40:00,credit,Salary Deposit,Income,114734,Success,0,360601
2450,A015,2023-09-03 08:15:00,credit,Salary Deposit,Income,48292,Failed,0,355171
2451,A095,2023-09-03 15:22:00,credit,Salary Deposit,Income,39371,Success,0,59592
2452,A149,2023-09-03 03:53:00,credit,Salary Deposit,Income,79428,Success,0,301887
2453,A115,2023-09-03 00:23:00,credit,Salary Deposit,Income,58810,Success,0,428587
2454,A161,2023-09-04 10:16:00,credit,Salary Deposit,Income,77212,Success,0,377828
2455,A072,2023-09-04 20:40:00,credit,Salary Deposit,Income,65470,Success,0,214245
2456,A192,2023-09-04 08:41:00,credit,Salary Deposit,Income,327999,Success,0,641913
2457,A054,2023-09-04 21:52:00,credit,Salary Deposit,Income,73131,Success,0,441941
2458,A141,2023-09-04 09:51:00,credit,Salary Deposit,Income,101389,Success,0,166741
2459,A110,2023-09-04 19:41:00,credit,Salary Deposit,Income,55096,Success,0,132890
2460,A159,2023-09-04 21:02:00,credit,Salary Deposit,Income,81017,Success,0,137584
2461,A109,2023-09-04 08:26:00,credit,Salary Deposit,Income,118582,Success,0,325592
2462,A080,2023-09-04 23:55:00,credit,Salary Deposit,Income,50626,Success,0,81313
2463,A131,2023-09-04 15:26:00,credit,Salary Deposit,Income,212865,Success,0,412653
2464,A109,2023-09-05 16:53:00,credit,Salary Deposit,Income,109864,Failed,0,435456
2465,A181,2023-09-05 08:52:00,credit,Salary Deposit,Income,69251,Success,0,110331
2466,A079,2023-09-05 01:06:00,credit,Salary Deposit,Income,68819,Success,0,330213
2467,A102,2023-09-05 11:37:00,credit,Salary Deposit,Income,81290,Success,0,201749
2468,A133,2023-09-05 02:05:00,credit,Salary Deposit,Income,66369,Success,0,97831
2469,A074,2023-09-05 17:28:00,credit,Salary Deposit,Income,100003,Pending,0,227498
2470,A073,2023-09-05 08:45:00,credit,Salary Deposit,Income,33342,Success,0,132102
2471,A135,2023-09-05 20:51:00,credit,Salary Deposit,Income,99121,Success,0,190992
2472,A173,2023-09-05 15:49:00,credit,Salary Deposit,Income,80919,Success,0,500720
2473,A139,2023-09-05 01:06:00,credit,Salary Deposit,Income,40453,Success,0,231027
2474,A154,2023-09-05 20:37:00,credit,Salary Deposit,Income,46427,Success,0,29325
2475,A123,2023-09-05 01:59:00,credit,Salary Deposit,Income,59763,Success,0,76968
2476,A073,2023-09-06 07:28:00,credit,Amazon,Shopping,6360,Success,0,138462
2477,A182,2023-09-06 21:19:00,debit,Uber,Transport,2746,Success,0,-80034
2478,A155,2023-09-06 06:38:00,debit,Uber,Transport,2785,Success,0,40380
2479,A096,2023-09-06 20:05:00,credit,Swiggy,Food,7492,Success,0,246793
2480,A050,2023-09-06 16:36:00,credit,Uber,Transport,7759,Success,0,232148
2481,A106,2023-09-06 03:36:00,credit,Amazon,Shopping,4686,Success,0,285344
2482,A150,2023-09-06 17:47:00,debit,Uber,Transport,4465,Success,0,172920
2483,A073,2023-09-06 11:17:00,debit,Croma,Electronics,7955,Failed,0,130507
2484,A076,2023-09-06 07:10:00,debit,Swiggy,Food,1121,Success,0,28307
2485,A039,2023-09-06 08:43:00,debit,Flipkart,Shopping,2457,Success,0,136956
2486,A048,2023-09-06 18:35:00,debit,Flipkart,Shopping,2172,Success,0,7311
2487,A182,2023-09-06 07:38:00,debit,Flipkart,Shopping,2562,Success,0,-82596
2488,A134,2023-09-06 08:48:00,debit,BigBasket,Groceries,5232,Success,0,752128
2489,A111,2023-09-06 08:24:00,debit,Suspicious Transfer,Fraud,99953,Success,1,23109
2490,A056,2023-09-07 21:12:00,credit,Netflix,Entertainment,16398,Success,0,-18148
2491,A166,2023-09-07 01:51:00,debit,Zomato,Food,6711,Failed,0,160229
2492,A050,2023-09-07 20:54:00,debit,Zomato,Food,2287,Success,0,229861
2493,A102,2023-09-07 14:29:00,debit,Uber,Transport,7678,Success,0,194071
2494,A079,2023-09-07 08:48:00,debit,Uber,Transport,6566,Success,0,323647
2495,A167,2023-09-07 00:41:00,debit,Swiggy,Food,2548,Success,0,19433
2496,A046,2023-09-07 22:36:00,debit,Flipkart,Shopping,4358,Success,0,-55103
2497,A064,2023-09-07 05:57:00,debit,Amazon,Shopping,1812,Success,0,136182
2498,A192,2023-09-07 14:23:00,debit,Netflix,Entertainment,13587,Success,0,628326
2499,A153,2023-09-07 01:05:00,debit,Swiggy,Food,3315,Success,0,38464
2500,A157,2023-09-07 03:34:00,debit,Croma,Electronics,6776,Success,0,-25
2501,A122,2023-09-07 11:48:00,debit,BigBasket,Groceries,595,Pending,0,8691
2502,A177,2023-09-07 10:19:00,debit,Uber,Transport,6634,Success,0,150133
2503,A194,2023-09-07 22:59:00,debit,Flipkart,Shopping,1371,Success,0,112676
2504,A031,2023-09-07 16:33:00,debit,Suspicious Transfer,Fraud,81681,Success,1,125536
2505,A088,2023-09-08 08:58:00,debit,Swiggy,Food,7647,Success,0,504555
2506,A199,2023-09-08 20:47:00,debit,Swiggy,Food,5021,Success,0,22851
2507,A064,2023-09-08 17:43:00,debit,Zomato,Food,4080,Success,0,132102
2508,A023,2023-09-08 03:10:00,credit,Flipkart,Shopping,3533,Success,0,141512
2509,A050,2023-09-08 16:11:00,credit,Croma,Electronics,7955,Pending,0,237816
2510,A162,2023-09-08 13:36:00,credit,Zomato,Food,4860,Pending,0,-294348
2511,A053,2023-09-08 15:07:00,debit,Flipkart,Shopping,567,Success,0,-30137
2512,A012,2023-09-08 15:56:00,debit,Suspicious Transfer,Fraud,170590,Success,1,-135585
2513,A075,2023-09-08 04:15:00,credit,Netflix,Entertainment,12435,Success,0,323156
2514,A011,2023-09-08 02:46:00,credit,Flipkart,Shopping,6093,Success,0,334992
2515,A163,2023-09-08 10:19:00,debit,Flipkart,Shopping,6234,Success,0,-24856
2516,A026,2023-09-08 04:08:00,debit,Zomato,Food,5494,Success,0,105692
2517,A008,2023-09-08 12:01:00,credit,Amazon,Shopping,4657,Success,0,174502
2518,A006,2023-09-09 09:59:00,debit,Croma,Electronics,14732,Success,0,98229
2519,A082,2023-09-09 21:31:00,credit,Swiggy,Food,1263,Success,0,112920
2520,A172,2023-09-09 11:48:00,debit,Amazon,Shopping,5980,Success,0,20756
2521,A162,2023-09-09 15:02:00,debit,Flipkart,Shopping,7848,Success,0,-302196
2522,A105,2023-09-09 19:00:00,credit,Swiggy,Food,8218,Success,0,103904
2523,A008,2023-09-10 13:54:00,debit,Swiggy,Food,2177,Success,0,172325
2524,A127,2023-09-10 00:37:00,debit,Flipkart,Shopping,14661,Success,0,344960
2525,A121,2023-09-10 12:51:00,credit,Swiggy,Food,11905,Success,0,-1390
2526,A107,2023-09-10 02:14:00,debit,Croma,Electronics,12779,Pending,0,237451
2527,A191,2023-09-10 04:26:00,debit,Zomato,Food,14433,Success,0,103229
2528,A156,2023-09-10 23:39:00,debit,Swiggy,Food,1912,Success,0,-4404
2529,A090,2023-09-10 10:37:00,debit,Flipkart,Shopping,14592,Success,0,371987
2530,A059,2023-09-10 11:45:00,credit,Croma,Electronics,11449,Success,0,193106
2531,A168,2023-09-10 08:54:00,debit,Croma,Electronics,8910,Success,0,-12995
2532,A174,2023-09-10 20:53:00,debit,Flipkart,Shopping,14215,Success,0,115577
2533,A171,2023-09-10 18:02:00,debit,Netflix,Entertainment,2280,Success,0,85408
2534,A138,2023-09-10 07:11:00,debit,Uber,Transport,2545,Success,0,-51646
2535,A132,2023-09-10 09:48:00,credit,Uber,Transport,12628,Success,0,236029
2536,A189,2023-09-11 06:08:00,debit,BigBasket,Groceries,4050,Success,0,215369
2537,A107,2023-09-11 19:58:00,credit,Flipkart,Shopping,2538,Failed,0,239989
2538,A124,2023-09-11 16:28:00,debit,BigBasket,Groceries,7184,Success,0,98347
2539,A156,2023-09-11 02:26:00,debit,Zomato,Food,871,Success,0,-5275
2540,A192,2023-09-11 03:11:00,debit,Zomato,Food,18006,Failed,0,610320
2541,A130,2023-09-11 15:06:00,credit,BigBasket,Groceries,1679,Success,0,127417
2542,A001,2023-09-11 01:10:00,debit,Amazon,Shopping,622,Pending,0,-2021
2543,A043,2023-09-11 06:22:00,debit,Zomato,Food,6562,Success,0,69370
2544,A100,2023-09-11 06:38:00,debit,Swiggy,Food,2249,Success,0,-230468
2545,A161,2023-09-12 19:41:00,credit,Uber,Transport,3559,Success,0,381387
2546,A152,2023-09-12 10:44:00,debit,Croma,Electronics,1443,Success,0,434422
2547,A060,2023-09-12 20:08:00,credit,Zomato,Food,6510,Success,0,98348
2548,A055,2023-09-12 15:37:00,debit,Croma,Electronics,1773,Failed,0,-133616
2549,A091,2023-09-12 18:07:00,debit,BigBasket,Groceries,6483,Success,0,148886
2550,A160,2023-09-12 15:44:00,debit,Zomato,Food,3003,Success,0,175164
2551,A181,2023-09-12 14:48:00,debit,Flipkart,Shopping,7761,Success,0,102570
2552,A109,2023-09-12 15:09:00,debit,BigBasket,Groceries,6360,Success,0,429096
2553,A166,2023-09-12 07:39:00,debit,Zomato,Food,1839,Success,0,158390
2554,A045,2023-09-12 14:00:00,debit,Netflix,Entertainment,4666,Success,0,40550
2555,A097,2023-09-12 03:47:00,debit,Uber,Transport,1336,Success,0,226589
2556,A183,2023-09-12 15:31:00,debit,Croma,Electronics,4917,Success,0,85530
2557,A013,2023-09-12 04:30:00,debit,Uber,Transport,7131,Success,0,147357
2558,A199,2023-09-13 21:25:00,debit,Swiggy,Food,2498,Success,0,20353
2559,A060,2023-09-13 13:33:00,debit,BigBasket,Groceries,6187,Success,0,92161
2560,A093,2023-09-13 03:42:00,debit,Uber,Transport,5477,Success,0,138212
2561,A186,2023-09-13 10:49:00,debit,Croma,Electronics,11358,Success,0,724041
2562,A091,2023-09-13 00:38:00,debit,Zomato,Food,7673,Success,0,141213
2563,A043,2023-09-13 13:33:00,debit,Flipkart,Shopping,5386,Success,0,63984
2564,A086,2023-09-13 11:54:00,credit,BigBasket,Groceries,2874,Success,0,72259
2565,A124,2023-09-13 22:28:00,debit,Amazon,Shopping,3999,Success,0,94348
2566,A050,2023-09-13 19:45:00,debit,Amazon,Shopping,7812,Success,0,230004
2567,A179,2023-09-14 23:52:00,credit,Croma,Electronics,23427,Success,0,130300
2568,A051,2023-09-14 13:07:00,debit,Swiggy,Food,6663,Success,0,98974
2569,A055,2023-09-14 21:32:00,debit,Swiggy,Food,6395,Success,0,-140011
2570,A019,2023-09-14 12:49:00,debit,Amazon,Shopping,2430,Success,0,230538
2571,A135,2023-09-14 13:43:00,debit,Croma,Electronics,5928,Success,0,185064
2572,A113,2023-09-14 04:32:00,debit,Netflix,Entertainment,6680,Success,0,136732
2573,A171,2023-09-14 22:23:00,credit,Uber,Transport,6272,Success,0,91680
2574,A014,2023-09-14 09:46:00,debit,BigBasket,Groceries,6439,Success,0,120556
2575,A186,2023-09-14 10:48:00,credit,BigBasket,Groceries,10167,Success,0,734208
2576,A149,2023-09-15 18:58:00,debit,Zomato,Food,1108,Success,0,300779
2577,A100,2023-09-15 17:39:00,debit,Netflix,Entertainment,519,Success,0,-230987
2578,A192,2023-09-15 20:08:00,debit,Netflix,Entertainment,4563,Success,0,605757
2579,A056,2023-09-15 01:58:00,credit,Amazon,Shopping,2058,Success,0,-16090
2580,A048,2023-09-15 05:52:00,debit,Swiggy,Food,7636,Success,0,-325
2581,A032,2023-09-15 21:32:00,debit,Netflix,Entertainment,2489,Success,0,158647
2582,A040,2023-09-15 08:15:00,debit,Croma,Electronics,6843,Success,0,211629
2583,A007,2023-09-15 04:13:00,debit,Uber,Transport,6755,Success,0,-147804
2584,A153,2023-09-15 02:24:00,credit,Uber,Transport,4988,Success,0,43452
2585,A102,2023-09-15 11:44:00,debit,Swiggy,Food,5001,Success,0,189070
2586,A151,2023-09-15 12:34:00,debit,Flipkart,Shopping,6767,Success,0,143514
2587,A002,2023-09-15 09:04:00,debit,Netflix,Entertainment,1858,Success,0,57317
2588,A008,2023-09-15 07:15:00,debit,Uber,Transport,1067,Pending,0,171258
2589,A006,2023-09-16 01:52:00,debit,Netflix,Entertainment,1085,Success,0,97144
2590,A122,2023-09-16 19:03:00,debit,Amazon,Shopping,2438,Success,0,6253
2591,A062,2023-09-16 14:36:00,debit,Zomato,Food,6572,Success,0,434920
2592,A167,2023-09-16 13:00:00,debit,Swiggy,Food,5033,Success,0,14400
2593,A061,2023-09-16 15:39:00,debit,Flipkart,Shopping,11857,Success,0,137396
2594,A173,2023-09-16 04:09:00,credit,Amazon,Shopping,14219,Success,0,514939
2595,A159,2023-09-16 20:12:00,credit,Uber,Transport,5704,Success,0,143288
2596,A107,2023-09-17 23:17:00,debit,Zomato,Food,11524,Success,0,228465
2597,A083,2023-09-17 15:11:00,debit,BigBasket,Groceries,7160,Success,0,111444
2598,A047,2023-09-17 16:13:00,credit,Croma,Electronics,2960,Failed,0,282827
2599,A011,2023-09-17 07:45:00,debit,Uber,Transport,9028,Success,0,325964
2600,A030,2023-09-17 13:02:00,debit,Uber,Transport,5739,Success,0,-189919
2601,A083,2023-09-17 04:22:00,debit,Uber,Transport,1301,Failed,0,110143
2602,A056,2023-09-17 07:40:00,debit,Amazon,Shopping,26952,Success,0,-43042
2603,A009,2023-09-17 19:20:00,debit,Zomato,Food,14295,Success,0,80183
2604,A126,2023-09-17 05:42:00,debit,Croma,Electronics,7378,Success,0,-115271
2605,A124,2023-09-17 11:37:00,debit,Zomato,Food,14885,Success,0,79463
2606,A068,2023-09-18 21:48:00,debit,Netflix,Entertainment,5551,Success,0,180964
2607,A142,2023-09-18 05:20:00,debit,Zomato,Food,7095,Success,0,-182238
2608,A141,2023-09-18 03:13:00,debit,Amazon,Shopping,1262,Success,0,165479
2609,A039,2023-09-18 15:03:00,debit,Croma,Electronics,1768,Success,0,135188
2610,A193,2023-09-18 16:26:00,debit,Uber,Transport,6824,Success,0,439834
2611,A076,2023-09-18 17:51:00,credit,Netflix,Entertainment,7103,Success,0,35410
2612,A182,2023-09-18 21:49:00,debit,Amazon,Shopping,6960,Success,0,-89556
2613,A023,2023-09-18 02:52:00,credit,Flipkart,Shopping,3188,Success,0,144700
2614,A165,2023-09-18 00:33:00,debit,Flipkart,Shopping,3417,Success,0,285573
2615,A031,2023-09-18 03:53:00,debit,BigBasket,Groceries,3544,Success,0,121992
2616,A197,2023-09-18 23:41:00,debit,Zomato,Food,1165,Success,0,74248
2617,A165,2023-09-19 10:22:00,debit,Uber,Transport,7825,Success,0,277748
2618,A117,2023-09-19 21:50:00,debit,Swiggy,Food,1494,Success,0,425202
2619,A043,2023-09-19 21:05:00,credit,Swiggy,Food,6887,Success,0,70871
2620,A164,2023-09-19 04:38:00,debit,Flipkart,Shopping,414,Success,0,214539
2621,A128,2023-09-19 05:49:00,debit,Croma,Electronics,3067,Success,0,-39950
2622,A024,2023-09-19 03:29:00,debit,Swiggy,Food,15495,Success,0,354463
2623,A086,2023-09-19 10:56:00,debit,Croma,Electronics,7730,Success,0,64529
2624,A011,2023-09-19 00:23:00,credit,BigBasket,Groceries,946,Success,0,326910
2625,A135,2023-09-19 23:42:00,credit,Croma,Electronics,3468,Success,0,188532
2626,A179,2023-09-20 02:35:00,debit,Uber,Transport,3390,Success,0,126910
2627,A101,2023-09-20 06:27:00,debit,BigBasket,Groceries,257,Success,0,169701
2628,A145,2023-09-20 11:56:00,debit,Uber,Transport,2332,Success,0,124972
2629,A152,2023-09-20 02:36:00,debit,Zomato,Food,7788,Success,0,426634
2630,A138,2023-09-20 23:24:00,debit,Zomato,Food,3344,Success,0,-54990
2631,A038,2023-09-20 04:51:00,debit,Swiggy,Food,2661,Success,0,78169
2632,A102,2023-09-20 07:18:00,debit,Swiggy,Food,2910,Failed,0,186160
2633,A060,2023-09-20 02:09:00,credit,Flipkart,Shopping,703,Failed,0,92864
2634,A142,2023-09-20 05:35:00,credit,Suspicious Transfer,Fraud,74697,Success,1,-107541
2635,A170,2023-09-20 04:20:00,debit,Amazon,Shopping,1287,Failed,0,190088
2636,A033,2023-09-20 07:13:00,credit,Netflix,Entertainment,4106,Success,0,194365
2637,A110,2023-09-20 11:48:00,debit,Amazon,Shopping,6255,Success,0,126635
2638,A077,2023-09-20 14:28:00,credit,Croma,Electronics,4280,Success,0,143390
2639,A095,2023-09-20 23:03:00,debit,Flipkart,Shopping,6749,Success,0,52843
2640,A138,2023-09-21 17:40:00,debit,Amazon,Shopping,5357,Success,0,-60347
2641,A039,2023-09-21 13:02:00,debit,Flipkart,Shopping,4859,Success,0,130329
2642,A120,2023-09-21 12:09:00,debit,Croma,Electronics,5131,Success,0,207054
2643,A008,2023-09-21 00:13:00,debit,Swiggy,Food,4799,Failed,0,166459
2644,A016,2023-09-21 07:04:00,debit,Zomato,Food,2143,Success,0,74277
2645,A105,2023-09-21 01:46:00,debit,BigBasket,Groceries,6833,Pending,0,97071
2646,A136,2023-09-22 01:31:00,debit,Croma,Electronics,5814,Success,0,342602
2647,A034,2023-09-22 10:09:00,debit,BigBasket,Groceries,21909,Failed,0,242838
2648,A180,2023-09-22 15:29:00,credit,BigBasket,Groceries,6366,Success,0,366967
2649,A185,2023-09-22 02:33:00,debit,Zomato,Food,7682,Success,0,-37742
2650,A178,2023-09-22 04:30:00,debit,Netflix,Entertainment,5730,Success,0,221494
2651,A087,2023-09-22 10:17:00,credit,Zomato,Food,1491,Success,0,111405
2652,A179,2023-09-22 02:54:00,credit,BigBasket,Groceries,11397,Success,0,138307
2653,A026,2023-09-22 01:32:00,debit,Croma,Electronics,321,Success,0,105371
2654,A179,2023-09-22 11:21:00,debit,Amazon,Shopping,21855,Success,0,116452
2655,A137,2023-09-22 16:01:00,debit,Netflix,Entertainment,1050,Success,0,110993
2656,A110,2023-09-23 23:40:00,debit,Amazon,Shopping,9098,Success,0,117537
2657,A145,2023-09-23 03:20:00,debit,Zomato,Food,12525,Success,0,112447
2658,A055,2023-09-23 07:16:00,debit,Netflix,Entertainment,4026,Pending,0,-144037
2659,A061,2023-09-23 08:10:00,credit,Swiggy,Food,11271,Success,0,148667
2660,A032,2023-09-23 08:05:00,debit,Flipkart,Shopping,12371,Success,0,146276
2661,A194,2023-09-23 06:23:00,credit,Flipkart,Shopping,13119,Success,0,125795
2662,A056,2023-09-23 23:41:00,credit,Swiggy,Food,15735,Success,0,-27307
2663,A065,2023-09-23 21:38:00,debit,Swiggy,Food,9163,Success,0,107533
2664,A066,2023-09-23 16:46:00,debit,BigBasket,Groceries,5262,Success,0,93391
2665,A001,2023-09-23 23:33:00,debit,Uber,Transport,2531,Success,0,-4552
2666,A056,2023-09-23 13:01:00,debit,Uber,Transport,16662,Success,0,-43969
2667,A053,2023-09-23 22:33:00,debit,Croma,Electronics,1478,Success,0,-31615
2668,A015,2023-09-23 14:06:00,debit,Croma,Electronics,8193,Success,0,346978
2669,A016,2023-09-24 16:23:00,credit,Swiggy,Food,3080,Pending,0,77357
2670,A009,2023-09-24 19:58:00,debit,Croma,Electronics,5623,Success,0,74560
2671,A183,2023-09-24 02:18:00,debit,Amazon,Shopping,11291,Success,0,74239
2672,A128,2023-09-24 02:59:00,debit,BigBasket,Groceries,1903,Success,0,-41853
2673,A085,2023-09-24 07:27:00,credit,Flipkart,Shopping,3041,Success,0,10732
2674,A069,2023-09-24 14:28:00,debit,Netflix,Entertainment,42990,Success,0,674359
2675,A136,2023-09-24 10:13:00,debit,Amazon,Shopping,14714,Success,0,327888
2676,A154,2023-09-24 10:04:00,debit,Swiggy,Food,5508,Success,0,23817
2677,A065,2023-09-24 11:50:00,debit,Swiggy,Food,14651,Success,0,92882
2678,A167,2023-09-24 01:47:00,debit,Netflix,Entertainment,7749,Success,0,6651
2679,A140,2023-09-25 23:47:00,debit,Amazon,Shopping,1795,Success,0,66274
2680,A119,2023-09-25 01:08:00,debit,Netflix,Entertainment,5656,Success,0,210366
2681,A036,2023-09-25 04:52:00,credit,Flipkart,Shopping,3185,Success,0,-48888
2682,A115,2023-09-25 12:45:00,credit,Netflix,Entertainment,6498,Success,0,435085
2683,A190,2023-09-25 08:36:00,credit,Flipkart,Shopping,3161,Success,0,176226
2684,A091,2023-09-25 07:14:00,debit,BigBasket,Groceries,5014,Success,0,136199
2685,A069,2023-09-25 02:50:00,debit,Croma,Electronics,13512,Success,0,660847
2686,A040,2023-09-25 14:23:00,debit,Uber,Transport,12642,Success,0,198987
2687,A196,2023-09-25 17:22:00,debit,BigBasket,Groceries,6755,Success,0,254620
2688,A200,2023-09-25 21:10:00,debit,Swiggy,Food,4889,Success,0,330533
2689,A171,2023-09-25 02:27:00,debit,Flipkart,Shopping,4524,Failed,0,87156
2690,A008,2023-09-25 01:01:00,credit,Croma,Electronics,1422,Success,0,167881
2691,A093,2023-09-25 06:34:00,debit,BigBasket,Groceries,1321,Success,0,136891
2692,A082,2023-09-26 00:39:00,debit,Croma,Electronics,6702,Success,0,106218
2693,A154,2023-09-26 16:31:00,debit,Uber,Transport,4247,Success,0,19570
2694,A088,2023-09-26 22:21:00,credit,Swiggy,Food,3476,Success,0,508031
2695,A166,2023-09-26 09:04:00,debit,Amazon,Shopping,1899,Success,0,156491
2696,A117,2023-09-26 20:24:00,debit,Amazon,Shopping,1150,Success,0,424052
2697,A053,2023-09-26 17:48:00,debit,Zomato,Food,883,Success,0,-32498
2698,A032,2023-09-26 21:29:00,debit,Amazon,Shopping,5416,Pending,0,140860
2699,A122,2023-09-26 00:34:00,credit,Uber,Transport,7596,Success,0,13849
2700,A113,2023-09-26 12:01:00,debit,Swiggy,Food,471,Success,0,136261
2701,A153,2023-09-26 16:45:00,debit,Amazon,Shopping,2483,Success,0,40969
2702,A168,2023-09-26 08:51:00,credit,Swiggy,Food,4715,Pending,0,-8280
2703,A041,2023-09-26 16:15:00,debit,Zomato,Food,2860,Success,0,43489
2704,A085,2023-09-26 08:22:00,debit,Uber,Transport,3979,Failed,0,6753
2705,A040,2023-09-26 04:48:00,credit,Amazon,Shopping,999,Success,0,199986
2706,A120,2023-09-27 03:45:00,debit,Uber,Transport,2252,Success,0,204802
2707,A099,2023-09-27 05:29:00,debit,Uber,Transport,2298,Success,0,4079
2708,A031,2023-09-27 21:21:00,debit,Amazon,Shopping,3038,Success,0,118954
2709,A147,2023-09-27 13:10:00,credit,Swiggy,Food,7276,Success,0,31982
2710,A162,2023-09-27 19:58:00,debit,BigBasket,Groceries,7725,Success,0,-309921
2711,A122,2023-09-27 22:22:00,debit,Zomato,Food,3419,Success,0,10430
2712,A086,2023-09-27 10:32:00,credit,Uber,Transport,6285,Success,0,70814
2713,A198,2023-09-27 05:19:00,debit,Amazon,Shopping,1367,Success,0,143513
2714,A184,2023-09-27 01:31:00,debit,Amazon,Shopping,5318,Failed,0,193124
2715,A193,2023-09-27 13:31:00,credit,Suspicious Transfer,Fraud,60661,Pending,1,500495
2716,A047,2023-09-27 18:22:00,debit,Uber,Transport,6822,Success,0,276005
2717,A102,2023-09-27 18:01:00,debit,Flipkart,Shopping,2173,Success,0,183987
2718,A079,2023-09-28 02:02:00,debit,Amazon,Shopping,5321,Success,0,318326
2719,A049,2023-09-28 07:04:00,credit,Netflix,Entertainment,5349,Success,0,270783
2720,A079,2023-09-28 03:47:00,debit,Flipkart,Shopping,6657,Success,0,311669
2721,A051,2023-09-28 06:12:00,debit,Netflix,Entertainment,3959,Success,0,95015
2722,A042,2023-09-28 04:31:00,debit,Croma,Electronics,7625,Success,0,104041
2723,A138,2023-09-28 07:54:00,credit,Flipkart,Shopping,3244,Success,0,-57103
2724,A079,2023-09-28 02:05:00,debit,Uber,Transport,4599,Success,0,307070
2725,A072,2023-09-28 17:47:00,debit,Amazon,Shopping,705,Success,0,213540
2726,A022,2023-09-28 21:22:00,debit,Zomato,Food,5111,Pending,0,13048
2727,A196,2023-09-29 13:34:00,debit,Swiggy,Food,1068,Success,0,253552
2728,A021,2023-09-29 06:55:00,debit,Amazon,Shopping,4043,Success,0,514
2729,A080,2023-09-29 00:04:00,debit,Flipkart,Shopping,3926,Failed,0,77387
2730,A073,2023-09-29 18:04:00,debit,Croma,Electronics,5180,Success,0,125327
2731,A104,2023-09-29 11:15:00,debit,Croma,Electronics,6034,Success,0,149444
2732,A170,2023-09-29 22:48:00,debit,Amazon,Shopping,5080,Success,0,185008
2733,A142,2023-09-29 06:56:00,credit,Flipkart,Shopping,5740,Success,0,-101801
2734,A049,2023-09-29 16:47:00,debit,Netflix,Entertainment,5023,Success,0,265760
2735,A137,2023-09-29 21:26:00,debit,Zomato,Food,3363,Success,0,107630
2736,A070,2023-09-29 16:58:00,debit,BigBasket,Groceries,7441,Success,0,295423
2737,A040,2023-09-29 00:13:00,debit,Netflix,Entertainment,17607,Pending,0,182379
2738,A131,2023-09-29 04:03:00,debit,Uber,Transport,702,Failed,0,411951
2739,A169,2023-09-29 08:47:00,credit,Croma,Electronics,7626,Success,0,-13793
2740,A041,2023-09-30 18:01:00,credit,Swiggy,Food,3657,Success,0,47146
2741,A081,2023-09-30 07:39:00,credit,Netflix,Entertainment,11244,Success,0,140921
2742,A012,2023-09-30 07:33:00,debit,BigBasket,Groceries,5893,Pending,0,-141478
2743,A119,2023-09-30 01:03:00,debit,Flipkart,Shopping,10741,Success,0,199625
2744,A187,2023-09-30 07:07:00,debit,Croma,Electronics,3311,Success,0,-14967
2745,A176,2023-09-30 19:35:00,debit,Netflix,Entertainment,26376,Success,0,115306
2746,A104,2023-09-30 11:04:00,debit,Swiggy,Food,8340,Success,0,141104
2747,A120,2023-10-01 00:47:00,credit,Salary Deposit,Income,49347,Success,0,254149
2748,A068,2023-10-01 02:44:00,credit,Salary Deposit,Income,50808,Success,0,231772
2749,A074,2023-10-01 04:51:00,credit,Salary Deposit,Income,68035,Success,0,295533
2750,A119,2023-10-01 08:59:00,credit,Salary Deposit,Income,30652,Success,0,230277
2751,A134,2023-10-01 21:36:00,credit,Salary Deposit,Income,172806,Success,0,924934
2752,A122,2023-10-01 11:18:00,credit,Salary Deposit,Income,57827,Success,0,68257
2753,A050,2023-10-01 22:08:00,credit,Salary Deposit,Income,51934,Success,0,281938
2754,A065,2023-10-01 00:56:00,credit,Salary Deposit,Income,77857,Success,0,170739
2755,A051,2023-10-01 15:34:00,credit,Salary Deposit,Income,112267,Success,0,207282
2756,A032,2023-10-01 10:59:00,credit,Salary Deposit,Income,103320,Success,0,244180
2757,A110,2023-10-01 04:21:00,credit,Salary Deposit,Income,49581,Success,0,167118
2758,A065,2023-10-01 16:25:00,credit,Salary Deposit,Income,101188,Success,0,271927
2759,A199,2023-10-01 15:34:00,credit,Salary Deposit,Income,100933,Success,0,121286
2760,A005,2023-10-01 19:29:00,credit,Salary Deposit,Income,273717,Success,0,607681
2761,A020,2023-10-01 02:20:00,credit,Salary Deposit,Income,83862,Success,0,82552
2762,A052,2023-10-02 10:09:00,credit,Salary Deposit,Income,44627,Success,0,106551
2763,A172,2023-10-02 10:11:00,credit,Salary Deposit,Income,68817,Success,0,89573
2764,A042,2023-10-02 19:27:00,credit,Salary Deposit,Income,82416,Success,0,186457
2765,A106,2023-10-02 17:39:00,credit,Salary Deposit,Income,32532,Success,0,317876
2766,A144,2023-10-02 13:46:00,credit,Salary Deposit,Income,78613,Success,0,183645
2767,A174,2023-10-03 04:00:00,credit,Salary Deposit,Income,118610,Success,0,234187
2768,A031,2023-10-03 11:32:00,credit,Salary Deposit,Income,49867,Success,0,168821
2769,A021,2023-10-03 05:25:00,credit,Suspicious Transfer,Fraud,81598,Success,1,82112
2770,A021,2023-10-03 21:18:00,credit,Salary Deposit,Income,40381,Success,0,122493
2771,A034,2023-10-03 23:26:00,credit,Salary Deposit,Income,121410,Success,0,364248
2772,A012,2023-10-03 11:13:00,credit,Salary Deposit,Income,111710,Success,0,-29768
2773,A023,2023-10-03 15:38:00,credit,Salary Deposit,Income,50663,Success,0,195363
2774,A066,2023-10-03 17:49:00,credit,Salary Deposit,Income,78452,Success,0,171843
2775,A001,2023-10-03 19:36:00,credit,Salary Deposit,Income,55462,Success,0,50910
2776,A045,2023-10-03 04:36:00,credit,Salary Deposit,Income,118276,Success,0,158826
2777,A096,2023-10-03 05:47:00,credit,Salary Deposit,Income,112418,Failed,0,359211
2778,A138,2023-10-03 16:35:00,credit,Salary Deposit,Income,33989,Success,0,-23114
2779,A090,2023-10-03 18:49:00,credit,Salary Deposit,Income,81118,Success,0,453105
2780,A100,2023-10-04 01:58:00,credit,Salary Deposit,Income,89979,Success,0,-141008
2781,A092,2023-10-04 14:46:00,credit,Salary Deposit,Income,84562,Success,0,223105
2782,A129,2023-10-04 13:16:00,credit,Salary Deposit,Income,77564,Success,0,79516
2783,A054,2023-10-04 18:06:00,credit,Salary Deposit,Income,113505,Success,0,555446
2784,A025,2023-10-04 13:13:00,credit,Salary Deposit,Income,97289,Success,0,361158
2785,A111,2023-10-04 20:38:00,credit,Salary Deposit,Income,30102,Success,0,53211
2786,A167,2023-10-04 12:30:00,credit,Salary Deposit,Income,103673,Success,0,110324
2787,A044,2023-10-04 19:55:00,credit,Salary Deposit,Income,43031,Success,0,54876
2788,A168,2023-10-04 08:55:00,credit,Salary Deposit,Income,71812,Success,0,63532
2789,A067,2023-10-05 09:39:00,credit,Salary Deposit,Income,96139,Success,0,96503
2790,A100,2023-10-05 03:14:00,credit,Salary Deposit,Income,64527,Success,0,-76481
2791,A083,2023-10-05 14:43:00,credit,Salary Deposit,Income,33178,Success,0,143321
2792,A068,2023-10-05 18:49:00,credit,Salary Deposit,Income,89447,Success,0,321219
2793,A182,2023-10-05 09:29:00,credit,Salary Deposit,Income,38965,Success,0,-50591
2794,A139,2023-10-05 06:51:00,credit,Salary Deposit,Income,111000,Pending,0,342027
2795,A028,2023-10-05 04:50:00,credit,Salary Deposit,Income,60671,Success,0,207451
2796,A084,2023-10-05 21:56:00,credit,Salary Deposit,Income,47215,Success,0,224535
2797,A189,2023-10-05 04:13:00,credit,Salary Deposit,Income,49914,Success,0,265283
2798,A152,2023-10-05 02:56:00,credit,Salary Deposit,Income,283962,Success,0,710596
2799,A169,2023-10-05 01:26:00,credit,Salary Deposit,Income,102651,Success,0,88858
2800,A158,2023-10-05 03:28:00,credit,Salary Deposit,Income,74141,Success,0,174200
2801,A091,2023-10-06 15:43:00,debit,Zomato,Food,4346,Success,0,131853
2802,A163,2023-10-06 22:15:00,debit,Netflix,Entertainment,7357,Success,0,-32213
2803,A162,2023-10-06 21:25:00,debit,Amazon,Shopping,552,Success,0,-310473
2804,A155,2023-10-06 05:01:00,debit,BigBasket,Groceries,7081,Success,0,33299
2805,A101,2023-10-06 04:12:00,credit,Swiggy,Food,2278,Success,0,171979
2806,A155,2023-10-06 15:37:00,debit,Flipkart,Shopping,7471,Success,0,25828
2807,A022,2023-10-06 01:54:00,debit,BigBasket,Groceries,1384,Failed,0,11664
2808,A004,2023-10-06 08:48:00,debit,Swiggy,Food,7623,Success,0,194154
2809,A117,2023-10-06 07:37:00,debit,Zomato,Food,4471,Success,0,419581
2810,A004,2023-10-06 00:58:00,debit,Flipkart,Shopping,6966,Success,0,187188
2811,A190,2023-10-06 20:08:00,debit,Croma,Electronics,928,Success,0,175298
2812,A163,2023-10-06 00:17:00,debit,Flipkart,Shopping,5356,Success,0,-37569
2813,A040,2023-10-07 23:45:00,debit,Uber,Transport,16260,Success,0,166119
2814,A198,2023-10-07 18:38:00,debit,Flipkart,Shopping,1022,Success,0,142491
2815,A102,2023-10-07 05:21:00,credit,Flipkart,Shopping,6580,Success,0,190567
2816,A187,2023-10-07 18:47:00,debit,Amazon,Shopping,1627,Pending,0,-16594
2817,A164,2023-10-07 08:26:00,debit,Swiggy,Food,7386,Success,0,207153
2818,A120,2023-10-07 08:36:00,debit,Swiggy,Food,3190,Success,0,250959
2819,A126,2023-10-07 00:04:00,debit,Zomato,Food,8016,Success,0,-123287
2820,A015,2023-10-07 07:54:00,debit,Swiggy,Food,6336,Pending,0,340642
2821,A099,2023-10-07 06:30:00,debit,Amazon,Shopping,3125,Success,0,954
2822,A021,2023-10-07 23:57:00,debit,Zomato,Food,8957,Success,0,113536
2823,A031,2023-10-08 07:30:00,debit,Uber,Transport,1005,Pending,0,167816
2824,A028,2023-10-08 10:07:00,debit,Swiggy,Food,14030,Success,0,193421
2825,A142,2023-10-08 23:28:00,credit,Swiggy,Food,7126,Pending,0,-94675
2826,A185,2023-10-08 05:50:00,debit,BigBasket,Groceries,10827,Failed,0,-48569
2827,A079,2023-10-08 15:50:00,debit,Uber,Transport,1969,Success,0,305101
2828,A151,2023-10-08 05:24:00,debit,Uber,Transport,8956,Success,0,134558
2829,A096,2023-10-08 11:41:00,debit,Amazon,Shopping,11367,Success,0,347844
2830,A113,2023-10-08 10:51:00,debit,Netflix,Entertainment,3307,Failed,0,132954
2831,A120,2023-10-08 05:59:00,credit,Uber,Transport,3772,Success,0,254731
2832,A018,2023-10-08 03:33:00,debit,BigBasket,Groceries,2324,Success,0,360374
2833,A162,2023-10-09 14:37:00,debit,Zomato,Food,7101,Success,0,-317574
2834,A197,2023-10-09 15:32:00,debit,Amazon,Shopping,2270,Success,0,71978
2835,A170,2023-10-09 04:03:00,debit,Croma,Electronics,1603,Success,0,183405
2836,A137,2023-10-09 22:36:00,debit,Uber,Transport,7147,Success,0,100483
2837,A106,2023-10-09 14:35:00,debit,Uber,Transport,4630,Success,0,313246
2838,A179,2023-10-09 12:06:00,debit,Uber,Transport,14436,Success,0,102016
2839,A077,2023-10-10 11:22:00,credit,BigBasket,Groceries,1330,Success,0,144720
2840,A065,2023-10-10 14:39:00,credit,Flipkart,Shopping,3484,Success,0,275411
2841,A059,2023-10-10 09:47:00,debit,Amazon,Shopping,7312,Success,0,185794
2842,A187,2023-10-10 10:45:00,debit,Netflix,Entertainment,1098,Success,0,-17692
2843,A152,2023-10-10 04:44:00,debit,Amazon,Shopping,15570,Success,0,695026
2844,A074,2023-10-10 10:22:00,credit,BigBasket,Groceries,3124,Success,0,298657
2845,A009,2023-10-10 19:26:00,debit,BigBasket,Groceries,944,Success,0,73616
2846,A140,2023-10-10 00:21:00,debit,Netflix,Entertainment,5879,Success,0,60395
2847,A187,2023-10-10 05:28:00,debit,Flipkart,Shopping,3128,Success,0,-20820
2848,A107,2023-10-11 01:03:00,debit,Flipkart,Shopping,4876,Success,0,223589
2849,A177,2023-10-11 09:02:00,debit,BigBasket,Groceries,7230,Success,0,142903
2850,A134,2023-10-11 21:45:00,debit,Zomato,Food,12003,Success,0,912931
2851,A195,2023-10-11 04:01:00,debit,BigBasket,Groceries,4783,Success,0,175858
2852,A065,2023-10-11 01:35:00,debit,Netflix,Entertainment,3144,Success,0,272267
2853,A026,2023-10-11 18:57:00,debit,Flipkart,Shopping,580,Success,0,104791
2854,A040,2023-10-11 14:36:00,debit,Zomato,Food,12039,Success,0,154080
2855,A183,2023-10-11 20:08:00,credit,BigBasket,Groceries,7833,Success,0,82072
2856,A168,2023-10-11 00:10:00,credit,Croma,Electronics,1552,Success,0,65084
2857,A155,2023-10-11 14:15:00,credit,Swiggy,Food,1953,Success,0,27781
2858,A121,2023-10-11 13:46:00,debit,Flipkart,Shopping,3722,Success,0,-5112
2859,A098,2023-10-11 09:21:00,debit,Netflix,Entertainment,16809,Success,0,-192646
2860,A197,2023-10-12 00:07:00,debit,Swiggy,Food,6077,Success,0,65901
2861,A038,2023-10-12 04:07:00,debit,BigBasket,Groceries,2188,Success,0,75981
2862,A045,2023-10-12 15:21:00,debit,Amazon,Shopping,7300,Success,0,151526
2863,A142,2023-10-12 10:50:00,credit,Netflix,Entertainment,2163,Success,0,-92512
2864,A177,2023-10-12 11:27:00,debit,Swiggy,Food,1669,Success,0,141234
2865,A058,2023-10-12 11:04:00,debit,Flipkart,Shopping,6480,Success,0,-41579
2866,A171,2023-10-12 01:36:00,debit,Croma,Electronics,4724,Success,0,82432
2867,A142,2023-10-12 08:47:00,credit,Swiggy,Food,4813,Success,0,-87699
2868,A186,2023-10-12 00:56:00,debit,Croma,Electronics,3684,Failed,0,730524
2869,A046,2023-10-12 09:22:00,debit,Swiggy,Food,1391,Success,0,-56494
2870,A155,2023-10-12 01:37:00,debit,Flipkart,Shopping,7537,Success,0,20244
2871,A048,2023-10-12 04:32:00,debit,Croma,Electronics,3540,Failed,0,-3865
2872,A164,2023-10-12 13:16:00,credit,Swiggy,Food,1077,Success,0,208230
2873,A073,2023-10-12 08:46:00,debit,Swiggy,Food,2417,Pending,0,122910
2874,A086,2023-10-13 20:56:00,credit,BigBasket,Groceries,2196,Pending,0,73010
2875,A053,2023-10-13 01:02:00,debit,Zomato,Food,6352,Success,0,-38850
2876,A029,2023-10-13 02:36:00,debit,Zomato,Food,5573,Success,0,90216
2877,A160,2023-10-13 05:49:00,debit,BigBasket,Groceries,7688,Success,0,167476
2878,A185,2023-10-13 22:16:00,debit,Zomato,Food,5372,Success,0,-53941
2879,A154,2023-10-13 12:22:00,debit,Uber,Transport,1013,Pending,0,18557
2880,A164,2023-10-13 21:56:00,debit,Amazon,Shopping,562,Success,0,207668
2881,A168,2023-10-13 05:21:00,debit,Amazon,Shopping,4869,Success,0,60215
2882,A038,2023-10-13 19:03:00,debit,Suspicious Transfer,Fraud,73014,Success,1,2967
2883,A127,2023-10-13 11:54:00,debit,Uber,Transport,4512,Success,0,340448
2884,A193,2023-10-14 10:54:00,credit,Croma,Electronics,2763,Pending,0,503258
2885,A126,2023-10-14 01:28:00,debit,BigBasket,Groceries,2299,Success,0,-125586
2886,A046,2023-10-14 04:34:00,credit,Swiggy,Food,6424,Success,0,-50070
2887,A169,2023-10-14 06:58:00,debit,Swiggy,Food,1231,Pending,0,87627
2888,A195,2023-10-14 08:55:00,credit,Croma,Electronics,8864,Failed,0,184722
2889,A102,2023-10-14 08:30:00,debit,Zomato,Food,1308,Success,0,189259
2890,A188,2023-10-14 08:05:00,debit,Swiggy,Food,14589,Success,0,153718
2891,A014,2023-10-14 11:50:00,debit,Zomato,Food,12179,Success,0,108377
2892,A029,2023-10-15 19:42:00,debit,BigBasket,Groceries,13550,Success,0,76666
2893,A141,2023-10-15 10:45:00,debit,Uber,Transport,12064,Success,0,153415
2894,A150,2023-10-15 01:07:00,debit,Croma,Electronics,3835,Success,0,169085
2895,A125,2023-10-15 01:26:00,credit,Flipkart,Shopping,8887,Success,0,208408
2896,A060,2023-10-15 03:55:00,credit,Zomato,Food,10959,Failed,0,103823
2897,A073,2023-10-15 14:08:00,debit,Croma,Electronics,4794,Success,0,118116
2898,A064,2023-10-15 09:24:00,debit,BigBasket,Groceries,14163,Success,0,117939
2899,A004,2023-10-15 15:40:00,debit,Netflix,Entertainment,11443,Success,0,175745
2900,A127,2023-10-15 14:09:00,credit,Amazon,Shopping,10475,Success,0,350923
2901,A152,2023-10-16 23:31:00,credit,Netflix,Entertainment,8094,Success,0,703120
2902,A051,2023-10-16 22:55:00,credit,Uber,Transport,2984,Pending,0,210266
2903,A006,2023-10-16 08:21:00,credit,BigBasket,Groceries,6234,Success,0,103378
2904,A182,2023-10-16 15:06:00,debit,Zomato,Food,4259,Pending,0,-54850
2905,A023,2023-10-16 06:24:00,debit,Swiggy,Food,7939,Success,0,187424
2906,A073,2023-10-16 14:30:00,debit,Swiggy,Food,3343,Success,0,114773
2907,A197,2023-10-16 22:46:00,credit,BigBasket,Groceries,7411,Success,0,73312
2908,A140,2023-10-17 21:13:00,credit,BigBasket,Groceries,1119,Success,0,61514
2909,A078,2023-10-17 08:44:00,debit,Amazon,Shopping,4616,Success,0,206491
2910,A079,2023-10-17 23:03:00,debit,Swiggy,Food,651,Pending,0,304450
2911,A125,2023-10-17 10:43:00,credit,Swiggy,Food,989,Success,0,209397
2912,A078,2023-10-17 04:28:00,debit,Croma,Electronics,3284,Success,0,203207
2913,A014,2023-10-17 02:10:00,credit,Flipkart,Shopping,3354,Success,0,111731
2914,A168,2023-10-17 03:25:00,debit,Netflix,Entertainment,2757,Success,0,57458
2915,A107,2023-10-17 11:20:00,credit,Zomato,Food,2642,Success,0,226231
2916,A016,2023-10-17 05:48:00,debit,Swiggy,Food,6603,Success,0,70754
2917,A026,2023-10-17 14:41:00,debit,Flipkart,Shopping,6888,Failed,0,97903
2918,A059,2023-10-18 10:01:00,debit,Flipkart,Shopping,1167,Success,0,184627
2919,A002,2023-10-18 18:51:00,debit,BigBasket,Groceries,6208,Success,0,51109
2920,A123,2023-10-18 20:12:00,debit,Croma,Electronics,7114,Failed,0,69854
2921,A024,2023-10-18 15:26:00,debit,Croma,Electronics,4698,Success,0,349765
2922,A080,2023-10-18 09:56:00,debit,Swiggy,Food,3007,Success,0,74380
2923,A146,2023-10-18 01:51:00,debit,Zomato,Food,2139,Success,0,184951
2924,A092,2023-10-18 14:30:00,debit,Netflix,Entertainment,5588,Success,0,217517
2925,A062,2023-10-18 07:12:00,debit,Flipkart,Shopping,3420,Success,0,431500
2926,A040,2023-10-18 16:13:00,debit,Flipkart,Shopping,20421,Success,0,133659
2927,A034,2023-10-19 19:23:00,debit,Croma,Electronics,10215,Success,0,354033
2928,A116,2023-10-19 19:56:00,debit,Uber,Transport,6493,Success,0,155834
2929,A037,2023-10-19 02:25:00,debit,Zomato,Food,5029,Success,0,167879
2930,A184,2023-10-19 23:33:00,debit,Croma,Electronics,2234,Failed,0,190890
2931,A142,2023-10-19 16:09:00,credit,Flipkart,Shopping,232,Success,0,-87467
2932,A115,2023-10-19 03:22:00,debit,BigBasket,Groceries,1895,Success,0,433190
2933,A017,2023-10-20 21:51:00,debit,BigBasket,Groceries,7351,Success,0,318699
2934,A053,2023-10-20 12:44:00,credit,Amazon,Shopping,3988,Success,0,-34862
2935,A077,2023-10-20 21:52:00,debit,Zomato,Food,4607,Success,0,140113
2936,A061,2023-10-20 11:07:00,debit,Amazon,Shopping,1177,Success,0,147490
2937,A194,2023-10-20 00:01:00,debit,BigBasket,Groceries,2211,Success,0,123584
2938,A027,2023-10-20 19:04:00,credit,BigBasket,Groceries,3533,Pending,0,-144655
2939,A059,2023-10-20 01:16:00,debit,Flipkart,Shopping,2380,Success,0,182247
2940,A150,2023-10-20 14:48:00,debit,Flipkart,Shopping,7851,Success,0,161234
2941,A171,2023-10-20 00:06:00,credit,BigBasket,Groceries,1019,Failed,0,83451
2942,A150,2023-10-20 11:40:00,debit,Flipkart,Shopping,225,Success,0,161009
2943,A111,2023-10-20 22:12:00,debit,Croma,Electronics,3055,Success,0,50156
2944,A188,2023-10-20 19:05:00,debit,Croma,Electronics,2140,Success,0,151578
2945,A040,2023-10-21 04:14:00,debit,Amazon,Shopping,41598,Success,0,92061
2946,A180,2023-10-21 13:57:00,debit,Croma,Electronics,14329,Success,0,352638
2947,A178,2023-10-21 16:11:00,debit,Croma,Electronics,7010,Success,0,214484
2948,A023,2023-10-21 20:48:00,debit,Zomato,Food,3717,Success,0,183707
2949,A144,2023-10-21 20:21:00,debit,Netflix,Entertainment,11181,Success,0,172464
2950,A097,2023-10-22 00:02:00,credit,Swiggy,Food,7342,Pending,0,233931
2951,A183,2023-10-22 18:59:00,debit,Zomato,Food,12532,Success,0,69540
2952,A179,2023-10-22 18:47:00,debit,BigBasket,Groceries,6357,Success,0,95659
2953,A019,2023-10-22 10:01:00,debit,Flipkart,Shopping,10241,Pending,0,220297
2954,A130,2023-10-22 14:44:00,debit,Zomato,Food,4683,Success,0,122734
2955,A126,2023-10-23 00:38:00,debit,Zomato,Food,2643,Success,0,-128229
2956,A114,2023-10-23 03:20:00,debit,Croma,Electronics,1148,Failed,0,322297
2957,A036,2023-10-23 22:17:00,debit,Amazon,Shopping,2951,Success,0,-51839
2958,A125,2023-10-23 02:15:00,debit,Flipkart,Shopping,4333,Pending,0,205064
2959,A059,2023-10-23 02:57:00,debit,Uber,Transport,7267,Success,0,174980
2960,A187,2023-10-23 15:29:00,credit,Swiggy,Food,1048,Success,0,-19772
2961,A170,2023-10-23 02:16:00,debit,Uber,Transport,7631,Success,0,175774
2962,A182,2023-10-23 03:21:00,debit,Zomato,Food,6951,Success,0,-61801
2963,A007,2023-10-23 01:02:00,debit,Uber,Transport,4260,Success,0,-152064
2964,A146,2023-10-23 08:36:00,debit,Uber,Transport,6298,Success,0,178653
2965,A037,2023-10-23 14:16:00,debit,Netflix,Entertainment,7736,Success,0,160143
2966,A099,2023-10-23 14:30:00,debit,BigBasket,Groceries,7195,Failed,0,-6241
2967,A024,2023-10-24 22:38:00,debit,Netflix,Entertainment,22254,Failed,0,327511
2968,A087,2023-10-24 16:50:00,debit,Flipkart,Shopping,6055,Success,0,105350
2969,A006,2023-10-24 10:45:00,debit,BigBasket,Groceries,5950,Success,0,97428
2970,A070,2023-10-24 11:10:00,debit,Netflix,Entertainment,3967,Success,0,291456
2971,A116,2023-10-24 22:08:00,credit,Zomato,Food,5608,Pending,0,161442
2972,A062,2023-10-25 07:18:00,debit,Flipkart,Shopping,6419,Success,0,425081
2973,A029,2023-10-25 16:26:00,debit,Flipkart,Shopping,1023,Success,0,75643
2974,A176,2023-10-25 04:36:00,debit,Netflix,Entertainment,9852,Success,0,105454
2975,A096,2023-10-25 00:07:00,debit,Flipkart,Shopping,3599,Success,0,344245
2976,A072,2023-10-25 19:00:00,debit,Netflix,Entertainment,579,Pending,0,212961
2977,A118,2023-10-25 05:20:00,debit,Netflix,Entertainment,3692,Success,0,118689
2978,A185,2023-10-25 05:34:00,credit,Amazon,Shopping,3221,Success,0,-50720
2979,A091,2023-10-25 03:42:00,debit,Swiggy,Food,515,Success,0,131338
2980,A022,2023-10-25 18:29:00,debit,Croma,Electronics,5205,Success,0,6459
2981,A120,2023-10-25 14:20:00,debit,Netflix,Entertainment,5433,Pending,0,249298
2982,A155,2023-10-25 01:32:00,debit,Swiggy,Food,4671,Failed,0,15573
2983,A131,2023-10-25 12:30:00,debit,Zomato,Food,1401,Success,0,410550
2984,A193,2023-10-25 23:49:00,debit,Zomato,Food,6084,Success,0,497174
2985,A127,2023-10-25 15:44:00,credit,BigBasket,Groceries,6516,Success,0,357439
2986,A136,2023-10-26 01:46:00,debit,Netflix,Entertainment,4080,Success,0,323808
2987,A112,2023-10-26 08:22:00,debit,Flipkart,Shopping,4539,Failed,0,224772
2988,A081,2023-10-26 11:31:00,credit,Uber,Transport,13419,Success,0,154340
2989,A190,2023-10-26 03:14:00,debit,Flipkart,Shopping,3111,Failed,0,172187
2990,A119,2023-10-26 14:13:00,debit,Netflix,Entertainment,5210,Success,0,225067
2991,A199,2023-10-26 02:26:00,debit,Netflix,Entertainment,6229,Success,0,115057
2992,A040,2023-10-26 23:02:00,credit,Flipkart,Shopping,4752,Success,0,96813
2993,A165,2023-10-26 21:43:00,debit,Flipkart,Shopping,4065,Success,0,273683
2994,A020,2023-10-26 20:36:00,debit,Flipkart,Shopping,3702,Success,0,78850
2995,A074,2023-10-26 12:03:00,debit,Uber,Transport,5156,Success,0,293501
2996,A173,2023-10-26 08:00:00,debit,Swiggy,Food,1938,Success,0,513001
2997,A018,2023-10-26 16:57:00,debit,Netflix,Entertainment,5283,Success,0,355091
2998,A062,2023-10-26 06:02:00,debit,Swiggy,Food,4574,Success,0,420507
2999,A170,2023-10-26 11:49:00,debit,Netflix,Entertainment,1365,Success,0,174409
3000,A093,2023-10-26 23:39:00,debit,BigBasket,Groceries,6160,Success,0,130731
3001,A026,2023-10-27 09:14:00,debit,Swiggy,Food,7158,Success,0,90745
3002,A039,2023-10-27 17:29:00,debit,Croma,Electronics,2236,Success,0,128093
3003,A200,2023-10-27 18:06:00,credit,Swiggy,Food,247,Success,0,330780
3004,A056,2023-10-27 07:38:00,debit,Suspicious Transfer,Fraud,198796,Success,1,-242765
3005,A110,2023-10-27 01:41:00,debit,Swiggy,Food,1091,Success,0,166027
3006,A058,2023-10-27 12:13:00,debit,Netflix,Entertainment,6995,Success,0,-48574
3007,A005,2023-10-28 21:06:00,credit,Swiggy,Food,40950,Success,0,648631
3008,A042,2023-10-28 19:42:00,debit,Zomato,Food,13656,Success,0,172801
3009,A139,2023-10-28 16:55:00,debit,Flipkart,Shopping,6109,Success,0,335918
3010,A118,2023-10-28 10:24:00,debit,Flipkart,Shopping,14191,Success,0,104498
3011,A116,2023-10-28 00:34:00,debit,BigBasket,Groceries,12449,Success,0,148993
3012,A121,2023-10-28 23:44:00,debit,Swiggy,Food,13640,Failed,0,-18752
3013,A132,2023-10-28 13:47:00,debit,Croma,Electronics,7190,Success,0,228839
3014,A171,2023-10-28 03:46:00,debit,Flipkart,Shopping,2412,Success,0,81039
3015,A145,2023-10-28 11:05:00,debit,Netflix,Entertainment,10449,Success,0,101998
3016,A090,2023-10-28 10:28:00,debit,Amazon,Shopping,9547,Success,0,443558
3017,A176,2023-10-28 05:54:00,debit,Amazon,Shopping,29124,Success,0,76330
3018,A115,2023-10-28 01:14:00,debit,Uber,Transport,12708,Success,0,420482
3019,A198,2023-10-28 19:45:00,debit,Flipkart,Shopping,10738,Success,0,131753
3020,A111,2023-10-29 21:33:00,credit,Amazon,Shopping,9410,Success,0,59566
3021,A081,2023-10-29 13:18:00,debit,Uber,Transport,8493,Success,0,145847
3022,A042,2023-10-29 00:20:00,debit,Uber,Transport,1835,Success,0,170966
3023,A125,2023-10-29 11:18:00,debit,BigBasket,Groceries,2416,Success,0,202648
3024,A197,2023-10-29 00:21:00,debit,Zomato,Food,12888,Success,0,60424
3025,A062,2023-10-29 16:27:00,debit,Amazon,Shopping,7017,Success,0,413490
3026,A078,2023-10-30 23:15:00,debit,BigBasket,Groceries,7288,Success,0,195919
3027,A011,2023-10-30 10:07:00,debit,Swiggy,Food,3187,Success,0,323723
3028,A064,2023-10-30 16:30:00,debit,BigBasket,Groceries,3093,Failed,0,114846
3029,A123,2023-10-30 07:48:00,debit,Uber,Transport,3682,Success,0,66172
3030,A141,2023-10-30 09:28:00,debit,Uber,Transport,5194,Success,0,148221
3031,A199,2023-10-30 18:09:00,debit,Zomato,Food,6508,Success,0,108549
3032,A038,2023-10-30 07:50:00,debit,Uber,Transport,6269,Success,0,-3302
3033,A037,2023-10-31 11:04:00,debit,Amazon,Shopping,6098,Success,0,154045
3034,A050,2023-10-31 23:48:00,debit,Flipkart,Shopping,5416,Success,0,276522
3035,A114,2023-10-31 02:07:00,debit,Flipkart,Shopping,2318,Success,0,319979
3036,A082,2023-10-31 11:54:00,debit,Zomato,Food,1440,Success,0,104778
3037,A069,2023-10-31 00:53:00,debit,Croma,Electronics,12360,Success,0,648487
3038,A083,2023-10-31 01:45:00,debit,Swiggy,Food,6420,Success,0,136901
3039,A054,2023-10-31 18:26:00,debit,Swiggy,Food,2361,Success,0,553085
3040,A199,2023-11-01 14:58:00,credit,Salary Deposit,Income,56508,Success,0,165057
3041,A100,2023-11-01 09:34:00,credit,Salary Deposit,Income,60028,Failed,0,-16453
3042,A050,2023-11-01 23:11:00,credit,Salary Deposit,Income,81320,Success,0,357842
3043,A028,2023-11-01 13:18:00,credit,Salary Deposit,Income,62843,Success,0,256264
3044,A187,2023-11-01 13:55:00,credit,Salary Deposit,Income,34384,Success,0,14612
3045,A012,2023-11-01 03:52:00,credit,Salary Deposit,Income,34461,Success,0,4693
3046,A153,2023-11-01 05:07:00,credit,Salary Deposit,Income,56514,Success,0,97483
3047,A031,2023-11-01 09:25:00,credit,Salary Deposit,Income,63633,Success,0,231449
3048,A042,2023-11-01 23:49:00,credit,Salary Deposit,Income,61178,Pending,0,232144
3049,A139,2023-11-01 02:27:00,credit,Salary Deposit,Income,94259,Success,0,430177
3050,A033,2023-11-01 21:43:00,credit,Salary Deposit,Income,90737,Success,0,285102
3051,A049,2023-11-01 09:02:00,credit,Salary Deposit,Income,72073,Success,0,337833
3052,A158,2023-11-01 21:50:00,credit,Salary Deposit,Income,92750,Success,0,266950
3053,A080,2023-11-01 14:48:00,credit,Salary Deposit,Income,43621,Success,0,118001
3054,A164,2023-11-02 09:29:00,credit,Salary Deposit,Income,35258,Failed,0,242926
3055,A082,2023-11-02 07:23:00,credit,Salary Deposit,Income,99248,Success,0,204026
3056,A023,2023-11-02 09:47:00,credit,Salary Deposit,Income,87605,Success,0,271312
3057,A032,2023-11-02 00:19:00,credit,Salary Deposit,Income,85543,Failed,0,329723
3058,A016,2023-11-02 01:47:00,credit,Salary Deposit,Income,81253,Success,0,152007
3059,A191,2023-11-02 02:08:00,credit,Salary Deposit,Income,31756,Success,0,134985
3060,A067,2023-11-03 06:12:00,credit,Salary Deposit,Income,112335,Success,0,208838
3061,A113,2023-11-03 02:37:00,credit,Salary Deposit,Income,45197,Success,0,178151
3062,A006,2023-11-03 17:31:00,credit,Salary Deposit,Income,80315,Success,0,177743
3063,A168,2023-11-03 02:57:00,credit,Salary Deposit,Income,78856,Success,0,136314
3064,A059,2023-11-03 09:57:00,credit,Salary Deposit,Income,91527,Success,0,266507
3065,A168,2023-11-03 09:29:00,credit,Salary Deposit,Income,59510,Success,0,195824
3066,A166,2023-11-03 07:19:00,credit,Salary Deposit,Income,100664,Success,0,257155
3067,A178,2023-11-04 01:57:00,credit,Salary Deposit,Income,108752,Success,0,323236
3068,A116,2023-11-04 18:15:00,credit,Salary Deposit,Income,76196,Success,0,225189
3069,A111,2023-11-04 03:33:00,credit,Salary Deposit,Income,110025,Success,0,169591
3070,A041,2023-11-04 21:37:00,credit,Salary Deposit,Income,109756,Success,0,156902
3071,A116,2023-11-04 16:44:00,credit,Salary Deposit,Income,108231,Success,0,333420
3072,A035,2023-11-04 20:14:00,credit,Salary Deposit,Income,81114,Success,0,114052
3073,A077,2023-11-04 23:27:00,credit,Salary Deposit,Income,48209,Success,0,188322
3074,A148,2023-11-04 04:06:00,credit,Salary Deposit,Income,55542,Success,0,284082
3075,A048,2023-11-04 01:32:00,credit,Salary Deposit,Income,119707,Success,0,115842
3076,A135,2023-11-04 06:53:00,credit,Salary Deposit,Income,71824,Success,0,260356
3077,A190,2023-11-05 08:22:00,credit,Salary Deposit,Income,78236,Success,0,250423
3078,A061,2023-11-05 00:16:00,credit,Salary Deposit,Income,56773,Success,0,204263
3079,A141,2023-11-05 14:43:00,credit,Salary Deposit,Income,106756,Success,0,254977
3080,A071,2023-11-05 05:35:00,credit,Salary Deposit,Income,40533,Success,0,182178
3081,A016,2023-11-05 23:43:00,credit,Salary Deposit,Income,53475,Success,0,205482
3082,A200,2023-11-05 17:35:00,credit,Salary Deposit,Income,53552,Success,0,384332
3083,A071,2023-11-05 08:36:00,credit,Salary Deposit,Income,103048,Success,0,285226
3084,A177,2023-11-06 02:48:00,debit,Croma,Electronics,2869,Success,0,138365
3085,A077,2023-11-06 23:25:00,debit,Croma,Electronics,6687,Success,0,181635
3086,A053,2023-11-06 03:04:00,debit,BigBasket,Groceries,5191,Success,0,-40053
3087,A173,2023-11-06 04:18:00,debit,Netflix,Entertainment,416,Failed,0,512585
3088,A107,2023-11-06 18:08:00,debit,Flipkart,Shopping,321,Success,0,225910
3089,A136,2023-11-06 12:45:00,debit,Uber,Transport,5135,Success,0,318673
3090,A050,2023-11-06 06:17:00,debit,Amazon,Shopping,6215,Success,0,351627
3091,A143,2023-11-06 10:27:00,credit,Uber,Transport,21618,Success,0,-106557
3092,A010,2023-11-06 18:46:00,debit,Zomato,Food,16902,Success,0,147409
3093,A131,2023-11-06 09:54:00,credit,Netflix,Entertainment,13491,Success,0,424041
3094,A172,2023-11-06 11:13:00,debit,Croma,Electronics,669,Success,0,88904
3095,A005,2023-11-06 22:39:00,debit,BigBasket,Groceries,8196,Success,0,640435
3096,A013,2023-11-06 09:51:00,debit,Uber,Transport,3164,Success,0,144193
3097,A004,2023-11-06 08:47:00,debit,Netflix,Entertainment,7760,Success,0,167985
3098,A030,2023-11-07 22:12:00,debit,Croma,Electronics,3487,Success,0,-193406
3099,A153,2023-11-07 19:50:00,credit,Croma,Electronics,4661,Success,0,102144
3100,A009,2023-11-07 03:03:00,debit,Amazon,Shopping,6224,Success,0,67392
3101,A164,2023-11-07 17:26:00,debit,Zomato,Food,5916,Success,0,237010
3102,A175,2023-11-07 16:55:00,debit,Zomato,Food,3891,Success,0,105969
3103,A081,2023-11-08 21:05:00,debit,Flipkart,Shopping,5283,Success,0,140564
3104,A083,2023-11-08 07:05:00,debit,BigBasket,Groceries,7550,Success,0,129351
3105,A014,2023-11-08 05:51:00,debit,Zomato,Food,450,Success,0,111281
3106,A040,2023-11-08 12:19:00,debit,Amazon,Shopping,5598,Success,0,91215
3107,A056,2023-11-08 11:37:00,credit,BigBasket,Groceries,20496,Success,0,-222269
3108,A050,2023-11-08 01:07:00,debit,Netflix,Entertainment,2021,Success,0,349606
3109,A148,2023-11-08 01:40:00,debit,Uber,Transport,6243,Success,0,277839
3110,A174,2023-11-08 00:29:00,credit,Zomato,Food,7609,Success,0,241796
3111,A183,2023-11-08 02:33:00,credit,Swiggy,Food,4792,Success,0,74332
3112,A027,2023-11-08 16:29:00,debit,Croma,Electronics,1927,Success,0,-146582
3113,A101,2023-11-08 03:45:00,debit,Swiggy,Food,1583,Success,0,170396
3114,A189,2023-11-08 23:04:00,debit,Swiggy,Food,5217,Success,0,260066
3115,A003,2023-11-08 14:27:00,debit,Croma,Electronics,5908,Success,0,171459
3116,A053,2023-11-08 23:16:00,debit,Uber,Transport,4395,Success,0,-44448
3117,A060,2023-11-08 09:03:00,debit,Croma,Electronics,2163,Success,0,101660
3118,A190,2023-11-09 21:17:00,debit,Flipkart,Shopping,803,Success,0,249620
3119,A154,2023-11-09 06:38:00,debit,Flipkart,Shopping,4038,Success,0,14519
3120,A039,2023-11-09 08:29:00,debit,Amazon,Shopping,752,Success,0,127341
3121,A171,2023-11-09 11:06:00,debit,Flipkart,Shopping,3541,Success,0,77498
3122,A067,2023-11-09 11:45:00,debit,Zomato,Food,5314,Success,0,203524
3123,A090,2023-11-09 23:52:00,debit,Flipkart,Shopping,5510,Success,0,438048
3124,A029,2023-11-09 00:30:00,debit,Amazon,Shopping,7823,Success,0,67820
3125,A153,2023-11-10 18:30:00,credit,Amazon,Shopping,5768,Success,0,107912
3126,A002,2023-11-10 14:19:00,debit,Swiggy,Food,6648,Success,0,44461
3127,A153,2023-11-10 21:56:00,credit,Amazon,Shopping,7149,Success,0,115061
3128,A071,2023-11-10 19:05:00,debit,Amazon,Shopping,7826,Success,0,277400
3129,A114,2023-11-10 19:23:00,debit,BigBasket,Groceries,5917,Success,0,314062
3130,A143,2023-11-10 03:33:00,debit,Swiggy,Food,6969,Success,0,-113526
3131,A126,2023-11-10 21:14:00,credit,Amazon,Shopping,5512,Success,0,-122717
3132,A119,2023-11-10 19:27:00,credit,Amazon,Shopping,3408,Success,0,228475
3133,A090,2023-11-10 06:42:00,credit,Netflix,Entertainment,6050,Success,0,444098
3134,A168,2023-11-10 09:02:00,debit,Zomato,Food,3278,Success,0,192546
3135,A156,2023-11-10 06:40:00,credit,Suspicious Transfer,Fraud,156207,Success,1,150932
3136,A142,2023-11-10 06:46:00,debit,Croma,Electronics,5095,Success,0,-92562
3137,A038,2023-11-10 07:37:00,debit,Netflix,Entertainment,6041,Success,0,-9343
3138,A169,2023-11-10 16:07:00,credit,Croma,Electronics,5349,Success,0,92976
3139,A171,2023-11-11 12:38:00,credit,Flipkart,Shopping,3380,Failed,0,80878
3140,A152,2023-11-11 04:37:00,credit,Croma,Electronics,14730,Success,0,717850
3141,A132,2023-11-11 22:58:00,debit,Netflix,Entertainment,5793,Success,0,223046
3142,A181,2023-11-11 11:12:00,debit,Uber,Transport,10342,Success,0,92228
3143,A043,2023-11-11 05:46:00,debit,Croma,Electronics,10030,Success,0,60841
3144,A006,2023-11-11 18:46:00,debit,Zomato,Food,7660,Success,0,170083
3145,A034,2023-11-11 15:29:00,debit,Swiggy,Food,7221,Success,0,346812
3146,A180,2023-11-11 08:31:00,debit,Croma,Electronics,7122,Pending,0,345516
3147,A032,2023-11-11 11:52:00,credit,Zomato,Food,5626,Success,0,335349
3148,A152,2023-11-11 05:17:00,debit,Amazon,Shopping,27654,Success,0,690196
3149,A068,2023-11-11 08:32:00,debit,Amazon,Shopping,9152,Success,0,312067
3150,A166,2023-11-11 15:18:00,debit,BigBasket,Groceries,14422,Success,0,242733
3151,A103,2023-11-11 23:57:00,debit,Amazon,Shopping,31728,Success,0,410721
3152,A169,2023-11-12 08:35:00,debit,Zomato,Food,11695,Success,0,81281
3153,A011,2023-11-12 09:16:00,debit,BigBasket,Groceries,13418,Success,0,310305
3154,A098,2023-11-12 12:55:00,credit,Zomato,Food,29403,Success,0,-163243
3155,A044,2023-11-12 05:11:00,debit,Netflix,Entertainment,7369,Success,0,47507
3156,A038,2023-11-12 10:55:00,debit,BigBasket,Groceries,4883,Pending,0,-14226
3157,A047,2023-11-12 04:54:00,debit,Zomato,Food,3773,Success,0,272232
3158,A179,2023-11-12 09:46:00,debit,Uber,Transport,38439,Success,0,57220
3159,A091,2023-11-12 09:09:00,credit,BigBasket,Groceries,12547,Success,0,143885
3160,A003,2023-11-13 15:40:00,debit,BigBasket,Groceries,3016,Success,0,168443
3161,A160,2023-11-13 19:15:00,debit,Zomato,Food,7744,Success,0,159732
3162,A017,2023-11-13 04:08:00,debit,Swiggy,Food,7996,Success,0,310703
3163,A190,2023-11-13 11:24:00,credit,Netflix,Entertainment,1053,Success,0,250673
3164,A135,2023-11-13 20:29:00,debit,Swiggy,Food,2758,Success,0,257598
3165,A179,2023-11-13 06:18:00,debit,Zomato,Food,18315,Failed,0,38905
3166,A113,2023-11-13 06:34:00,debit,Uber,Transport,2369,Success,0,175782
3167,A178,2023-11-14 06:14:00,debit,Flipkart,Shopping,4194,Success,0,319042
3168,A182,2023-11-14 18:25:00,debit,Flipkart,Shopping,533,Success,0,-62334
3169,A126,2023-11-14 22:10:00,credit,Swiggy,Food,2398,Success,0,-120319
3170,A002,2023-11-14 02:05:00,debit,Netflix,Entertainment,7107,Success,0,37354
3171,A092,2023-11-14 01:29:00,debit,Uber,Transport,4395,Failed,0,213122
3172,A071,2023-11-14 03:15:00,credit,Netflix,Entertainment,3895,Success,0,281295
3173,A152,2023-11-14 06:33:00,debit,Croma,Electronics,16587,Success,0,673609
3174,A179,2023-11-14 22:09:00,debit,Uber,Transport,15663,Success,0,23242
3175,A181,2023-11-14 06:20:00,debit,Uber,Transport,5710,Success,0,86518
3176,A166,2023-11-14 05:53:00,debit,Flipkart,Shopping,1182,Success,0,241551
3177,A040,2023-11-14 13:18:00,debit,Netflix,Entertainment,23196,Success,0,68019
3178,A173,2023-11-14 09:03:00,credit,Uber,Transport,1781,Success,0,514366
3179,A033,2023-11-15 19:20:00,debit,BigBasket,Groceries,527,Pending,0,284575
3180,A127,2023-11-15 08:06:00,debit,BigBasket,Groceries,3881,Success,0,353558
3181,A149,2023-11-15 14:54:00,credit,BigBasket,Groceries,4476,Success,0,305255
3182,A111,2023-11-15 01:29:00,credit,Uber,Transport,886,Success,0,170477
3183,A005,2023-11-15 02:06:00,debit,Flipkart,Shopping,19170,Success,0,621265
3184,A137,2023-11-15 12:50:00,debit,Uber,Transport,4960,Success,0,95523
3185,A077,2023-11-15 05:29:00,debit,Netflix,Entertainment,5393,Success,0,176242
3186,A109,2023-11-15 06:20:00,debit,Flipkart,Shopping,4068,Success,0,425028
3187,A146,2023-11-15 13:27:00,debit,Netflix,Entertainment,1880,Success,0,176773
3188,A188,2023-11-15 18:42:00,debit,Flipkart,Shopping,6010,Success,0,145568
3189,A057,2023-11-16 00:47:00,debit,Flipkart,Shopping,18744,Success,0,711001
3190,A159,2023-11-16 05:49:00,debit,Croma,Electronics,7598,Success,0,135690
3191,A041,2023-11-16 00:00:00,debit,Uber,Transport,7944,Success,0,148958
3192,A124,2023-11-16 17:11:00,debit,Zomato,Food,2070,Failed,0,77393
3193,A081,2023-11-16 07:39:00,credit,Croma,Electronics,2472,Success,0,143036
3194,A143,2023-11-16 22:49:00,debit,Zomato,Food,5472,Pending,0,-118998
3195,A164,2023-11-16 16:54:00,credit,Uber,Transport,2915,Success,0,239925
3196,A195,2023-11-16 03:48:00,debit,BigBasket,Groceries,1668,Success,0,183054
3197,A147,2023-11-17 17:04:00,credit,BigBasket,Groceries,3796,Success,0,35778
3198,A086,2023-11-17 13:36:00,debit,BigBasket,Groceries,5734,Failed,0,67276
3199,A163,2023-11-17 16:14:00,debit,Flipkart,Shopping,5910,Success,0,-43479
3200,A189,2023-11-17 18:10:00,debit,Flipkart,Shopping,2798,Success,0,257268
3201,A064,2023-11-17 08:39:00,debit,Swiggy,Food,3288,Success,0,111558
3202,A023,2023-11-17 22:29:00,debit,Croma,Electronics,3559,Pending,0,267753
3203,A197,2023-11-17 12:08:00,credit,Uber,Transport,1333,Success,0,61757
3204,A110,2023-11-17 11:33:00,debit,Flipkart,Shopping,428,Success,0,165599
3205,A127,2023-11-18 14:32:00,debit,Uber,Transport,6786,Pending,0,346772
3206,A143,2023-11-18 12:19:00,debit,Suspicious Transfer,Fraud,74594,Success,1,-193592
3207,A056,2023-11-18 17:45:00,debit,Suspicious Transfer,Fraud,51626,Success,1,-273895
3208,A125,2023-11-18 15:31:00,credit,Netflix,Entertainment,12211,Success,0,214859
3209,A128,2023-11-18 16:39:00,debit,Uber,Transport,12511,Success,0,-54364
3210,A164,2023-11-18 23:27:00,credit,Netflix,Entertainment,1549,Success,0,241474
3211,A026,2023-11-18 10:10:00,credit,Swiggy,Food,14518,Success,0,105263
3212,A165,2023-11-18 18:52:00,debit,Zomato,Food,8974,Success,0,264709
3213,A068,2023-11-18 09:10:00,debit,Zomato,Food,7878,Success,0,304189
3214,A051,2023-11-18 03:51:00,debit,Zomato,Food,6844,Success,0,203422
3215,A084,2023-11-19 14:00:00,debit,Amazon,Shopping,3025,Success,0,221510
3216,A176,2023-11-19 14:14:00,debit,Swiggy,Food,14430,Success,0,61900
3217,A119,2023-11-19 08:48:00,credit,Croma,Electronics,6380,Success,0,234855
3218,A145,2023-11-19 18:33:00,debit,BigBasket,Groceries,8812,Success,0,93186
3219,A135,2023-11-19 14:49:00,debit,Croma,Electronics,5282,Success,0,252316
3220,A087,2023-11-19 14:09:00,debit,Amazon,Shopping,1316,Success,0,104034
3221,A019,2023-11-19 23:05:00,debit,Zomato,Food,7540,Success,0,212757
3222,A113,2023-11-19 08:40:00,debit,Netflix,Entertainment,3863,Success,0,171919
3223,A056,2023-11-19 01:46:00,debit,Uber,Transport,13905,Success,0,-287800
3224,A115,2023-11-19 02:10:00,debit,Uber,Transport,12369,Success,0,408113
3225,A169,2023-11-19 16:45:00,credit,Flipkart,Shopping,14745,Pending,0,96026
3226,A140,2023-11-19 11:51:00,debit,Croma,Electronics,3414,Success,0,58100
3227,A129,2023-11-20 11:17:00,debit,Uber,Transport,6786,Success,0,72730
3228,A143,2023-11-20 10:02:00,credit,Netflix,Entertainment,7026,Success,0,-186566
3229,A147,2023-11-20 01:12:00,credit,Swiggy,Food,3243,Success,0,39021
3230,A133,2023-11-20 11:39:00,debit,Zomato,Food,6655,Success,0,91176
3231,A064,2023-11-20 17:34:00,debit,Croma,Electronics,892,Success,0,110666
3232,A120,2023-11-20 11:43:00,debit,Uber,Transport,5236,Failed,0,244062
3233,A189,2023-11-20 17:39:00,debit,Flipkart,Shopping,7735,Success,0,249533
3234,A076,2023-11-20 09:33:00,credit,BigBasket,Groceries,2170,Success,0,37580
3235,A168,2023-11-21 05:58:00,debit,Croma,Electronics,2567,Success,0,189979
3236,A136,2023-11-21 22:18:00,debit,Amazon,Shopping,3689,Success,0,314984
3237,A048,2023-11-21 03:44:00,debit,Swiggy,Food,6802,Success,0,109040
3238,A050,2023-11-21 15:36:00,debit,Netflix,Entertainment,1587,Success,0,348019
3239,A124,2023-11-21 04:25:00,debit,Netflix,Entertainment,2643,Success,0,74750
3240,A144,2023-11-21 17:40:00,debit,Flipkart,Shopping,6060,Pending,0,166404
3241,A133,2023-11-21 13:36:00,debit,Uber,Transport,586,Success,0,90590
3242,A164,2023-11-21 21:05:00,credit,Amazon,Shopping,1507,Success,0,242981
3243,A052,2023-11-22 03:46:00,debit,Amazon,Shopping,5565,Success,0,100986
3244,A097,2023-11-22 04:50:00,debit,BigBasket,Groceries,7361,Success,0,226570
3245,A044,2023-11-22 15:17:00,credit,Amazon,Shopping,7837,Failed,0,55344
3246,A009,2023-11-22 13:00:00,debit,Netflix,Entertainment,7740,Success,0,59652
3247,A181,2023-11-22 00:15:00,debit,Netflix,Entertainment,5447,Success,0,81071
3248,A198,2023-11-22 03:16:00,debit,Uber,Transport,1224,Success,0,130529
3249,A013,2023-11-22 15:16:00,debit,Netflix,Entertainment,2675,Success,0,141518
3250,A147,2023-11-22 08:50:00,debit,Netflix,Entertainment,3735,Success,0,35286
3251,A142,2023-11-22 23:33:00,debit,Amazon,Shopping,1934,Success,0,-94496
3252,A192,2023-11-22 02:56:00,debit,Suspicious Transfer,Fraud,106155,Success,1,499602
3253,A009,2023-11-22 13:11:00,debit,Swiggy,Food,5183,Success,0,54469
3254,A171,2023-11-22 02:05:00,credit,Flipkart,Shopping,3735,Success,0,84613
3255,A146,2023-11-22 10:53:00,debit,Uber,Transport,4618,Success,0,172155
3256,A174,2023-11-22 07:11:00,debit,Netflix,Entertainment,5971,Success,0,235825
3257,A093,2023-11-22 19:24:00,debit,Croma,Electronics,3713,Success,0,127018
3258,A137,2023-11-23 16:32:00,debit,Flipkart,Shopping,5466,Success,0,90057
3259,A019,2023-11-23 22:08:00,credit,Flipkart,Shopping,6069,Success,0,218826
3260,A092,2023-11-23 13:11:00,debit,Uber,Transport,3816,Success,0,209306
3261,A188,2023-11-23 07:49:00,debit,Netflix,Entertainment,6603,Success,0,138965
3262,A085,2023-11-23 17:58:00,debit,BigBasket,Groceries,5337,Success,0,1416
3263,A162,2023-11-23 04:14:00,debit,Zomato,Food,3685,Success,0,-321259
3264,A176,2023-11-24 08:54:00,debit,BigBasket,Groceries,7017,Success,0,54883
3265,A173,2023-11-24 12:01:00,credit,Swiggy,Food,7053,Success,0,521419
3266,A013,2023-11-24 16:41:00,debit,Amazon,Shopping,2854,Success,0,138664
3267,A040,2023-11-24 07:02:00,debit,Zomato,Food,22236,Success,0,45783
3268,A002,2023-11-24 03:31:00,debit,Swiggy,Food,2049,Success,0,35305
3269,A057,2023-11-24 00:39:00,debit,Flipkart,Shopping,5724,Success,0,705277
3270,A133,2023-11-24 07:22:00,debit,Zomato,Food,1665,Success,0,88925
3271,A125,2023-11-24 14:19:00,debit,Suspicious Transfer,Fraud,161833,Success,1,53026
3272,A046,2023-11-24 13:59:00,debit,Swiggy,Food,4930,Success,0,-55000
3273,A103,2023-11-24 00:48:00,credit,BigBasket,Groceries,11292,Success,0,422013
3274,A089,2023-11-24 03:58:00,debit,BigBasket,Groceries,4270,Success,0,294393
3275,A196,2023-11-24 17:40:00,debit,Croma,Electronics,4806,Success,0,248746
3276,A194,2023-11-24 02:42:00,credit,Croma,Electronics,2114,Success,0,125698
3277,A155,2023-11-24 18:03:00,credit,Uber,Transport,930,Success,0,16503
3278,A175,2023-11-25 20:29:00,debit,Flipkart,Shopping,13772,Success,0,92197
3279,A022,2023-11-25 06:51:00,debit,Zomato,Food,5662,Failed,0,797
3280,A031,2023-11-25 23:17:00,debit,Netflix,Entertainment,13915,Pending,0,217534
3281,A113,2023-11-25 23:00:00,debit,Swiggy,Food,14699,Success,0,157220
3282,A145,2023-11-25 06:47:00,debit,Flipkart,Shopping,6339,Success,0,86847
3283,A128,2023-11-25 19:56:00,debit,Swiggy,Food,4577,Success,0,-58941
3284,A198,2023-11-25 06:37:00,debit,Zomato,Food,3260,Success,0,127269
3285,A188,2023-11-25 06:45:00,debit,Swiggy,Food,11345,Success,0,127620
3286,A011,2023-11-26 12:56:00,debit,Croma,Electronics,9392,Success,0,300913
3287,A174,2023-11-26 03:57:00,debit,Amazon,Shopping,9311,Success,0,226514
3288,A072,2023-11-26 14:37:00,debit,Swiggy,Food,9932,Success,0,203029
3289,A122,2023-11-26 06:46:00,debit,Zomato,Food,14033,Success,0,54224
3290,A128,2023-11-26 18:17:00,debit,Uber,Transport,2201,Success,0,-61142
3291,A188,2023-11-26 13:05:00,credit,Swiggy,Food,11545,Failed,0,139165
3292,A156,2023-11-26 09:50:00,debit,Uber,Transport,9024,Success,0,141908
3293,A173,2023-11-26 12:30:00,debit,Swiggy,Food,1623,Success,0,519796
3294,A087,2023-11-26 03:52:00,debit,Croma,Electronics,5335,Success,0,98699
3295,A152,2023-11-26 04:24:00,debit,Flipkart,Shopping,28437,Success,0,645172
3296,A098,2023-11-26 02:13:00,credit,Croma,Electronics,15978,Success,0,-147265
3297,A120,2023-11-26 00:49:00,debit,Uber,Transport,12341,Success,0,231721
3298,A071,2023-11-26 05:14:00,debit,Zomato,Food,9477,Success,0,271818
3299,A063,2023-11-26 09:04:00,debit,Croma,Electronics,13396,Success,0,246818
3300,A071,2023-11-27 08:18:00,debit,Flipkart,Shopping,225,Success,0,271593
3301,A142,2023-11-27 01:07:00,debit,Amazon,Shopping,4955,Success,0,-99451
3302,A126,2023-11-27 14:03:00,debit,Suspicious Transfer,Fraud,76404,Success,1,-196723
3303,A078,2023-11-27 21:05:00,debit,Flipkart,Shopping,1862,Success,0,194057
3304,A131,2023-11-27 18:00:00,credit,Flipkart,Shopping,14643,Success,0,438684
3305,A125,2023-11-27 09:21:00,debit,Amazon,Shopping,4059,Success,0,48967
3306,A156,2023-11-27 02:43:00,debit,Netflix,Entertainment,7628,Success,0,134280
3307,A161,2023-11-27 08:03:00,debit,Croma,Electronics,1740,Pending,0,379647
3308,A108,2023-11-27 13:52:00,debit,Flipkart,Shopping,352,Success,0,179988
3309,A184,2023-11-27 16:21:00,debit,Croma,Electronics,5442,Success,0,185448
3310,A146,2023-11-27 09:27:00,debit,Uber,Transport,5227,Success,0,166928
3311,A147,2023-11-27 21:18:00,debit,Croma,Electronics,6717,Success,0,28569
3312,A024,2023-11-27 07:14:00,debit,Swiggy,Food,7791,Pending,0,319720
3313,A006,2023-11-27 07:22:00,debit,BigBasket,Groceries,2315,Success,0,167768
3314,A108,2023-11-28 19:32:00,credit,Uber,Transport,2592,Success,0,182580
3315,A104,2023-11-28 23:06:00,debit,Netflix,Entertainment,2707,Failed,0,138397
3316,A130,2023-11-28 03:54:00,debit,Flipkart,Shopping,6923,Success,0,115811
3317,A143,2023-11-28 17:23:00,debit,Zomato,Food,15969,Success,0,-202535
3318,A187,2023-11-28 19:11:00,debit,Amazon,Shopping,1872,Success,0,12740
3319,A096,2023-11-28 16:05:00,debit,Flipkart,Shopping,7457,Success,0,336788
3320,A068,2023-11-28 08:51:00,debit,Swiggy,Food,2380,Success,0,301809
3321,A160,2023-11-28 16:33:00,debit,Uber,Transport,4785,Success,0,154947
3322,A152,2023-11-28 15:39:00,credit,Swiggy,Food,6480,Success,0,651652
3323,A088,2023-11-28 13:28:00,debit,Zomato,Food,5177,Success,0,502854
3324,A019,2023-11-28 19:13:00,debit,Flipkart,Shopping,3134,Success,0,215692
3325,A041,2023-11-28 15:49:00,credit,Suspicious Transfer,Fraud,67642,Success,1,216600
3326,A162,2023-11-28 05:46:00,debit,Uber,Transport,2942,Success,0,-324201
3327,A155,2023-11-28 12:54:00,debit,Suspicious Transfer,Fraud,99097,Success,1,-82594
3328,A103,2023-11-28 18:13:00,debit,Uber,Transport,11769,Success,0,410244
3329,A092,2023-11-29 15:18:00,debit,Zomato,Food,1364,Success,0,207942
3330,A148,2023-11-29 07:11:00,credit,Swiggy,Food,4283,Success,0,282122
3331,A119,2023-11-29 13:45:00,debit,Netflix,Entertainment,5073,Success,0,229782
3332,A074,2023-11-29 22:14:00,debit,Uber,Transport,760,Success,0,292741
3333,A128,2023-11-29 10:25:00,debit,BigBasket,Groceries,1442,Success,0,-62584
3334,A076,2023-11-30 00:23:00,debit,Croma,Electronics,7595,Success,0,29985
3335,A184,2023-11-30 20:11:00,debit,Uber,Transport,4958,Failed,0,180490
3336,A179,2023-11-30 08:16:00,debit,Suspicious Transfer,Fraud,70535,Failed,1,-47293
3337,A051,2023-11-30 14:10:00,debit,Swiggy,Food,4345,Success,0,199077
3338,A074,2023-11-30 05:04:00,credit,Croma,Electronics,2358,Success,0,295099
3339,A125,2023-12-01 13:35:00,credit,Salary Deposit,Income,47850,Success,0,96817
3340,A161,2023-12-01 22:37:00,credit,Salary Deposit,Income,33439,Success,0,413086
3341,A078,2023-12-01 02:49:00,credit,Salary Deposit,Income,69963,Pending,0,264020
3342,A060,2023-12-01 19:58:00,credit,Salary Deposit,Income,47888,Success,0,149548
3343,A183,2023-12-01 01:21:00,credit,Salary Deposit,Income,67369,Success,0,141701
3344,A192,2023-12-01 12:13:00,credit,Salary Deposit,Income,117024,Success,0,616626
3345,A028,2023-12-01 03:11:00,credit,Salary Deposit,Income,103882,Success,0,360146
3346,A129,2023-12-01 19:09:00,credit,Salary Deposit,Income,89344,Success,0,162074
3347,A021,2023-12-02 13:26:00,credit,Salary Deposit,Income,110900,Success,0,224436
3348,A113,2023-12-02 12:17:00,credit,Salary Deposit,Income,35559,Success,0,192779
3349,A166,2023-12-02 01:38:00,credit,Salary Deposit,Income,109798,Success,0,351349
3350,A161,2023-12-02 17:47:00,credit,Salary Deposit,Income,69124,Success,0,482210
3351,A162,2023-12-02 16:53:00,credit,Salary Deposit,Income,109369,Success,0,-214832
3352,A121,2023-12-02 12:25:00,credit,Salary Deposit,Income,78937,Success,0,60185
3353,A180,2023-12-03 12:17:00,credit,Salary Deposit,Income,84665,Success,0,430181
3354,A161,2023-12-03 05:39:00,credit,Salary Deposit,Income,64352,Success,0,546562
3355,A159,2023-12-03 04:23:00,credit,Salary Deposit,Income,101991,Success,0,237681
3356,A047,2023-12-03 22:41:00,credit,Salary Deposit,Income,51414,Success,0,323646
3357,A188,2023-12-03 07:18:00,credit,Salary Deposit,Income,119168,Success,0,258333
3358,A100,2023-12-03 11:30:00,credit,Salary Deposit,Income,65593,Success,0,49140
3359,A095,2023-12-04 12:09:00,credit,Salary Deposit,Income,100343,Success,0,153186
3360,A102,2023-12-04 23:49:00,credit,Salary Deposit,Income,71002,Success,0,260261
3361,A152,2023-12-04 12:36:00,credit,Salary Deposit,Income,357810,Success,0,1009462
3362,A055,2023-12-04 16:48:00,credit,Salary Deposit,Income,41147,Success,0,-102890
3363,A142,2023-12-04 06:09:00,credit,Salary Deposit,Income,67422,Success,0,-32029
3364,A066,2023-12-05 10:01:00,credit,Salary Deposit,Income,97081,Success,0,268924
3365,A079,2023-12-05 22:03:00,credit,Salary Deposit,Income,80423,Success,0,384873
3366,A185,2023-12-05 19:37:00,credit,Salary Deposit,Income,69353,Success,0,18633
3367,A014,2023-12-05 05:27:00,credit,Salary Deposit,Income,61009,Success,0,172290
3368,A186,2023-12-05 20:36:00,credit,Suspicious Transfer,Fraud,176729,Success,1,907253
3369,A022,2023-12-05 20:29:00,credit,Salary Deposit,Income,116904,Success,0,117701
3370,A119,2023-12-05 22:54:00,credit,Salary Deposit,Income,43714,Failed,0,273496
3371,A021,2023-12-05 08:47:00,credit,Salary Deposit,Income,34128,Success,0,258564
3372,A140,2023-12-06 12:38:00,debit,Croma,Electronics,4213,Success,0,53887
3373,A125,2023-12-06 07:42:00,debit,Zomato,Food,4618,Success,0,92199
3374,A091,2023-12-06 10:35:00,debit,Croma,Electronics,7461,Success,0,136424
3375,A027,2023-12-06 01:00:00,debit,Uber,Transport,3106,Success,0,-149688
3376,A084,2023-12-06 09:24:00,credit,Croma,Electronics,5592,Success,0,227102
3377,A003,2023-12-06 11:40:00,debit,Croma,Electronics,1212,Success,0,167231
3378,A096,2023-12-07 22:41:00,debit,BigBasket,Groceries,6541,Success,0,330247
3379,A004,2023-12-07 07:12:00,debit,Zomato,Food,1938,Success,0,166047
3380,A003,2023-12-07 09:07:00,debit,BigBasket,Groceries,3424,Success,0,163807
3381,A006,2023-12-07 07:19:00,debit,Uber,Transport,2240,Success,0,165528
3382,A057,2023-12-07 20:21:00,debit,BigBasket,Groceries,2532,Success,0,702745
3383,A155,2023-12-08 04:42:00,debit,Uber,Transport,1956,Success,0,-84550
3384,A062,2023-12-08 23:57:00,debit,Croma,Electronics,2513,Success,0,410977
3385,A103,2023-12-08 09:27:00,debit,Zomato,Food,8835,Success,0,401409
3386,A012,2023-12-08 06:14:00,debit,Amazon,Shopping,6999,Failed,0,-2306
3387,A183,2023-12-08 16:08:00,debit,Croma,Electronics,778,Success,0,140923
3388,A101,2023-12-08 01:11:00,credit,Uber,Transport,4591,Success,0,174987
3389,A172,2023-12-08 20:28:00,debit,Netflix,Entertainment,292,Success,0,88612
3390,A183,2023-12-09 09:01:00,debit,BigBasket,Groceries,9846,Pending,0,131077
3391,A122,2023-12-09 07:09:00,debit,Netflix,Entertainment,10540,Success,0,43684
3392,A175,2023-12-09 04:36:00,credit,Amazon,Shopping,2721,Success,0,94918
3393,A011,2023-12-09 21:42:00,debit,BigBasket,Groceries,1912,Success,0,299001
3394,A044,2023-12-09 16:09:00,credit,Uber,Transport,12497,Failed,0,67841
3395,A126,2023-12-09 14:20:00,debit,Flipkart,Shopping,7765,Success,0,-204488
3396,A195,2023-12-09 14:01:00,debit,Zomato,Food,4187,Success,0,178867
3397,A003,2023-12-10 04:43:00,debit,Netflix,Entertainment,3610,Success,0,160197
3398,A123,2023-12-10 14:12:00,debit,BigBasket,Groceries,9552,Success,0,56620
3399,A191,2023-12-10 16:38:00,credit,Croma,Electronics,5745,Success,0,140730
3400,A015,2023-12-10 02:29:00,debit,Uber,Transport,13590,Success,0,327052
3401,A115,2023-12-10 13:36:00,debit,Flipkart,Shopping,4735,Success,0,403378
3402,A115,2023-12-10 01:18:00,debit,Netflix,Entertainment,4645,Success,0,398733
3403,A007,2023-12-10 20:55:00,credit,Swiggy,Food,1316,Success,0,-150748
3404,A106,2023-12-10 09:16:00,debit,Flipkart,Shopping,14191,Success,0,299055
3405,A159,2023-12-10 03:56:00,debit,Zomato,Food,5811,Success,0,231870
3406,A023,2023-12-10 12:54:00,debit,BigBasket,Groceries,9606,Success,0,258147
3407,A113,2023-12-10 23:44:00,debit,BigBasket,Groceries,7496,Success,0,185283
3408,A105,2023-12-11 16:58:00,debit,Zomato,Food,1980,Success,0,95091
3409,A092,2023-12-11 18:48:00,credit,Netflix,Entertainment,3379,Success,0,211321
3410,A140,2023-12-11 04:58:00,debit,Croma,Electronics,1006,Success,0,52881
3411,A106,2023-12-11 00:18:00,debit,Zomato,Food,4687,Success,0,294368
3412,A175,2023-12-11 15:00:00,debit,Flipkart,Shopping,3135,Success,0,91783
3413,A143,2023-12-11 21:08:00,debit,Amazon,Shopping,17154,Success,0,-219689
3414,A142,2023-12-12 03:02:00,debit,Croma,Electronics,5633,Success,0,-37662
3415,A003,2023-12-12 04:30:00,debit,Uber,Transport,3450,Success,0,156747
3416,A041,2023-12-12 08:43:00,credit,Netflix,Entertainment,7984,Success,0,224584
3417,A046,2023-12-12 00:51:00,debit,Uber,Transport,7571,Success,0,-62571
3418,A007,2023-12-12 02:17:00,debit,Swiggy,Food,5618,Success,0,-156366
3419,A100,2023-12-12 04:40:00,credit,Uber,Transport,5552,Success,0,54692
3420,A182,2023-12-12 07:13:00,credit,Flipkart,Shopping,3140,Success,0,-59194
3421,A048,2023-12-12 17:53:00,debit,Uber,Transport,7386,Success,0,101654
3422,A077,2023-12-12 17:37:00,debit,Swiggy,Food,6484,Success,0,169758
3423,A080,2023-12-12 04:29:00,debit,Croma,Electronics,4444,Success,0,113557
3424,A098,2023-12-12 02:25:00,debit,Swiggy,Food,8538,Success,0,-155803
3425,A198,2023-12-12 20:57:00,debit,Flipkart,Shopping,3182,Success,0,124087
3426,A043,2023-12-12 00:19:00,debit,Croma,Electronics,385,Success,0,60456
3427,A026,2023-12-12 21:58:00,debit,Amazon,Shopping,1710,Success,0,103553
3428,A013,2023-12-13 23:47:00,debit,Uber,Transport,4380,Success,0,134284
3429,A081,2023-12-13 07:07:00,debit,Croma,Electronics,19293,Success,0,123743
3430,A063,2023-12-13 17:54:00,debit,Netflix,Entertainment,2703,Success,0,244115
3431,A186,2023-12-13 01:43:00,debit,Croma,Electronics,9285,Success,0,897968
3432,A051,2023-12-13 16:56:00,debit,Netflix,Entertainment,576,Success,0,198501
3433,A002,2023-12-13 18:43:00,credit,Netflix,Entertainment,6983,Success,0,42288
3434,A167,2023-12-13 23:55:00,debit,Amazon,Shopping,2358,Pending,0,107966
3435,A152,2023-12-13 15:31:00,debit,Netflix,Entertainment,9675,Success,0,999787
3436,A108,2023-12-13 01:20:00,debit,BigBasket,Groceries,2507,Success,0,180073
3437,A012,2023-12-14 03:34:00,credit,Swiggy,Food,7724,Success,0,5418
3438,A108,2023-12-14 07:04:00,credit,BigBasket,Groceries,4566,Success,0,184639
3439,A087,2023-12-14 23:09:00,debit,Uber,Transport,5234,Success,0,93465
3440,A129,2023-12-14 22:41:00,debit,Suspicious Transfer,Fraud,105178,Success,1,56896
3441,A012,2023-12-14 10:08:00,debit,Flipkart,Shopping,883,Success,0,4535
3442,A172,2023-12-14 22:00:00,credit,Flipkart,Shopping,3166,Success,0,91778
3443,A145,2023-12-14 05:49:00,debit,Zomato,Food,1787,Success,0,85060
3444,A181,2023-12-14 07:46:00,credit,Uber,Transport,1666,Success,0,82737
3445,A016,2023-12-14 13:09:00,debit,Uber,Transport,2403,Success,0,203079
3446,A075,2023-12-14 11:24:00,debit,Suspicious Transfer,Fraud,141996,Success,1,181160
3447,A090,2023-12-15 13:42:00,credit,Uber,Transport,2050,Success,0,446148
3448,A008,2023-12-15 12:24:00,debit,Flipkart,Shopping,2291,Success,0,165590
3449,A073,2023-12-15 08:37:00,debit,Amazon,Shopping,2950,Success,0,111823
3450,A018,2023-12-15 02:34:00,debit,Croma,Electronics,824,Success,0,354267
3451,A008,2023-12-15 04:40:00,credit,Netflix,Entertainment,2970,Success,0,168560
3452,A030,2023-12-16 14:53:00,debit,Uber,Transport,8357,Success,0,-201763
3453,A189,2023-12-16 10:17:00,debit,Amazon,Shopping,14204,Success,0,235329
3454,A150,2023-12-16 12:28:00,debit,Uber,Transport,5794,Success,0,155215
3455,A097,2023-12-16 03:32:00,credit,Amazon,Shopping,9638,Success,0,236208
3456,A086,2023-12-16 17:09:00,debit,Netflix,Entertainment,8513,Success,0,58763
3457,A169,2023-12-16 23:12:00,debit,Zomato,Food,11927,Success,0,84099
3458,A020,2023-12-16 12:51:00,debit,Croma,Electronics,13096,Success,0,65754
3459,A150,2023-12-16 12:29:00,debit,Amazon,Shopping,10055,Success,0,145160
3460,A092,2023-12-16 15:22:00,debit,BigBasket,Groceries,3539,Success,0,207782
3461,A145,2023-12-16 07:23:00,debit,Netflix,Entertainment,4162,Pending,0,80898
3462,A077,2023-12-16 23:17:00,debit,Amazon,Shopping,3706,Success,0,166052
3463,A171,2023-12-16 22:48:00,debit,Croma,Electronics,7898,Success,0,76715
3464,A092,2023-12-16 09:13:00,debit,Zomato,Food,2354,Success,0,205428
3465,A156,2023-12-16 15:48:00,debit,Netflix,Entertainment,1860,Success,0,132420
3466,A025,2023-12-17 06:21:00,debit,Zomato,Food,8295,Success,0,352863
3467,A039,2023-12-17 09:22:00,debit,Amazon,Shopping,14218,Success,0,113123
3468,A136,2023-12-17 22:26:00,debit,BigBasket,Groceries,12597,Success,0,302387
3469,A064,2023-12-17 15:16:00,debit,Uber,Transport,4489,Pending,0,106177
3470,A088,2023-12-17 20:23:00,debit,BigBasket,Groceries,8359,Success,0,494495
3471,A085,2023-12-17 11:35:00,credit,Flipkart,Shopping,14112,Success,0,15528
3472,A088,2023-12-17 21:03:00,debit,Swiggy,Food,8195,Success,0,486300
3473,A181,2023-12-17 19:50:00,debit,BigBasket,Groceries,6242,Success,0,76495
3474,A156,2023-12-17 21:02:00,debit,Suspicious Transfer,Fraud,70138,Success,1,62282
3475,A153,2023-12-17 22:29:00,debit,Uber,Transport,2118,Success,0,112943
3476,A044,2023-12-17 21:25:00,debit,Netflix,Entertainment,8925,Success,0,58916
3477,A067,2023-12-17 11:19:00,debit,Uber,Transport,3332,Success,0,200192
3478,A174,2023-12-17 09:25:00,debit,BigBasket,Groceries,11943,Success,0,214571
3479,A153,2023-12-17 22:07:00,credit,Netflix,Entertainment,2097,Failed,0,115040
3480,A126,2023-12-18 16:53:00,debit,Swiggy,Food,257,Success,0,-204745
3481,A035,2023-12-18 00:51:00,debit,Croma,Electronics,6968,Success,0,107084
3482,A035,2023-12-18 20:01:00,debit,Swiggy,Food,7004,Success,0,100080
3483,A073,2023-12-18 23:42:00,credit,Swiggy,Food,1658,Success,0,113481
3484,A087,2023-12-18 12:21:00,debit,BigBasket,Groceries,3694,Success,0,89771
3485,A069,2023-12-18 10:03:00,debit,BigBasket,Groceries,13026,Success,0,635461
3486,A127,2023-12-18 07:03:00,debit,BigBasket,Groceries,2028,Pending,0,344744
3487,A039,2023-12-19 06:41:00,credit,Croma,Electronics,4517,Success,0,117640
3488,A013,2023-12-19 06:23:00,debit,Netflix,Entertainment,3994,Success,0,130290
3489,A171,2023-12-19 11:02:00,debit,Zomato,Food,7720,Success,0,68995
3490,A155,2023-12-19 05:09:00,debit,Croma,Electronics,4549,Success,0,-89099
3491,A013,2023-12-19 04:17:00,credit,Zomato,Food,511,Success,0,130801
3492,A008,2023-12-19 11:14:00,debit,Netflix,Entertainment,3974,Success,0,164586
3493,A085,2023-12-19 23:21:00,debit,BigBasket,Groceries,1497,Success,0,14031
3494,A042,2023-12-19 04:04:00,debit,Uber,Transport,3516,Success,0,228628
3495,A166,2023-12-19 22:30:00,debit,Amazon,Shopping,443,Success,0,350906
3496,A051,2023-12-19 02:02:00,credit,Uber,Transport,3631,Success,0,202132
3497,A037,2023-12-19 20:34:00,debit,BigBasket,Groceries,4258,Success,0,149787
3498,A150,2023-12-19 17:42:00,credit,Croma,Electronics,6794,Success,0,151954
3499,A150,2023-12-20 03:35:00,debit,Flipkart,Shopping,1914,Success,0,150040
3500,A130,2023-12-20 13:49:00,debit,Croma,Electronics,1365,Success,0,114446
3501,A160,2023-12-20 05:06:00,credit,Flipkart,Shopping,7066,Success,0,162013
3502,A182,2023-12-20 06:09:00,debit,BigBasket,Groceries,7205,Success,0,-66399
3503,A065,2023-12-20 13:15:00,debit,BigBasket,Groceries,1619,Success,0,270648
3504,A175,2023-12-20 02:07:00,debit,Flipkart,Shopping,2737,Success,0,89046
3505,A048,2023-12-20 04:46:00,debit,Croma,Electronics,4675,Failed,0,96979
3506,A092,2023-12-20 20:37:00,debit,BigBasket,Groceries,5471,Success,0,199957
3507,A171,2023-12-20 03:13:00,debit,Swiggy,Food,2496,Success,0,66499
3508,A136,2023-12-20 14:29:00,debit,Flipkart,Shopping,2527,Success,0,299860
3509,A046,2023-12-20 17:57:00,debit,Swiggy,Food,1173,Success,0,-63744
3510,A105,2023-12-21 04:56:00,debit,Swiggy,Food,335,Success,0,94756
3511,A011,2023-12-21 15:33:00,debit,Flipkart,Shopping,3887,Success,0,295114
3512,A115,2023-12-21 23:17:00,credit,BigBasket,Groceries,1099,Pending,0,399832
3513,A119,2023-12-21 10:06:00,debit,Uber,Transport,5274,Success,0,268222
3514,A125,2023-12-21 12:47:00,debit,Suspicious Transfer,Fraud,53808,Success,1,38391
3515,A056,2023-12-21 15:34:00,debit,Croma,Electronics,15405,Success,0,-303205
3516,A111,2023-12-22 21:07:00,debit,Amazon,Shopping,6312,Success,0,164165
3517,A162,2023-12-22 08:17:00,debit,BigBasket,Groceries,1889,Success,0,-216721
3518,A171,2023-12-22 05:36:00,debit,Netflix,Entertainment,4700,Success,0,61799
3519,A071,2023-12-22 19:16:00,debit,Croma,Electronics,5164,Success,0,266429
3520,A052,2023-12-22 05:19:00,debit,BigBasket,Groceries,2204,Failed,0,98782
3521,A171,2023-12-22 00:02:00,debit,BigBasket,Groceries,1272,Success,0,60527
3522,A014,2023-12-22 03:36:00,debit,Suspicious Transfer,Fraud,158504,Success,1,13786
3523,A122,2023-12-22 18:14:00,debit,BigBasket,Groceries,3182,Success,0,40502
3524,A018,2023-12-22 10:15:00,credit,Amazon,Shopping,4258,Success,0,358525
3525,A032,2023-12-22 19:58:00,debit,Amazon,Shopping,317,Success,0,335032
3526,A191,2023-12-23 17:00:00,debit,Uber,Transport,4939,Success,0,135791
3527,A121,2023-12-23 09:20:00,credit,Flipkart,Shopping,6498,Failed,0,66683
3528,A031,2023-12-23 21:28:00,debit,Croma,Electronics,5877,Success,0,211657
3529,A152,2023-12-23 04:11:00,debit,Zomato,Food,15414,Success,0,984373
3530,A127,2023-12-23 20:34:00,credit,Amazon,Shopping,1813,Success,0,346557
3531,A178,2023-12-23 11:48:00,debit,Croma,Electronics,4119,Pending,0,314923
3532,A156,2023-12-23 03:02:00,debit,Amazon,Shopping,8341,Pending,0,53941
3533,A090,2023-12-23 19:08:00,debit,Zomato,Food,12961,Success,0,433187
3534,A091,2023-12-23 05:47:00,debit,BigBasket,Groceries,2888,Success,0,133536
3535,A031,2023-12-23 09:55:00,debit,Suspicious Transfer,Fraud,72114,Success,1,139543
3536,A125,2023-12-23 09:05:00,debit,Amazon,Shopping,9978,Success,0,28413
3537,A055,2023-12-23 01:31:00,debit,BigBasket,Groceries,9173,Success,0,-112063
3538,A194,2023-12-23 10:01:00,debit,BigBasket,Groceries,13761,Success,0,111937
3539,A092,2023-12-23 13:15:00,credit,Croma,Electronics,14390,Success,0,214347
3540,A045,2023-12-24 07:08:00,debit,Netflix,Entertainment,4989,Success,0,146537
3541,A014,2023-12-24 18:47:00,debit,BigBasket,Groceries,7092,Success,0,6694
3542,A177,2023-12-24 09:20:00,debit,Flipkart,Shopping,11615,Success,0,126750
3543,A065,2023-12-24 06:01:00,debit,Flipkart,Shopping,11239,Success,0,259409
3544,A102,2023-12-24 23:39:00,debit,Zomato,Food,14563,Success,0,245698
3545,A109,2023-12-25 20:00:00,debit,Uber,Transport,4804,Success,0,420224
3546,A057,2023-12-25 01:30:00,credit,Flipkart,Shopping,17934,Failed,0,720679
3547,A183,2023-12-25 04:00:00,credit,Zomato,Food,3022,Success,0,134099
3548,A161,2023-12-25 16:07:00,debit,Zomato,Food,3988,Success,0,542574
3549,A164,2023-12-25 07:08:00,debit,Netflix,Entertainment,4774,Success,0,238207
3550,A100,2023-12-26 02:52:00,credit,Croma,Electronics,1927,Success,0,56619
3551,A176,2023-12-26 06:02:00,credit,Netflix,Entertainment,16671,Success,0,71554
3552,A165,2023-12-26 03:59:00,debit,Swiggy,Food,4950,Success,0,259759
3553,A042,2023-12-26 20:58:00,debit,Flipkart,Shopping,3359,Success,0,225269
3554,A170,2023-12-26 16:28:00,debit,Zomato,Food,2560,Success,0,171849
3555,A143,2023-12-26 10:08:00,debit,Uber,Transport,1488,Success,0,-221177
3556,A095,2023-12-26 05:43:00,credit,Uber,Transport,5459,Success,0,158645
3557,A099,2023-12-26 08:59:00,debit,Zomato,Food,7764,Success,0,-14005
3558,A012,2023-12-26 21:41:00,debit,Swiggy,Food,5003,Failed,0,-468
3559,A060,2023-12-26 19:14:00,debit,Netflix,Entertainment,7339,Success,0,142209
3560,A037,2023-12-26 11:58:00,debit,BigBasket,Groceries,4745,Success,0,145042
3561,A038,2023-12-26 17:23:00,credit,Zomato,Food,3049,Success,0,-11177
3562,A129,2023-12-27 04:09:00,debit,BigBasket,Groceries,280,Pending,0,56616
3563,A058,2023-12-27 16:26:00,credit,Croma,Electronics,507,Success,0,-48067
3564,A048,2023-12-27 02:25:00,debit,Flipkart,Shopping,5445,Success,0,91534
3565,A159,2023-12-27 02:03:00,debit,Zomato,Food,1036,Success,0,230834
3566,A119,2023-12-27 10:23:00,debit,Uber,Transport,6790,Success,0,261432
3567,A095,2023-12-27 04:07:00,debit,Zomato,Food,1649,Success,0,156996
3568,A066,2023-12-27 19:20:00,debit,Swiggy,Food,7102,Success,0,261822
3569,A199,2023-12-27 10:09:00,credit,BigBasket,Groceries,4673,Success,0,169730
3570,A108,2023-12-27 07:24:00,credit,Netflix,Entertainment,7976,Success,0,192615
3571,A011,2023-12-27 22:53:00,debit,Netflix,Entertainment,1111,Pending,0,294003
3572,A008,2023-12-27 09:35:00,debit,Netflix,Entertainment,7904,Success,0,156682
3573,A015,2023-12-27 19:55:00,debit,Netflix,Entertainment,5826,Success,0,321226
3574,A053,2023-12-27 22:27:00,credit,Amazon,Shopping,3724,Success,0,-40724
3575,A124,2023-12-28 04:21:00,credit,Swiggy,Food,7256,Pending,0,82006
3576,A192,2023-12-28 19:16:00,credit,Flipkart,Shopping,8133,Success,0,624759
3577,A102,2023-12-28 00:23:00,credit,Zomato,Food,3147,Pending,0,248845
3578,A009,2023-12-28 10:06:00,debit,BigBasket,Groceries,3662,Success,0,50807
3579,A070,2023-12-28 02:55:00,debit,Flipkart,Shopping,1009,Success,0,290447
3580,A050,2023-12-28 17:46:00,debit,Uber,Transport,6020,Success,0,341999
3581,A009,2023-12-28 10:19:00,debit,Flipkart,Shopping,6146,Failed,0,44661
3582,A162,2023-12-28 16:22:00,debit,Amazon,Shopping,7753,Success,0,-224474
3583,A090,2023-12-28 16:00:00,debit,Swiggy,Food,3905,Success,0,429282
3584,A118,2023-12-28 01:56:00,debit,Flipkart,Shopping,2317,Pending,0,102181
3585,A017,2023-12-28 02:32:00,debit,BigBasket,Groceries,589,Success,0,310114
3586,A008,2023-12-29 11:55:00,debit,Croma,Electronics,3630,Success,0,153052
3587,A087,2023-12-29 08:21:00,debit,Flipkart,Shopping,2396,Success,0,87375
3588,A128,2023-12-29 21:24:00,debit,Croma,Electronics,2844,Success,0,-65428
3589,A023,2023-12-29 02:14:00,credit,BigBasket,Groceries,2401,Success,0,260548
3590,A177,2023-12-29 06:48:00,debit,BigBasket,Groceries,4241,Pending,0,122509
3591,A001,2023-12-29 06:21:00,debit,Flipkart,Shopping,1858,Success,0,49052
3592,A167,2023-12-29 04:52:00,debit,Swiggy,Food,6202,Success,0,101764
3593,A157,2023-12-29 15:09:00,debit,Croma,Electronics,5723,Success,0,-5748
3594,A180,2023-12-29 21:57:00,debit,Croma,Electronics,7703,Success,0,422478
3595,A060,2023-12-29 10:23:00,debit,Croma,Electronics,798,Success,0,141411
3596,A045,2023-12-29 07:24:00,debit,Zomato,Food,4643,Success,0,141894
3597,A027,2023-12-29 00:22:00,debit,Netflix,Entertainment,6339,Success,0,-156027
3598,A149,2023-12-29 06:56:00,debit,Swiggy,Food,6465,Success,0,298790
3599,A008,2023-12-29 18:36:00,debit,BigBasket,Groceries,2050,Success,0,151002
3600,A064,2023-12-30 03:18:00,debit,Netflix,Entertainment,5521,Success,0,100656
3601,A122,2023-12-30 05:55:00,debit,Suspicious Transfer,Fraud,120992,Success,1,-80490
3602,A185,2023-12-30 12:00:00,debit,Uber,Transport,8068,Success,0,10565
3603,A064,2023-12-30 16:00:00,debit,Amazon,Shopping,7111,Success,0,93545
3604,A011,2023-12-30 21:29:00,debit,Amazon,Shopping,2083,Success,0,291920
3605,A110,2023-12-31 03:04:00,debit,Netflix,Entertainment,11252,Success,0,154347
3606,A196,2023-12-31 04:21:00,debit,Amazon,Shopping,11001,Success,0,237745
3607,A051,2023-12-31 00:29:00,debit,Netflix,Entertainment,11030,Failed,0,191102
3608,A177,2023-12-31 16:29:00,debit,Flipkart,Shopping,7168,Success,0,115341
3609,A192,2023-12-31 11:27:00,debit,Swiggy,Food,25275,Success,0,599484
3610,A199,2024-01-01 16:07:00,credit,Salary Deposit,Income,55902,Success,0,225632
3611,A044,2024-01-01 16:43:00,credit,Salary Deposit,Income,49674,Success,0,108590
3612,A040,2024-01-01 12:32:00,credit,Salary Deposit,Income,220890,Success,0,266673
3613,A146,2024-01-01 17:07:00,credit,Salary Deposit,Income,76319,Success,0,243247
3614,A164,2024-01-01 14:08:00,credit,Salary Deposit,Income,63366,Success,0,301573
3615,A042,2024-01-01 13:17:00,credit,Salary Deposit,Income,34392,Success,0,259661
3616,A071,2024-01-01 18:31:00,credit,Salary Deposit,Income,51802,Success,0,318231
3617,A056,2024-01-01 03:51:00,credit,Salary Deposit,Income,288765,Success,0,-14440
3618,A093,2024-01-01 20:59:00,credit,Salary Deposit,Income,44054,Success,0,171072
3619,A152,2024-01-01 17:48:00,credit,Salary Deposit,Income,182796,Success,0,1167169
3620,A157,2024-01-01 10:03:00,credit,Salary Deposit,Income,52191,Failed,0,46443
3621,A101,2024-01-01 20:26:00,credit,Salary Deposit,Income,56285,Success,0,231272
3622,A064,2024-01-02 13:14:00,credit,Salary Deposit,Income,36060,Success,0,129605
3623,A064,2024-01-02 03:18:00,credit,Salary Deposit,Income,74008,Success,0,203613
3624,A109,2024-01-02 08:01:00,credit,Salary Deposit,Income,110870,Success,0,531094
3625,A186,2024-01-02 13:42:00,credit,Salary Deposit,Income,287940,Success,0,1185908
3626,A054,2024-01-02 01:06:00,credit,Salary Deposit,Income,61041,Failed,0,614126
3627,A186,2024-01-03 17:47:00,credit,Salary Deposit,Income,121362,Success,0,1307270
3628,A010,2024-01-03 17:48:00,credit,Salary Deposit,Income,357237,Success,0,504646
3629,A142,2024-01-03 15:27:00,credit,Salary Deposit,Income,72287,Success,0,34625
3630,A090,2024-01-03 01:30:00,credit,Salary Deposit,Income,80646,Success,0,509928
3631,A022,2024-01-03 20:14:00,credit,Salary Deposit,Income,43782,Success,0,161483
3632,A077,2024-01-03 20:40:00,credit,Salary Deposit,Income,76447,Success,0,242499
3633,A127,2024-01-03 19:58:00,credit,Salary Deposit,Income,69832,Success,0,416389
3634,A060,2024-01-03 18:07:00,credit,Salary Deposit,Income,115555,Success,0,256966
3635,A195,2024-01-04 02:02:00,credit,Salary Deposit,Income,90222,Success,0,269089
3636,A192,2024-01-04 22:26:00,credit,Salary Deposit,Income,251127,Success,0,850611
3637,A080,2024-01-04 18:12:00,credit,Salary Deposit,Income,61932,Success,0,175489
3638,A111,2024-01-04 22:04:00,credit,Salary Deposit,Income,60804,Success,0,224969
3639,A071,2024-01-04 13:01:00,credit,Salary Deposit,Income,78697,Success,0,396928
3640,A057,2024-01-04 14:47:00,credit,Salary Deposit,Income,303078,Failed,0,1023757
3641,A067,2024-01-04 08:42:00,credit,Salary Deposit,Income,111795,Success,0,311987
3642,A045,2024-01-04 00:25:00,credit,Salary Deposit,Income,99982,Success,0,241876
3643,A130,2024-01-04 16:18:00,credit,Salary Deposit,Income,82575,Success,0,197021
3644,A129,2024-01-04 18:13:00,credit,Salary Deposit,Income,81025,Failed,0,137641
3645,A141,2024-01-04 22:43:00,credit,Salary Deposit,Income,103963,Success,0,358940
3646,A082,2024-01-04 16:14:00,credit,Salary Deposit,Income,50972,Success,0,254998
3647,A157,2024-01-04 16:32:00,credit,Salary Deposit,Income,41294,Success,0,87737
3648,A052,2024-01-05 22:47:00,credit,Salary Deposit,Income,109989,Success,0,208771
3649,A155,2024-01-05 01:45:00,credit,Salary Deposit,Income,45112,Success,0,-43987
3650,A125,2024-01-05 04:16:00,credit,Salary Deposit,Income,66666,Success,0,95079
3651,A111,2024-01-05 18:29:00,credit,Salary Deposit,Income,100778,Success,0,325747
3652,A166,2024-01-05 14:27:00,credit,Salary Deposit,Income,62359,Success,0,413265
3653,A144,2024-01-05 11:05:00,credit,Salary Deposit,Income,119786,Success,0,286190
3654,A173,2024-01-06 01:18:00,debit,Flipkart,Shopping,11301,Success,0,508495
3655,A136,2024-01-06 08:20:00,debit,Netflix,Entertainment,6018,Success,0,293842
3656,A109,2024-01-06 15:35:00,debit,Zomato,Food,8381,Success,0,522713
3657,A095,2024-01-06 15:09:00,debit,Croma,Electronics,3379,Success,0,153617
3658,A122,2024-01-06 06:50:00,debit,Uber,Transport,5334,Success,0,-85824
3659,A116,2024-01-06 09:09:00,debit,Amazon,Shopping,14073,Success,0,319347
3660,A127,2024-01-07 18:59:00,debit,Flipkart,Shopping,8329,Success,0,408060
3661,A179,2024-01-07 09:18:00,debit,Netflix,Entertainment,24033,Success,0,-71326
3662,A021,2024-01-07 15:29:00,debit,BigBasket,Groceries,11924,Success,0,246640
3663,A001,2024-01-07 11:49:00,debit,BigBasket,Groceries,3463,Success,0,45589
3664,A037,2024-01-07 10:27:00,debit,Amazon,Shopping,2221,Success,0,142821
3665,A200,2024-01-07 21:39:00,debit,Croma,Electronics,11787,Success,0,372545
3666,A051,2024-01-07 05:17:00,debit,Flipkart,Shopping,12126,Success,0,178976
3667,A047,2024-01-07 06:59:00,credit,Suspicious Transfer,Fraud,102298,Success,1,425944
3668,A086,2024-01-07 05:16:00,debit,Zomato,Food,7463,Success,0,51300
3669,A004,2024-01-08 06:10:00,debit,Flipkart,Shopping,3248,Success,0,162799
3670,A076,2024-01-08 03:45:00,debit,Amazon,Shopping,7390,Success,0,22595
3671,A063,2024-01-08 17:35:00,debit,Croma,Electronics,6416,Success,0,237699
3672,A155,2024-01-08 00:19:00,credit,Croma,Electronics,3508,Success,0,-40479
3673,A011,2024-01-08 10:15:00,debit,Croma,Electronics,1334,Success,0,290586
3674,A024,2024-01-08 22:27:00,credit,Croma,Electronics,21306,Success,0,341026
3675,A035,2024-01-08 03:56:00,debit,Zomato,Food,6051,Success,0,94029
3676,A051,2024-01-08 08:01:00,debit,Amazon,Shopping,5117,Success,0,173859
3677,A136,2024-01-08 08:52:00,credit,Flipkart,Shopping,3444,Success,0,297286
3678,A172,2024-01-08 21:52:00,debit,Zomato,Food,5156,Success,0,86622
3679,A094,2024-01-08 23:02:00,debit,BigBasket,Groceries,1558,Success,0,-19119
3680,A055,2024-01-08 14:17:00,debit,Amazon,Shopping,2769,Success,0,-114832
3681,A188,2024-01-08 17:32:00,credit,BigBasket,Groceries,2334,Success,0,260667
3682,A155,2024-01-08 16:42:00,credit,Flipkart,Shopping,5082,Success,0,-35397
3683,A182,2024-01-08 09:59:00,debit,BigBasket,Groceries,4828,Success,0,-71227
3684,A095,2024-01-09 21:10:00,debit,Flipkart,Shopping,4968,Success,0,148649
3685,A134,2024-01-09 06:18:00,debit,Flipkart,Shopping,17049,Success,0,895882
3686,A072,2024-01-09 21:03:00,debit,Zomato,Food,3537,Success,0,199492
3687,A028,2024-01-09 11:26:00,debit,Uber,Transport,716,Success,0,359430
3688,A165,2024-01-09 17:13:00,debit,Flipkart,Shopping,993,Success,0,258766
3689,A053,2024-01-09 21:49:00,debit,Netflix,Entertainment,2529,Success,0,-43253
3690,A107,2024-01-09 08:39:00,debit,Netflix,Entertainment,5385,Success,0,220525
3691,A037,2024-01-09 18:11:00,debit,Netflix,Entertainment,5702,Success,0,137119
3692,A087,2024-01-09 19:38:00,debit,Uber,Transport,6183,Success,0,81192
3693,A192,2024-01-09 19:26:00,debit,Uber,Transport,14568,Success,0,836043
3694,A191,2024-01-09 20:46:00,debit,Swiggy,Food,4351,Success,0,131440
3695,A059,2024-01-09 20:49:00,debit,Amazon,Shopping,4499,Success,0,262008
3696,A119,2024-01-09 21:08:00,debit,Netflix,Entertainment,7437,Success,0,253995
3697,A098,2024-01-09 06:22:00,debit,BigBasket,Groceries,15969,Success,0,-171772
3698,A127,2024-01-09 11:59:00,debit,Uber,Transport,3882,Success,0,404178
3699,A151,2024-01-10 15:31:00,debit,Zomato,Food,799,Success,0,133759
3700,A090,2024-01-10 17:00:00,credit,Netflix,Entertainment,7752,Success,0,517680
3701,A049,2024-01-10 23:43:00,debit,Flipkart,Shopping,6972,Success,0,330861
3702,A192,2024-01-10 02:04:00,debit,Swiggy,Food,15174,Success,0,820869
3703,A016,2024-01-10 00:50:00,credit,Uber,Transport,2996,Success,0,206075
3704,A031,2024-01-10 10:47:00,debit,Uber,Transport,6231,Failed,0,133312
3705,A132,2024-01-11 22:24:00,debit,Netflix,Entertainment,5212,Success,0,217834
3706,A018,2024-01-11 04:22:00,debit,Netflix,Entertainment,1706,Success,0,356819
3707,A162,2024-01-11 17:18:00,debit,Flipkart,Shopping,2046,Success,0,-226520
3708,A008,2024-01-11 14:25:00,credit,Swiggy,Food,7645,Success,0,158647
3709,A187,2024-01-11 09:44:00,debit,Croma,Electronics,3535,Success,0,9205
3710,A136,2024-01-11 20:57:00,debit,Flipkart,Shopping,7157,Success,0,290129
3711,A017,2024-01-11 05:20:00,debit,Flipkart,Shopping,5933,Success,0,304181
3712,A143,2024-01-11 19:50:00,debit,Zomato,Food,6528,Success,0,-227705
3713,A038,2024-01-11 20:27:00,credit,Flipkart,Shopping,4550,Success,0,-6627
3714,A014,2024-01-11 05:48:00,debit,Zomato,Food,5040,Success,0,1654
3715,A068,2024-01-11 19:59:00,debit,Croma,Electronics,3001,Success,0,298808
3716,A092,2024-01-11 04:19:00,debit,Amazon,Shopping,6866,Success,0,207481
3717,A115,2024-01-11 07:32:00,debit,Amazon,Shopping,5649,Failed,0,394183
3718,A025,2024-01-12 00:55:00,debit,Amazon,Shopping,7184,Success,0,345679
3719,A161,2024-01-12 07:53:00,debit,Swiggy,Food,5524,Success,0,537050
3720,A156,2024-01-12 16:06:00,debit,BigBasket,Groceries,1280,Success,0,52661
3721,A049,2024-01-12 09:53:00,debit,Croma,Electronics,481,Success,0,330380
3722,A072,2024-01-12 15:51:00,debit,Croma,Electronics,3582,Success,0,195910
3723,A100,2024-01-12 05:15:00,debit,Zomato,Food,1284,Success,0,55335
3724,A148,2024-01-12 22:40:00,debit,Swiggy,Food,4508,Success,0,277614
3725,A099,2024-01-12 08:23:00,debit,BigBasket,Groceries,2433,Success,0,-16438
3726,A047,2024-01-13 18:59:00,debit,BigBasket,Groceries,7011,Success,0,418933
3727,A111,2024-01-13 10:18:00,credit,Flipkart,Shopping,1251,Success,0,326998
3728,A134,2024-01-13 16:55:00,debit,BigBasket,Groceries,8604,Success,0,887278
3729,A059,2024-01-13 22:08:00,debit,Swiggy,Food,7892,Success,0,254116
3730,A035,2024-01-13 15:20:00,debit,Uber,Transport,14999,Success,0,79030
3731,A037,2024-01-13 19:15:00,debit,Croma,Electronics,7988,Success,0,129131
3732,A157,2024-01-13 23:05:00,debit,BigBasket,Groceries,12444,Success,0,75293
3733,A092,2024-01-13 16:42:00,debit,Amazon,Shopping,2362,Success,0,205119
3734,A181,2024-01-13 00:58:00,credit,Amazon,Shopping,14198,Success,0,90693
3735,A128,2024-01-13 23:55:00,debit,Netflix,Entertainment,4605,Success,0,-70033
3736,A025,2024-01-13 23:42:00,debit,Amazon,Shopping,5767,Success,0,339912
3737,A147,2024-01-13 06:48:00,debit,Uber,Transport,8367,Success,0,20202
3738,A142,2024-01-13 08:39:00,debit,Croma,Electronics,6770,Success,0,27855
3739,A001,2024-01-13 18:26:00,debit,BigBasket,Groceries,6493,Success,0,39096
3740,A167,2024-01-13 21:45:00,debit,BigBasket,Groceries,3074,Success,0,98690
3741,A030,2024-01-14 13:40:00,credit,Croma,Electronics,3242,Success,0,-198521
3742,A092,2024-01-14 00:36:00,debit,Croma,Electronics,10899,Pending,0,194220
3743,A179,2024-01-14 10:57:00,credit,Amazon,Shopping,4500,Success,0,-66826
3744,A187,2024-01-14 14:48:00,debit,Zomato,Food,1284,Pending,0,7921
3745,A187,2024-01-14 14:05:00,debit,BigBasket,Groceries,4905,Success,0,3016
3746,A117,2024-01-14 02:55:00,debit,Flipkart,Shopping,4367,Pending,0,415214
3747,A007,2024-01-15 19:28:00,credit,Amazon,Shopping,2128,Success,0,-154238
3748,A112,2024-01-15 06:26:00,credit,Uber,Transport,2028,Success,0,226800
3749,A124,2024-01-15 05:25:00,credit,Amazon,Shopping,1294,Success,0,83300
3750,A131,2024-01-15 22:16:00,debit,Amazon,Shopping,6909,Success,0,431775
3751,A129,2024-01-15 12:05:00,debit,Netflix,Entertainment,6479,Success,0,131162
3752,A184,2024-01-15 20:21:00,credit,Zomato,Food,616,Success,0,181106
3753,A114,2024-01-15 13:20:00,debit,Amazon,Shopping,1394,Success,0,312668
3754,A086,2024-01-15 10:04:00,debit,Zomato,Food,833,Success,0,50467
3755,A165,2024-01-15 16:03:00,debit,Uber,Transport,4347,Success,0,254419
3756,A107,2024-01-16 11:51:00,credit,Croma,Electronics,1751,Success,0,222276
3757,A016,2024-01-16 13:30:00,debit,BigBasket,Groceries,3420,Success,0,202655
3758,A181,2024-01-16 06:52:00,credit,Uber,Transport,3355,Success,0,94048
3759,A089,2024-01-16 00:44:00,debit,Netflix,Entertainment,3467,Success,0,290926
3760,A131,2024-01-16 03:47:00,debit,Zomato,Food,1119,Success,0,430656
3761,A127,2024-01-16 14:09:00,debit,Zomato,Food,6922,Success,0,397256
3762,A014,2024-01-16 07:39:00,credit,Netflix,Entertainment,6456,Success,0,8110
3763,A053,2024-01-16 16:58:00,debit,Swiggy,Food,3329,Failed,0,-46582
3764,A063,2024-01-16 08:31:00,debit,Zomato,Food,4645,Success,0,233054
3765,A053,2024-01-16 21:01:00,debit,Croma,Electronics,3626,Pending,0,-50208
3766,A145,2024-01-16 14:55:00,credit,BigBasket,Groceries,4762,Failed,0,85660
3767,A036,2024-01-17 01:36:00,credit,Zomato,Food,2041,Success,0,-49798
3768,A002,2024-01-17 00:47:00,credit,Swiggy,Food,3592,Success,0,45880
3769,A047,2024-01-17 06:08:00,debit,Zomato,Food,4644,Success,0,414289
3770,A194,2024-01-17 12:56:00,debit,Suspicious Transfer,Fraud,168434,Success,1,-56497
3771,A199,2024-01-17 14:50:00,debit,BigBasket,Groceries,7776,Success,0,217856
3772,A159,2024-01-17 20:00:00,credit,Croma,Electronics,5144,Pending,0,235978
3773,A045,2024-01-17 06:24:00,credit,Flipkart,Shopping,2271,Success,0,244147
3774,A001,2024-01-17 20:21:00,debit,Suspicious Transfer,Fraud,98424,Success,1,-59328
3775,A014,2024-01-17 00:58:00,debit,Zomato,Food,5308,Success,0,2802
3776,A069,2024-01-17 15:57:00,credit,Zomato,Food,10395,Success,0,645856
3777,A042,2024-01-17 09:09:00,debit,Netflix,Entertainment,3941,Success,0,255720
3778,A199,2024-01-17 07:55:00,debit,Netflix,Entertainment,5613,Success,0,212243
3779,A083,2024-01-17 05:19:00,debit,Uber,Transport,4920,Success,0,124431
3780,A083,2024-01-17 17:12:00,debit,Flipkart,Shopping,7809,Success,0,116622
3781,A020,2024-01-18 16:47:00,debit,Uber,Transport,3889,Success,0,61865
3782,A072,2024-01-18 06:46:00,debit,Netflix,Entertainment,6146,Success,0,189764
3783,A141,2024-01-18 03:15:00,debit,Uber,Transport,7731,Success,0,351209
3784,A067,2024-01-18 06:43:00,credit,BigBasket,Groceries,2689,Success,0,314676
3785,A028,2024-01-18 10:22:00,debit,Croma,Electronics,4550,Success,0,354880
3786,A199,2024-01-18 03:20:00,debit,Swiggy,Food,2343,Success,0,209900
3787,A119,2024-01-18 07:09:00,credit,Croma,Electronics,3247,Failed,0,257242
3788,A176,2024-01-18 21:59:00,debit,Amazon,Shopping,13371,Success,0,58183
3789,A078,2024-01-18 21:34:00,credit,Amazon,Shopping,537,Success,0,264557
3790,A048,2024-01-18 22:10:00,credit,Croma,Electronics,1435,Success,0,92969
3791,A159,2024-01-18 19:12:00,credit,Amazon,Shopping,2105,Success,0,238083
3792,A164,2024-01-18 19:02:00,credit,Netflix,Entertainment,2656,Success,0,304229
3793,A076,2024-01-18 23:19:00,debit,Uber,Transport,1323,Success,0,21272
3794,A193,2024-01-18 10:22:00,credit,Swiggy,Food,1101,Success,0,498275
3795,A105,2024-01-18 17:51:00,debit,Netflix,Entertainment,6311,Success,0,88445
3796,A172,2024-01-19 15:06:00,debit,Netflix,Entertainment,2633,Success,0,83989
3797,A036,2024-01-19 16:07:00,credit,Flipkart,Shopping,7802,Success,0,-41996
3798,A061,2024-01-19 04:39:00,debit,Amazon,Shopping,2009,Success,0,202254
3799,A180,2024-01-19 01:17:00,debit,Uber,Transport,461,Success,0,422017
3800,A012,2024-01-19 01:47:00,credit,Uber,Transport,6952,Success,0,6484
3801,A060,2024-01-20 10:44:00,debit,Flipkart,Shopping,13990,Success,0,242976
3802,A018,2024-01-20 23:42:00,debit,Zomato,Food,5827,Success,0,350992
3803,A181,2024-01-20 09:36:00,debit,Zomato,Food,1871,Success,0,92177
3804,A120,2024-01-20 11:50:00,debit,Netflix,Entertainment,13809,Success,0,217912
3805,A101,2024-01-20 07:25:00,credit,Netflix,Entertainment,14007,Success,0,245279
3806,A037,2024-01-20 06:31:00,debit,Croma,Electronics,8737,Success,0,120394
3807,A081,2024-01-20 22:09:00,debit,Zomato,Food,8625,Failed,0,115118
3808,A112,2024-01-20 21:20:00,debit,Zomato,Food,3007,Success,0,223793
3809,A113,2024-01-21 05:47:00,debit,Flipkart,Shopping,13409,Pending,0,171874
3810,A156,2024-01-21 10:57:00,debit,Croma,Electronics,2541,Success,0,50120
3811,A053,2024-01-21 02:12:00,debit,Zomato,Food,10053,Success,0,-60261
3812,A161,2024-01-21 16:02:00,debit,Amazon,Shopping,13528,Success,0,523522
3813,A010,2024-01-21 08:28:00,debit,Amazon,Shopping,34608,Success,0,470038
3814,A037,2024-01-21 10:58:00,debit,Amazon,Shopping,13846,Success,0,106548
3815,A030,2024-01-21 09:12:00,debit,Uber,Transport,3766,Success,0,-202287
3816,A088,2024-01-21 10:25:00,debit,Croma,Electronics,13658,Success,0,472642
3817,A119,2024-01-21 04:56:00,debit,Croma,Electronics,6711,Success,0,250531
3818,A098,2024-01-21 05:21:00,debit,BigBasket,Groceries,4245,Success,0,-176017
3819,A193,2024-01-21 17:34:00,debit,Swiggy,Food,8703,Success,0,489572
3820,A174,2024-01-22 14:28:00,debit,Uber,Transport,1730,Failed,0,212841
3821,A027,2024-01-22 21:55:00,debit,Amazon,Shopping,5832,Pending,0,-161859
3822,A011,2024-01-22 02:42:00,credit,BigBasket,Groceries,6468,Success,0,297054
3823,A174,2024-01-22 09:13:00,debit,Zomato,Food,2238,Success,0,210603
3824,A029,2024-01-22 08:30:00,debit,Flipkart,Shopping,5746,Success,0,62074
3825,A200,2024-01-22 02:33:00,debit,Zomato,Food,3684,Success,0,368861
3826,A001,2024-01-22 00:50:00,debit,Croma,Electronics,4491,Success,0,-63819
3827,A121,2024-01-22 03:56:00,debit,Flipkart,Shopping,1737,Success,0,64946
3828,A178,2024-01-22 22:38:00,credit,Croma,Electronics,1798,Success,0,316721
3829,A001,2024-01-22 22:59:00,debit,Zomato,Food,2888,Pending,0,-66707
3830,A058,2024-01-23 11:10:00,debit,Amazon,Shopping,4107,Success,0,-52174
3831,A038,2024-01-23 08:51:00,credit,Swiggy,Food,615,Success,0,-6012
3832,A043,2024-01-23 00:23:00,credit,Uber,Transport,7830,Success,0,68286
3833,A056,2024-01-23 22:56:00,debit,BigBasket,Groceries,852,Success,0,-15292
3834,A101,2024-01-23 07:25:00,debit,Croma,Electronics,5523,Success,0,239756
3835,A038,2024-01-24 09:24:00,debit,Swiggy,Food,2350,Success,0,-8362
3836,A002,2024-01-24 17:03:00,debit,Amazon,Shopping,4674,Success,0,41206
3837,A065,2024-01-24 20:36:00,debit,Uber,Transport,4126,Success,0,255283
3838,A059,2024-01-24 11:32:00,credit,Zomato,Food,5992,Success,0,260108
3839,A090,2024-01-24 21:14:00,debit,Suspicious Transfer,Fraud,122552,Success,1,395128
3840,A100,2024-01-24 14:43:00,debit,Flipkart,Shopping,4196,Success,0,51139
3841,A141,2024-01-24 07:49:00,debit,Flipkart,Shopping,5745,Success,0,345464
3842,A110,2024-01-24 13:48:00,debit,Netflix,Entertainment,2284,Success,0,152063
3843,A059,2024-01-24 20:23:00,debit,Uber,Transport,5678,Success,0,254430
3844,A049,2024-01-24 18:04:00,debit,Swiggy,Food,4881,Success,0,325499
3845,A188,2024-01-24 04:02:00,debit,Amazon,Shopping,374,Success,0,260293
3846,A135,2024-01-25 13:18:00,debit,Netflix,Entertainment,5505,Success,0,246811
3847,A090,2024-01-25 22:28:00,debit,Uber,Transport,904,Success,0,394224
3848,A175,2024-01-25 14:32:00,debit,Uber,Transport,7845,Success,0,81201
3849,A106,2024-01-25 10:22:00,debit,Suspicious Transfer,Fraud,77541,Success,1,216827
3850,A082,2024-01-25 19:51:00,debit,Croma,Electronics,5856,Success,0,249142
3851,A061,2024-01-25 05:43:00,debit,Swiggy,Food,4679,Success,0,197575
3852,A049,2024-01-25 13:01:00,debit,Netflix,Entertainment,5445,Success,0,320054
3853,A008,2024-01-25 16:56:00,debit,Netflix,Entertainment,592,Success,0,158055
3854,A023,2024-01-25 19:37:00,credit,Netflix,Entertainment,1753,Success,0,262301
3855,A123,2024-01-25 08:53:00,debit,Flipkart,Shopping,693,Success,0,55927
3856,A120,2024-01-26 10:45:00,credit,Swiggy,Food,7644,Success,0,225556
3857,A064,2024-01-26 15:42:00,debit,Uber,Transport,5018,Success,0,198595
3858,A186,2024-01-26 13:48:00,credit,Netflix,Entertainment,20529,Success,0,1327799
3859,A019,2024-01-26 08:59:00,credit,Uber,Transport,3436,Failed,0,219128
3860,A110,2024-01-26 17:33:00,debit,Croma,Electronics,2591,Success,0,149472
3861,A099,2024-01-26 09:10:00,debit,Croma,Electronics,5257,Success,0,-21695
3862,A045,2024-01-26 12:27:00,debit,Flipkart,Shopping,7172,Pending,0,236975
3863,A175,2024-01-26 00:42:00,credit,BigBasket,Groceries,3006,Success,0,84207
3864,A148,2024-01-26 11:17:00,credit,Uber,Transport,1518,Success,0,279132
3865,A062,2024-01-27 12:46:00,debit,Amazon,Shopping,13686,Success,0,397291
3866,A170,2024-01-27 02:01:00,debit,Zomato,Food,8179,Success,0,163670
3867,A069,2024-01-27 02:08:00,credit,Zomato,Food,18114,Success,0,663970
3868,A066,2024-01-27 10:16:00,debit,Uber,Transport,1732,Success,0,260090
3869,A058,2024-01-27 07:34:00,debit,BigBasket,Groceries,7730,Success,0,-59904
3870,A156,2024-01-27 23:51:00,credit,Swiggy,Food,2242,Success,0,52362
3871,A048,2024-01-27 00:34:00,debit,BigBasket,Groceries,3103,Success,0,89866
3872,A011,2024-01-27 04:38:00,credit,Croma,Electronics,14917,Success,0,311971
3873,A014,2024-01-27 11:18:00,debit,BigBasket,Groceries,12913,Success,0,-10111
3874,A016,2024-01-27 15:54:00,credit,Croma,Electronics,9777,Failed,0,212432
3875,A075,2024-01-27 21:49:00,debit,BigBasket,Groceries,41793,Success,0,139367
3876,A193,2024-01-27 03:53:00,debit,Swiggy,Food,12021,Success,0,477551
3877,A063,2024-01-28 02:27:00,debit,Flipkart,Shopping,3026,Failed,0,230028
3878,A015,2024-01-28 02:02:00,debit,Netflix,Entertainment,7070,Success,0,314156
3879,A009,2024-01-28 09:26:00,debit,Amazon,Shopping,13516,Success,0,31145
3880,A124,2024-01-28 06:04:00,debit,BigBasket,Groceries,9948,Success,0,73352
3881,A135,2024-01-28 21:51:00,debit,Netflix,Entertainment,3380,Success,0,243431
3882,A079,2024-01-28 08:16:00,credit,Flipkart,Shopping,7954,Success,0,392827
3883,A011,2024-01-28 13:59:00,debit,Netflix,Entertainment,11719,Success,0,300252
3884,A134,2024-01-28 16:21:00,debit,Amazon,Shopping,43518,Success,0,843760
3885,A138,2024-01-28 11:45:00,debit,Netflix,Entertainment,10400,Success,0,-33514
3886,A149,2024-01-28 01:55:00,credit,Swiggy,Food,7871,Success,0,306661
3887,A065,2024-01-28 00:22:00,debit,Croma,Electronics,4282,Pending,0,251001
3888,A025,2024-01-28 08:08:00,credit,Swiggy,Food,11523,Success,0,351435
3889,A112,2024-01-28 23:58:00,debit,Uber,Transport,4565,Success,0,219228
3890,A190,2024-01-29 00:25:00,debit,Netflix,Entertainment,6875,Success,0,243798
3891,A019,2024-01-29 10:52:00,debit,Uber,Transport,5286,Success,0,213842
3892,A135,2024-01-29 00:07:00,credit,Suspicious Transfer,Fraud,79810,Success,1,323241
3893,A178,2024-01-29 03:27:00,debit,Zomato,Food,1288,Pending,0,315433
3894,A158,2024-01-29 22:26:00,debit,Zomato,Food,2547,Success,0,264403
3895,A144,2024-01-29 23:32:00,debit,Flipkart,Shopping,1804,Success,0,284386
3896,A075,2024-01-30 21:25:00,debit,Amazon,Shopping,5028,Success,0,134339
3897,A198,2024-01-30 04:01:00,debit,Zomato,Food,6155,Success,0,117932
3898,A028,2024-01-30 15:27:00,debit,Swiggy,Food,3664,Success,0,351216
3899,A117,2024-01-30 21:12:00,debit,Netflix,Entertainment,6138,Pending,0,409076
3900,A023,2024-01-30 16:04:00,debit,Croma,Electronics,4598,Success,0,257703
3901,A131,2024-01-30 01:26:00,debit,BigBasket,Groceries,17952,Success,0,412704
3902,A055,2024-01-30 17:05:00,debit,Zomato,Food,5137,Success,0,-119969
3903,A051,2024-01-30 02:00:00,debit,Swiggy,Food,3266,Success,0,170593
3904,A018,2024-01-30 12:22:00,debit,Amazon,Shopping,1703,Success,0,349289
3905,A061,2024-01-30 16:01:00,debit,Amazon,Shopping,7631,Success,0,189944
3906,A121,2024-01-30 15:00:00,debit,Flipkart,Shopping,3619,Success,0,61327
3907,A182,2024-01-31 02:56:00,debit,Uber,Transport,2199,Success,0,-73426
3908,A197,2024-01-31 04:00:00,credit,Amazon,Shopping,4433,Success,0,66190
3909,A114,2024-01-31 22:49:00,debit,Swiggy,Food,4995,Success,0,307673
3910,A094,2024-01-31 03:01:00,credit,Amazon,Shopping,2964,Failed,0,-16155
3911,A052,2024-01-31 10:39:00,debit,Amazon,Shopping,4619,Success,0,204152
3912,A090,2024-01-31 01:51:00,debit,Zomato,Food,1143,Pending,0,393081
3913,A068,2024-01-31 13:08:00,debit,Zomato,Food,5595,Success,0,293213
3914,A050,2024-01-31 17:44:00,debit,Netflix,Entertainment,1273,Success,0,340726
3915,A162,2024-02-01 12:18:00,credit,Salary Deposit,Income,116748,Success,0,-109772
3916,A114,2024-02-01 07:52:00,credit,Salary Deposit,Income,74947,Success,0,382620
3917,A177,2024-02-01 02:49:00,credit,Salary Deposit,Income,106524,Success,0,221865
3918,A002,2024-02-01 08:41:00,credit,Salary Deposit,Income,48415,Success,0,89621
3919,A044,2024-02-01 20:14:00,credit,Salary Deposit,Income,74857,Success,0,183447
3920,A157,2024-02-01 22:32:00,credit,Salary Deposit,Income,119192,Success,0,194485
3921,A179,2024-02-01 18:06:00,credit,Salary Deposit,Income,215784,Success,0,148958
3922,A004,2024-02-01 23:35:00,credit,Salary Deposit,Income,108228,Success,0,271027
3923,A161,2024-02-01 01:45:00,credit,Salary Deposit,Income,65594,Success,0,589116
3924,A154,2024-02-01 09:56:00,credit,Salary Deposit,Income,108826,Success,0,123345
3925,A039,2024-02-01 08:54:00,credit,Salary Deposit,Income,112074,Success,0,229714
3926,A136,2024-02-01 10:07:00,credit,Salary Deposit,Income,57681,Success,0,347810
3927,A076,2024-02-01 14:46:00,credit,Salary Deposit,Income,52329,Success,0,73601
3928,A188,2024-02-01 03:46:00,credit,Salary Deposit,Income,65793,Failed,0,326086
3929,A116,2024-02-02 07:39:00,credit,Salary Deposit,Income,77728,Success,0,397075
3930,A105,2024-02-02 13:44:00,credit,Salary Deposit,Income,97357,Success,0,185802
3931,A019,2024-02-02 16:25:00,credit,Salary Deposit,Income,99879,Success,0,313721
3932,A091,2024-02-02 17:58:00,credit,Salary Deposit,Income,34556,Success,0,168092
3933,A029,2024-02-02 02:45:00,credit,Salary Deposit,Income,84671,Success,0,146745
3934,A189,2024-02-02 11:52:00,credit,Salary Deposit,Income,97111,Success,0,332440
3935,A145,2024-02-02 14:07:00,credit,Salary Deposit,Income,76733,Pending,0,162393
3936,A131,2024-02-02 09:40:00,credit,Salary Deposit,Income,224493,Success,0,637197
3937,A012,2024-02-02 02:42:00,credit,Salary Deposit,Income,70002,Success,0,76486
3938,A146,2024-02-03 00:59:00,credit,Salary Deposit,Income,89439,Success,0,332686
3939,A005,2024-02-03 12:27:00,credit,Salary Deposit,Income,162045,Success,0,783310
3940,A143,2024-02-03 20:36:00,credit,Salary Deposit,Income,191967,Success,0,-35738
3941,A118,2024-02-03 20:28:00,credit,Salary Deposit,Income,99324,Success,0,201505
3942,A151,2024-02-03 02:46:00,credit,Salary Deposit,Income,106420,Failed,0,240179
3943,A003,2024-02-04 18:12:00,credit,Salary Deposit,Income,67061,Success,0,223808
3944,A018,2024-02-04 18:14:00,credit,Salary Deposit,Income,89770,Success,0,439059
3945,A196,2024-02-04 19:22:00,credit,Salary Deposit,Income,75347,Success,0,313092
3946,A090,2024-02-04 15:45:00,credit,Suspicious Transfer,Fraud,132150,Success,1,525231
3947,A079,2024-02-04 18:19:00,credit,Salary Deposit,Income,79065,Success,0,471892
3948,A197,2024-02-04 12:36:00,credit,Salary Deposit,Income,55472,Success,0,121662
3949,A068,2024-02-04 19:46:00,credit,Salary Deposit,Income,97954,Success,0,391167
3950,A166,2024-02-04 22:15:00,credit,Salary Deposit,Income,75650,Success,0,488915
3951,A156,2024-02-04 18:51:00,credit,Salary Deposit,Income,58266,Success,0,110628
3952,A018,2024-02-05 20:36:00,credit,Salary Deposit,Income,46379,Success,0,485438
3953,A186,2024-02-05 11:14:00,credit,Salary Deposit,Income,247689,Success,0,1575488
3954,A016,2024-02-05 05:33:00,credit,Salary Deposit,Income,68612,Success,0,281044
3955,A165,2024-02-05 05:05:00,credit,Salary Deposit,Income,76269,Success,0,330688
3956,A081,2024-02-05 18:14:00,credit,Salary Deposit,Income,263031,Success,0,378149
3957,A169,2024-02-05 02:08:00,credit,Salary Deposit,Income,97699,Success,0,181798
3958,A123,2024-02-06 16:09:00,debit,Uber,Transport,1813,Success,0,54114
3959,A015,2024-02-06 18:55:00,debit,Netflix,Entertainment,4202,Success,0,309954
3960,A075,2024-02-06 22:21:00,debit,BigBasket,Groceries,876,Success,0,133463
3961,A094,2024-02-06 18:13:00,debit,Croma,Electronics,4911,Success,0,-21066
3962,A053,2024-02-06 17:34:00,credit,Netflix,Entertainment,2925,Success,0,-57336
3963,A174,2024-02-06 12:31:00,debit,Amazon,Shopping,6248,Success,0,204355
3964,A127,2024-02-07 21:31:00,debit,BigBasket,Groceries,6082,Success,0,391174
3965,A047,2024-02-07 03:22:00,debit,BigBasket,Groceries,1522,Success,0,412767
3966,A084,2024-02-07 05:18:00,debit,Flipkart,Shopping,4658,Success,0,222444
3967,A132,2024-02-07 17:02:00,debit,Croma,Electronics,4470,Success,0,213364
3968,A167,2024-02-07 02:12:00,debit,BigBasket,Groceries,2462,Success,0,96228
3969,A136,2024-02-08 03:29:00,credit,Flipkart,Shopping,7640,Success,0,355450
3970,A105,2024-02-08 10:17:00,debit,Swiggy,Food,2613,Success,0,183189
3971,A132,2024-02-08 19:17:00,debit,Croma,Electronics,1487,Success,0,211877
3972,A013,2024-02-08 22:54:00,debit,BigBasket,Groceries,5686,Success,0,125115
3973,A160,2024-02-08 16:08:00,debit,Suspicious Transfer,Fraud,183277,Success,1,-21264
3974,A130,2024-02-08 02:13:00,debit,Amazon,Shopping,4349,Success,0,192672
3975,A104,2024-02-09 02:50:00,debit,Zomato,Food,6832,Success,0,131565
3976,A010,2024-02-09 00:54:00,debit,Amazon,Shopping,13218,Success,0,456820
3977,A183,2024-02-09 14:01:00,debit,Flipkart,Shopping,6943,Pending,0,127156
3978,A089,2024-02-09 14:10:00,credit,Amazon,Shopping,1301,Success,0,292227
3979,A096,2024-02-09 11:11:00,credit,Uber,Transport,4469,Success,0,334716
3980,A089,2024-02-09 18:44:00,debit,Croma,Electronics,2034,Success,0,290193
3981,A134,2024-02-09 06:59:00,debit,Zomato,Food,18126,Success,0,825634
3982,A068,2024-02-09 03:49:00,debit,Amazon,Shopping,7780,Success,0,383387
3983,A157,2024-02-10 15:57:00,debit,Swiggy,Food,11783,Success,0,182702
3984,A167,2024-02-10 19:49:00,debit,Netflix,Entertainment,8127,Failed,0,88101
3985,A029,2024-02-10 19:28:00,debit,Croma,Electronics,9133,Success,0,137612
3986,A096,2024-02-10 07:08:00,credit,Suspicious Transfer,Fraud,115410,Success,1,450126
3987,A064,2024-02-10 23:46:00,debit,Swiggy,Food,9960,Failed,0,188635
3988,A040,2024-02-10 12:26:00,debit,Zomato,Food,27450,Success,0,239223
3989,A015,2024-02-10 06:18:00,debit,Swiggy,Food,4127,Success,0,305827
3990,A098,2024-02-10 17:21:00,debit,Netflix,Entertainment,16167,Pending,0,-192184
3991,A166,2024-02-10 11:05:00,debit,Croma,Electronics,4023,Success,0,484892
3992,A110,2024-02-10 08:37:00,debit,BigBasket,Groceries,8975,Failed,0,140497
3993,A175,2024-02-10 07:53:00,debit,BigBasket,Groceries,10400,Success,0,73807
3994,A158,2024-02-10 14:50:00,debit,Swiggy,Food,3508,Failed,0,260895
3995,A061,2024-02-10 12:18:00,debit,Croma,Electronics,14263,Pending,0,175681
3996,A122,2024-02-11 07:18:00,debit,Flipkart,Shopping,7361,Success,0,-93185
3997,A102,2024-02-11 17:00:00,debit,BigBasket,Groceries,5558,Success,0,243287
3998,A051,2024-02-11 19:45:00,debit,Croma,Electronics,11167,Success,0,159426
3999,A022,2024-02-11 13:04:00,debit,Zomato,Food,1259,Success,0,160224
4000,A100,2024-02-11 13:16:00,debit,Flipkart,Shopping,9679,Success,0,41460
4001,A189,2024-02-11 19:38:00,credit,Uber,Transport,2702,Success,0,335142
4002,A058,2024-02-11 10:57:00,credit,Swiggy,Food,14767,Success,0,-45137
4003,A134,2024-02-11 21:14:00,credit,Swiggy,Food,11073,Success,0,836707
4004,A020,2024-02-12 15:38:00,debit,Swiggy,Food,7767,Success,0,54098
4005,A011,2024-02-12 14:51:00,debit,Croma,Electronics,6544,Success,0,293708
4006,A131,2024-02-12 08:05:00,debit,Croma,Electronics,7827,Success,0,629370
4007,A034,2024-02-12 17:42:00,debit,Uber,Transport,17685,Success,0,329127
4008,A194,2024-02-12 09:35:00,debit,Swiggy,Food,1623,Success,0,-58120
4009,A160,2024-02-12 16:32:00,credit,BigBasket,Groceries,3826,Success,0,-17438
4010,A155,2024-02-13 14:27:00,debit,Netflix,Entertainment,619,Success,0,-36016
4011,A138,2024-02-13 04:22:00,credit,Zomato,Food,933,Success,0,-32581
4012,A093,2024-02-13 22:03:00,debit,BigBasket,Groceries,3646,Success,0,167426
4013,A177,2024-02-13 13:14:00,debit,Uber,Transport,6918,Success,0,214947
4014,A116,2024-02-13 13:42:00,credit,Zomato,Food,7995,Success,0,405070
4015,A195,2024-02-13 13:49:00,debit,BigBasket,Groceries,3682,Success,0,265407
4016,A078,2024-02-13 06:43:00,debit,Zomato,Food,428,Success,0,264129
4017,A098,2024-02-13 03:53:00,debit,Flipkart,Shopping,14982,Success,0,-207166
4018,A047,2024-02-13 15:12:00,debit,Uber,Transport,5969,Pending,0,406798
4019,A105,2024-02-13 23:04:00,debit,Flipkart,Shopping,6326,Success,0,176863
4020,A006,2024-02-14 22:56:00,debit,Flipkart,Shopping,1736,Success,0,163792
4021,A090,2024-02-14 16:36:00,debit,BigBasket,Groceries,2894,Success,0,522337
4022,A096,2024-02-14 18:55:00,credit,Uber,Transport,1180,Success,0,451306
4023,A009,2024-02-14 06:16:00,debit,BigBasket,Groceries,2695,Success,0,28450
4024,A170,2024-02-14 18:11:00,debit,Netflix,Entertainment,4123,Success,0,159547
4025,A070,2024-02-14 17:09:00,debit,Netflix,Entertainment,7301,Success,0,283146
4026,A051,2024-02-14 04:30:00,credit,BigBasket,Groceries,835,Success,0,160261
4027,A172,2024-02-14 06:29:00,debit,Zomato,Food,1067,Success,0,82922
4028,A032,2024-02-14 08:35:00,debit,Netflix,Entertainment,1566,Success,0,333466
4029,A006,2024-02-14 00:23:00,credit,Netflix,Entertainment,6519,Success,0,170311
4030,A132,2024-02-14 22:12:00,debit,Croma,Electronics,2250,Success,0,209627
4031,A007,2024-02-14 14:36:00,credit,Amazon,Shopping,3215,Success,0,-151023
4032,A036,2024-02-14 18:57:00,debit,Amazon,Shopping,593,Success,0,-42589
4033,A149,2024-02-14 23:48:00,debit,Netflix,Entertainment,616,Success,0,306045
4034,A164,2024-02-15 11:05:00,debit,BigBasket,Groceries,760,Success,0,303469
4035,A106,2024-02-15 22:59:00,debit,Uber,Transport,6759,Failed,0,210068
4036,A151,2024-02-15 13:09:00,debit,BigBasket,Groceries,5171,Success,0,235008
4037,A045,2024-02-15 20:48:00,debit,Netflix,Entertainment,4627,Success,0,232348
4038,A199,2024-02-15 18:31:00,debit,Croma,Electronics,2807,Success,0,207093
4039,A012,2024-02-15 08:41:00,debit,Zomato,Food,878,Pending,0,75608
4040,A186,2024-02-15 12:28:00,debit,Croma,Electronics,4719,Success,0,1570769
4041,A111,2024-02-15 02:01:00,debit,Netflix,Entertainment,6783,Success,0,320215
4042,A154,2024-02-15 03:56:00,credit,Zomato,Food,1096,Success,0,124441
4043,A166,2024-02-15 14:38:00,debit,Amazon,Shopping,1994,Failed,0,482898
4044,A085,2024-02-15 08:12:00,credit,Flipkart,Shopping,6595,Success,0,20626
4045,A149,2024-02-15 11:49:00,debit,Flipkart,Shopping,1578,Pending,0,304467
4046,A042,2024-02-16 20:11:00,debit,Netflix,Entertainment,3864,Success,0,251856
4047,A166,2024-02-16 08:06:00,debit,BigBasket,Groceries,4936,Success,0,477962
4048,A125,2024-02-16 04:20:00,debit,Amazon,Shopping,7054,Success,0,88025
4049,A177,2024-02-16 20:39:00,debit,Uber,Transport,2074,Success,0,212873
4050,A002,2024-02-16 03:43:00,debit,Amazon,Shopping,2266,Success,0,87355
4051,A087,2024-02-16 01:56:00,debit,Zomato,Food,6899,Success,0,74293
4052,A033,2024-02-16 10:20:00,debit,Zomato,Food,5631,Success,0,278944
4053,A098,2024-02-16 18:13:00,debit,Swiggy,Food,1389,Success,0,-208555
4054,A053,2024-02-16 02:31:00,debit,Flipkart,Shopping,1231,Success,0,-58567
4055,A028,2024-02-16 22:56:00,debit,BigBasket,Groceries,1688,Success,0,349528
4056,A176,2024-02-16 21:58:00,debit,Zomato,Food,15747,Success,0,42436
4057,A059,2024-02-17 16:31:00,debit,Flipkart,Shopping,13552,Success,0,240878
4058,A043,2024-02-17 08:00:00,debit,Swiggy,Food,7470,Success,0,60816
4059,A102,2024-02-17 16:10:00,debit,Uber,Transport,4302,Success,0,238985
4060,A040,2024-02-17 22:49:00,debit,BigBasket,Groceries,12123,Success,0,227100
4061,A065,2024-02-17 10:39:00,debit,Zomato,Food,10618,Success,0,240383
4062,A116,2024-02-17 04:23:00,debit,Swiggy,Food,8084,Success,0,396986
4063,A194,2024-02-17 04:53:00,debit,Flipkart,Shopping,3134,Pending,0,-61254
4064,A073,2024-02-17 02:29:00,debit,Flipkart,Shopping,11645,Success,0,101836
4065,A114,2024-02-17 18:17:00,credit,Netflix,Entertainment,5382,Pending,0,388002
4066,A078,2024-02-17 04:14:00,debit,Suspicious Transfer,Fraud,156275,Success,1,107854
4067,A193,2024-02-17 13:08:00,credit,Zomato,Food,3934,Success,0,481485
4068,A127,2024-02-17 16:48:00,debit,Swiggy,Food,6177,Success,0,384997
4069,A146,2024-02-17 07:52:00,debit,Zomato,Food,8383,Success,0,324303
4070,A026,2024-02-18 11:01:00,debit,BigBasket,Groceries,7485,Success,0,96068
4071,A132,2024-02-18 17:35:00,debit,Uber,Transport,6078,Success,0,203549
4072,A091,2024-02-18 05:12:00,credit,Uber,Transport,8349,Success,0,176441
4073,A169,2024-02-18 00:01:00,debit,Swiggy,Food,3102,Success,0,178696
4074,A120,2024-02-18 04:58:00,debit,Swiggy,Food,6303,Success,0,219253
4075,A024,2024-02-18 20:41:00,debit,Croma,Electronics,22149,Success,0,318877
4076,A041,2024-02-19 03:35:00,debit,Uber,Transport,905,Success,0,223679
4077,A141,2024-02-19 00:57:00,debit,Flipkart,Shopping,3350,Success,0,342114
4078,A099,2024-02-19 17:47:00,credit,BigBasket,Groceries,3613,Success,0,-18082
4079,A012,2024-02-19 14:36:00,debit,Swiggy,Food,5032,Success,0,70576
4080,A148,2024-02-19 05:17:00,debit,Amazon,Shopping,7076,Failed,0,272056
4081,A130,2024-02-19 16:42:00,debit,Uber,Transport,3163,Success,0,189509
4082,A176,2024-02-19 02:46:00,debit,Amazon,Shopping,16935,Success,0,25501
4083,A107,2024-02-19 03:26:00,credit,Zomato,Food,4204,Pending,0,226480
4084,A135,2024-02-19 05:32:00,debit,Netflix,Entertainment,1023,Success,0,322218
4085,A023,2024-02-19 12:00:00,debit,Zomato,Food,5878,Success,0,251825
4086,A005,2024-02-19 03:00:00,debit,Croma,Electronics,15831,Success,0,767479
4087,A125,2024-02-19 01:18:00,debit,Amazon,Shopping,4023,Success,0,84002
4088,A084,2024-02-19 04:18:00,debit,Zomato,Food,7298,Success,0,215146
4089,A109,2024-02-19 00:50:00,debit,Uber,Transport,3419,Success,0,519294
4090,A008,2024-02-20 06:09:00,credit,Netflix,Entertainment,6955,Success,0,165010
4091,A086,2024-02-20 13:24:00,debit,BigBasket,Groceries,1062,Pending,0,49405
4092,A196,2024-02-20 08:39:00,debit,Netflix,Entertainment,556,Failed,0,312536
4093,A173,2024-02-20 22:39:00,credit,Amazon,Shopping,2892,Success,0,511387
4094,A059,2024-02-20 04:29:00,debit,Netflix,Entertainment,3501,Success,0,237377
4095,A074,2024-02-20 19:10:00,credit,Amazon,Shopping,2373,Success,0,297472
4096,A094,2024-02-20 21:35:00,debit,Zomato,Food,5426,Success,0,-26492
4097,A126,2024-02-20 20:02:00,credit,Amazon,Shopping,2917,Success,0,-201828
4098,A044,2024-02-20 05:22:00,debit,Zomato,Food,5635,Success,0,177812
4099,A057,2024-02-20 22:02:00,debit,Netflix,Entertainment,23121,Success,0,1000636
4100,A101,2024-02-20 08:39:00,debit,BigBasket,Groceries,1554,Success,0,238202
4101,A124,2024-02-20 03:10:00,debit,Croma,Electronics,4662,Success,0,68690
4102,A131,2024-02-21 23:37:00,debit,Netflix,Entertainment,2655,Success,0,626715
4103,A054,2024-02-21 06:54:00,credit,Netflix,Entertainment,5017,Success,0,619143
4104,A004,2024-02-21 09:50:00,debit,Uber,Transport,3480,Success,0,267547
4105,A136,2024-02-21 01:48:00,debit,Croma,Electronics,944,Success,0,354506
4106,A179,2024-02-21 03:01:00,debit,Croma,Electronics,23565,Success,0,125393
4107,A142,2024-02-21 16:31:00,debit,Croma,Electronics,3714,Success,0,24141
4108,A135,2024-02-21 17:12:00,debit,Croma,Electronics,3211,Success,0,319007
4109,A180,2024-02-22 16:51:00,credit,Amazon,Shopping,3307,Success,0,425324
4110,A116,2024-02-22 18:44:00,debit,Croma,Electronics,1631,Success,0,395355
4111,A010,2024-02-22 19:58:00,debit,BigBasket,Groceries,20949,Success,0,435871
4112,A009,2024-02-22 01:55:00,debit,Croma,Electronics,2730,Success,0,25720
4113,A026,2024-02-22 09:24:00,credit,Zomato,Food,2294,Success,0,98362
4114,A059,2024-02-22 20:20:00,debit,Amazon,Shopping,6888,Success,0,230489
4115,A117,2024-02-23 14:13:00,debit,BigBasket,Groceries,7714,Success,0,401362
4116,A055,2024-02-23 04:58:00,debit,Uber,Transport,5414,Success,0,-125383
4117,A106,2024-02-23 20:55:00,debit,BigBasket,Groceries,6138,Success,0,203930
4118,A197,2024-02-23 06:00:00,debit,Flipkart,Shopping,640,Success,0,121022
4119,A040,2024-02-23 03:19:00,credit,Zomato,Food,11445,Success,0,238545
4120,A150,2024-02-23 22:38:00,debit,Zomato,Food,6672,Success,0,143368
4121,A144,2024-02-24 18:27:00,debit,Flipkart,Shopping,11489,Success,0,272897
4122,A012,2024-02-24 11:20:00,debit,Flipkart,Shopping,8038,Pending,0,62538
4123,A179,2024-02-24 05:19:00,debit,Uber,Transport,16458,Failed,0,108935
4124,A151,2024-02-24 09:15:00,credit,Amazon,Shopping,14373,Success,0,249381
4125,A183,2024-02-24 22:22:00,debit,Zomato,Food,6411,Success,0,120745
4126,A087,2024-02-24 09:02:00,credit,Flipkart,Shopping,10605,Success,0,84898
4127,A180,2024-02-24 01:44:00,debit,BigBasket,Groceries,7838,Failed,0,417486
4128,A005,2024-02-24 09:37:00,debit,Flipkart,Shopping,26670,Success,0,740809
4129,A158,2024-02-24 11:42:00,debit,Zomato,Food,10272,Success,0,250623
4130,A190,2024-02-24 17:11:00,debit,Swiggy,Food,6877,Success,0,236921
4131,A074,2024-02-24 22:34:00,debit,Flipkart,Shopping,2666,Success,0,294806
4132,A134,2024-02-25 06:05:00,debit,Uber,Transport,30867,Success,0,805840
4133,A145,2024-02-25 04:55:00,debit,Zomato,Food,10094,Success,0,152299
4134,A031,2024-02-25 05:05:00,debit,Amazon,Shopping,2707,Success,0,130605
4135,A098,2024-02-25 06:01:00,debit,Netflix,Entertainment,3987,Success,0,-212542
4136,A163,2024-02-25 12:50:00,debit,Croma,Electronics,8223,Success,0,-51702
4137,A080,2024-02-25 18:35:00,debit,BigBasket,Groceries,11322,Success,0,164167
4138,A074,2024-02-25 23:44:00,debit,Zomato,Food,11517,Success,0,283289
4139,A177,2024-02-25 08:46:00,debit,Uber,Transport,4679,Success,0,208194
4140,A103,2024-02-25 11:30:00,debit,Uber,Transport,16269,Success,0,385140
4141,A151,2024-02-25 05:46:00,debit,BigBasket,Groceries,9731,Success,0,239650
4142,A183,2024-02-25 21:29:00,debit,BigBasket,Groceries,1606,Success,0,119139
4143,A041,2024-02-25 11:30:00,credit,Croma,Electronics,1856,Success,0,225535
4144,A183,2024-02-25 03:13:00,debit,BigBasket,Groceries,5677,Success,0,113462
4145,A056,2024-02-26 00:25:00,debit,Flipkart,Shopping,7683,Success,0,-22975
4146,A068,2024-02-26 06:17:00,debit,BigBasket,Groceries,7588,Success,0,375799
4147,A187,2024-02-26 22:26:00,debit,Croma,Electronics,909,Success,0,2107
4148,A025,2024-02-26 02:08:00,debit,Zomato,Food,1455,Success,0,349980
4149,A048,2024-02-26 08:36:00,debit,BigBasket,Groceries,2540,Success,0,87326
4150,A037,2024-02-26 02:28:00,debit,Netflix,Entertainment,3077,Success,0,103471
4151,A075,2024-02-26 06:48:00,debit,Flipkart,Shopping,7119,Failed,0,126344
4152,A051,2024-02-26 17:32:00,debit,Zomato,Food,1691,Success,0,158570
4153,A183,2024-02-26 20:18:00,credit,BigBasket,Groceries,7820,Success,0,121282
4154,A194,2024-02-26 04:27:00,credit,Swiggy,Food,6340,Success,0,-54914
4155,A136,2024-02-26 20:30:00,credit,Netflix,Entertainment,6689,Success,0,361195
4156,A042,2024-02-26 00:00:00,debit,Croma,Electronics,3996,Success,0,247860
4157,A067,2024-02-26 13:28:00,debit,Swiggy,Food,3305,Success,0,311371
4158,A148,2024-02-26 11:42:00,debit,Zomato,Food,3358,Failed,0,268698
4159,A168,2024-02-26 03:12:00,debit,Uber,Transport,3159,Success,0,186820
4160,A033,2024-02-27 20:09:00,credit,Amazon,Shopping,3344,Success,0,282288
4161,A079,2024-02-27 20:24:00,debit,Netflix,Entertainment,7424,Failed,0,464468
4162,A052,2024-02-27 18:31:00,debit,Croma,Electronics,7496,Success,0,196656
4163,A199,2024-02-27 10:01:00,debit,BigBasket,Groceries,6477,Success,0,200616
4164,A118,2024-02-27 15:18:00,debit,Croma,Electronics,1813,Success,0,199692
4165,A097,2024-02-27 16:05:00,debit,Netflix,Entertainment,5572,Success,0,230636
4166,A105,2024-02-27 05:36:00,debit,BigBasket,Groceries,416,Success,0,176447
4167,A164,2024-02-27 08:11:00,debit,Flipkart,Shopping,7642,Success,0,295827
4168,A157,2024-02-28 17:55:00,credit,Croma,Electronics,5901,Success,0,188603
4169,A065,2024-02-28 02:34:00,debit,Uber,Transport,3947,Success,0,236436
4170,A088,2024-02-28 18:14:00,credit,Uber,Transport,6849,Success,0,479491
4171,A146,2024-02-28 15:01:00,debit,Zomato,Food,928,Success,0,323375
4172,A108,2024-02-28 23:59:00,debit,Swiggy,Food,2829,Success,0,189786
4173,A165,2024-02-28 17:58:00,debit,Netflix,Entertainment,671,Success,0,330017
4174,A142,2024-02-28 23:30:00,debit,BigBasket,Groceries,2572,Success,0,21569
4175,A044,2024-02-28 19:12:00,debit,Zomato,Food,510,Success,0,177302
4176,A154,2024-02-29 03:55:00,debit,Amazon,Shopping,2150,Success,0,122291
4177,A102,2024-02-29 18:39:00,debit,Amazon,Shopping,1875,Success,0,237110
4178,A049,2024-02-29 10:45:00,debit,Netflix,Entertainment,4167,Success,0,315887
4179,A137,2024-02-29 17:06:00,debit,Flipkart,Shopping,5544,Success,0,84513
4180,A106,2024-02-29 15:03:00,debit,Uber,Transport,835,Success,0,203095
4181,A195,2024-03-01 05:42:00,credit,Salary Deposit,Income,80188,Success,0,345595
4182,A094,2024-03-01 14:45:00,credit,Salary Deposit,Income,44504,Success,0,18012
4183,A098,2024-03-01 16:40:00,credit,Salary Deposit,Income,308826,Success,0,96284
4184,A006,2024-03-01 18:53:00,credit,Salary Deposit,Income,49163,Success,0,219474
4185,A093,2024-03-01 17:43:00,credit,Salary Deposit,Income,48841,Success,0,216267
4186,A091,2024-03-01 14:57:00,credit,Salary Deposit,Income,59596,Success,0,236037
4187,A089,2024-03-01 04:42:00,credit,Salary Deposit,Income,50070,Success,0,340263
4188,A001,2024-03-01 23:17:00,credit,Salary Deposit,Income,103676,Success,0,36969
4189,A006,2024-03-01 02:50:00,credit,Salary Deposit,Income,66976,Success,0,286450
4190,A014,2024-03-01 04:10:00,credit,Salary Deposit,Income,46001,Success,0,35890
4191,A043,2024-03-01 12:06:00,credit,Salary Deposit,Income,31498,Success,0,92314
4192,A148,2024-03-02 17:41:00,credit,Salary Deposit,Income,118077,Failed,0,386775
4193,A132,2024-03-02 03:11:00,credit,Salary Deposit,Income,50976,Success,0,254525
4194,A137,2024-03-02 09:03:00,credit,Salary Deposit,Income,109295,Success,0,193808
4195,A088,2024-03-02 15:33:00,credit,Salary Deposit,Income,39388,Success,0,518879
4196,A116,2024-03-02 18:21:00,credit,Salary Deposit,Income,82836,Success,0,478191
4197,A160,2024-03-02 19:14:00,credit,Salary Deposit,Income,34925,Success,0,17487
4198,A049,2024-03-02 00:50:00,credit,Salary Deposit,Income,58042,Success,0,373929
4199,A084,2024-03-02 19:40:00,credit,Salary Deposit,Income,82670,Success,0,297816
4200,A166,2024-03-03 04:22:00,credit,Salary Deposit,Income,92666,Success,0,570628
4201,A131,2024-03-03 22:41:00,credit,Salary Deposit,Income,119157,Success,0,745872
4202,A089,2024-03-03 10:02:00,credit,Salary Deposit,Income,102799,Success,0,443062
4203,A027,2024-03-03 11:10:00,credit,Salary Deposit,Income,89477,Success,0,-72382
4204,A028,2024-03-03 04:05:00,credit,Salary Deposit,Income,84994,Success,0,434522
4205,A129,2024-03-03 03:00:00,credit,Salary Deposit,Income,100816,Pending,0,231978
4206,A043,2024-03-03 16:25:00,credit,Salary Deposit,Income,56690,Success,0,149004
4207,A008,2024-03-03 19:33:00,credit,Salary Deposit,Income,53816,Success,0,218826
4208,A166,2024-03-04 16:01:00,credit,Salary Deposit,Income,73569,Success,0,644197
4209,A085,2024-03-04 23:32:00,credit,Suspicious Transfer,Fraud,131333,Success,1,151959
4210,A094,2024-03-04 18:33:00,credit,Salary Deposit,Income,52128,Success,0,70140
4211,A171,2024-03-04 00:26:00,credit,Salary Deposit,Income,89363,Success,0,149890
4212,A101,2024-03-04 19:22:00,credit,Salary Deposit,Income,108783,Success,0,346985
4213,A059,2024-03-05 06:19:00,credit,Salary Deposit,Income,33375,Success,0,263864
4214,A003,2024-03-05 13:36:00,credit,Salary Deposit,Income,80260,Success,0,304068
4215,A144,2024-03-05 06:04:00,credit,Salary Deposit,Income,114558,Success,0,387455
4216,A136,2024-03-05 05:54:00,credit,Salary Deposit,Income,115718,Success,0,476913
4217,A027,2024-03-05 12:56:00,credit,Salary Deposit,Income,87143,Success,0,14761
4218,A121,2024-03-05 01:05:00,credit,Salary Deposit,Income,36769,Success,0,98096
4219,A122,2024-03-05 22:19:00,credit,Salary Deposit,Income,53041,Success,0,-40144
4220,A038,2024-03-05 22:55:00,credit,Salary Deposit,Income,51172,Success,0,42810
4221,A197,2024-03-05 17:24:00,credit,Salary Deposit,Income,54248,Success,0,175270
4222,A062,2024-03-06 14:47:00,credit,Swiggy,Food,6939,Success,0,404230
4223,A019,2024-03-06 11:24:00,debit,BigBasket,Groceries,7022,Success,0,306699
4224,A092,2024-03-06 20:11:00,debit,BigBasket,Groceries,7095,Pending,0,187125
4225,A114,2024-03-06 06:34:00,credit,Flipkart,Shopping,1392,Success,0,389394
4226,A105,2024-03-06 22:22:00,debit,Flipkart,Shopping,5034,Success,0,171413
4227,A008,2024-03-06 04:19:00,credit,Uber,Transport,2131,Success,0,220957
4228,A165,2024-03-06 07:23:00,debit,Netflix,Entertainment,6887,Success,0,323130
4229,A110,2024-03-06 02:47:00,debit,Netflix,Entertainment,7631,Success,0,132866
4230,A142,2024-03-06 01:48:00,debit,BigBasket,Groceries,1578,Success,0,19991
4231,A197,2024-03-07 13:08:00,debit,Uber,Transport,210,Success,0,175060
4232,A024,2024-03-07 14:02:00,debit,Croma,Electronics,20742,Success,0,298135
4233,A151,2024-03-07 12:10:00,debit,Amazon,Shopping,6070,Failed,0,233580
4234,A174,2024-03-07 22:50:00,debit,Amazon,Shopping,572,Success,0,203783
4235,A096,2024-03-07 10:37:00,debit,Croma,Electronics,5183,Success,0,446123
4236,A106,2024-03-07 05:26:00,debit,Croma,Electronics,7376,Success,0,195719
4237,A195,2024-03-07 19:56:00,credit,Amazon,Shopping,6625,Success,0,352220
4238,A110,2024-03-07 17:04:00,debit,Swiggy,Food,3140,Success,0,129726
4239,A167,2024-03-07 18:53:00,debit,Croma,Electronics,2416,Pending,0,85685
4240,A181,2024-03-07 14:41:00,debit,Zomato,Food,5231,Success,0,86946
4241,A060,2024-03-07 20:45:00,debit,Croma,Electronics,6126,Success,0,236850
4242,A085,2024-03-07 13:14:00,credit,BigBasket,Groceries,4805,Success,0,156764
4243,A188,2024-03-07 12:02:00,debit,Flipkart,Shopping,6946,Success,0,319140
4244,A031,2024-03-07 17:47:00,debit,BigBasket,Groceries,5947,Success,0,124658
4245,A085,2024-03-07 01:35:00,credit,Swiggy,Food,7359,Success,0,164123
4246,A032,2024-03-08 00:29:00,debit,Amazon,Shopping,4214,Success,0,329252
4247,A067,2024-03-08 03:07:00,credit,BigBasket,Groceries,4882,Success,0,316253
4248,A144,2024-03-08 19:05:00,debit,Swiggy,Food,3135,Success,0,384320
4249,A118,2024-03-08 15:27:00,debit,Amazon,Shopping,1667,Success,0,198025
4250,A060,2024-03-08 15:56:00,debit,Zomato,Food,1632,Success,0,235218
4251,A080,2024-03-08 07:18:00,debit,Croma,Electronics,4321,Success,0,159846
4252,A165,2024-03-08 22:48:00,credit,Zomato,Food,4914,Success,0,328044
4253,A195,2024-03-08 16:36:00,credit,Netflix,Entertainment,3805,Success,0,356025
4254,A014,2024-03-08 12:48:00,debit,BigBasket,Groceries,6415,Success,0,29475
4255,A009,2024-03-08 05:21:00,debit,Swiggy,Food,7943,Success,0,17777
4256,A017,2024-03-08 09:25:00,debit,Croma,Electronics,5022,Success,0,299159
4257,A184,2024-03-08 03:47:00,debit,Amazon,Shopping,2829,Success,0,178277
4258,A024,2024-03-08 09:33:00,debit,BigBasket,Groceries,17871,Success,0,280264
4259,A019,2024-03-08 17:43:00,debit,Croma,Electronics,6176,Success,0,300523
4260,A042,2024-03-08 22:37:00,debit,Flipkart,Shopping,593,Success,0,247267
4261,A138,2024-03-09 04:37:00,debit,Flipkart,Shopping,10502,Success,0,-43083
4262,A073,2024-03-09 11:10:00,debit,Suspicious Transfer,Fraud,144882,Success,1,-43046
4263,A190,2024-03-09 22:44:00,credit,Flipkart,Shopping,2718,Success,0,239639
4264,A087,2024-03-09 14:28:00,debit,Zomato,Food,14762,Success,0,70136
4265,A153,2024-03-09 18:26:00,credit,Flipkart,Shopping,12202,Success,0,127242
4266,A122,2024-03-09 10:43:00,debit,Flipkart,Shopping,3504,Success,0,-43648
4267,A103,2024-03-09 20:03:00,debit,BigBasket,Groceries,32673,Success,0,352467
4268,A013,2024-03-09 21:54:00,debit,Swiggy,Food,8571,Success,0,116544
4269,A100,2024-03-09 05:54:00,debit,BigBasket,Groceries,11256,Success,0,30204
4270,A117,2024-03-09 22:08:00,debit,Netflix,Entertainment,4167,Success,0,397195
4271,A050,2024-03-09 02:20:00,credit,Zomato,Food,9163,Success,0,349889
4272,A139,2024-03-10 23:15:00,debit,Croma,Electronics,10196,Success,0,419981
4273,A050,2024-03-10 19:02:00,credit,Croma,Electronics,13750,Success,0,363639
4274,A145,2024-03-10 17:31:00,debit,Swiggy,Food,6527,Success,0,145772
4275,A170,2024-03-10 03:42:00,credit,Amazon,Shopping,1193,Success,0,160740
4276,A177,2024-03-10 01:46:00,credit,Zomato,Food,14792,Success,0,222986
4277,A086,2024-03-10 20:11:00,credit,Netflix,Entertainment,8493,Success,0,57898
4278,A015,2024-03-10 23:21:00,debit,Flipkart,Shopping,1723,Success,0,304104
4279,A093,2024-03-10 21:25:00,debit,Swiggy,Food,6948,Success,0,209319
4280,A121,2024-03-10 01:37:00,debit,Flipkart,Shopping,5443,Success,0,92653
4281,A036,2024-03-10 09:58:00,debit,Amazon,Shopping,1491,Success,0,-44080
4282,A163,2024-03-11 18:37:00,debit,Uber,Transport,6747,Success,0,-58449
4283,A178,2024-03-11 13:52:00,debit,Amazon,Shopping,6472,Success,0,308961
4284,A027,2024-03-11 06:18:00,debit,Croma,Electronics,4425,Success,0,10336
4285,A027,2024-03-11 03:09:00,debit,Netflix,Entertainment,7806,Success,0,2530
4286,A119,2024-03-11 18:11:00,debit,Amazon,Shopping,4370,Success,0,246161
4287,A195,2024-03-11 16:55:00,debit,Flipkart,Shopping,4738,Success,0,351287
4288,A092,2024-03-11 08:48:00,debit,Netflix,Entertainment,6381,Success,0,180744
4289,A097,2024-03-12 19:40:00,debit,Flipkart,Shopping,5592,Success,0,225044
4290,A194,2024-03-12 14:02:00,debit,Amazon,Shopping,7817,Failed,0,-62731
4291,A115,2024-03-12 00:27:00,debit,Uber,Transport,3580,Success,0,390603
4292,A195,2024-03-12 08:42:00,debit,Uber,Transport,3200,Success,0,348087
4293,A123,2024-03-12 12:11:00,credit,BigBasket,Groceries,1915,Success,0,56029
4294,A046,2024-03-12 05:00:00,debit,BigBasket,Groceries,3018,Success,0,-66762
4295,A097,2024-03-12 10:57:00,debit,BigBasket,Groceries,6821,Success,0,218223
4296,A182,2024-03-12 04:54:00,debit,Flipkart,Shopping,1710,Failed,0,-75136
4297,A018,2024-03-12 03:56:00,debit,Suspicious Transfer,Fraud,66170,Pending,1,419268
4298,A077,2024-03-12 10:12:00,debit,Amazon,Shopping,1175,Success,0,241324
4299,A024,2024-03-12 10:15:00,debit,Flipkart,Shopping,23277,Success,0,256987
4300,A071,2024-03-13 10:02:00,debit,Suspicious Transfer,Fraud,168026,Success,1,228902
4301,A066,2024-03-13 18:14:00,debit,Zomato,Food,945,Success,0,259145
4302,A072,2024-03-13 16:09:00,debit,Suspicious Transfer,Fraud,117929,Success,1,71835
4303,A139,2024-03-13 01:10:00,debit,BigBasket,Groceries,4405,Success,0,415576
4304,A187,2024-03-13 21:12:00,credit,BigBasket,Groceries,7045,Success,0,9152
4305,A161,2024-03-13 23:01:00,debit,Uber,Transport,3524,Success,0,585592
4306,A170,2024-03-13 14:55:00,debit,Flipkart,Shopping,2139,Success,0,158601
4307,A149,2024-03-14 14:01:00,debit,Amazon,Shopping,3140,Success,0,301327
4308,A013,2024-03-14 05:03:00,debit,Zomato,Food,7195,Success,0,109349
4309,A053,2024-03-14 23:00:00,debit,BigBasket,Groceries,7074,Success,0,-65641
4310,A138,2024-03-14 13:23:00,debit,Amazon,Shopping,3059,Success,0,-46142
4311,A176,2024-03-14 21:34:00,debit,Croma,Electronics,11895,Success,0,13606
4312,A154,2024-03-14 17:16:00,debit,Netflix,Entertainment,695,Pending,0,121596
4313,A119,2024-03-14 04:32:00,debit,Zomato,Food,916,Success,0,245245
4314,A014,2024-03-14 06:47:00,credit,Croma,Electronics,6076,Success,0,35551
4315,A128,2024-03-14 12:22:00,debit,Netflix,Entertainment,1922,Failed,0,-71955
4316,A200,2024-03-14 04:49:00,debit,Netflix,Entertainment,1328,Success,0,367533
4317,A044,2024-03-14 09:00:00,debit,Uber,Transport,2165,Failed,0,175137
4318,A022,2024-03-14 05:28:00,debit,Flipkart,Shopping,2471,Success,0,157753
4319,A062,2024-03-14 04:45:00,debit,Netflix,Entertainment,4774,Success,0,399456
4320,A088,2024-03-14 10:24:00,credit,Zomato,Food,3254,Success,0,522133
4321,A005,2024-03-15 08:45:00,debit,Netflix,Entertainment,19632,Success,0,721177
4322,A187,2024-03-15 21:52:00,debit,BigBasket,Groceries,4408,Success,0,4744
4323,A003,2024-03-15 13:01:00,debit,BigBasket,Groceries,3290,Success,0,300778
4324,A110,2024-03-15 10:04:00,credit,Zomato,Food,872,Success,0,130598
4325,A048,2024-03-15 06:30:00,debit,BigBasket,Groceries,5073,Success,0,82253
4326,A052,2024-03-15 05:44:00,debit,Amazon,Shopping,2842,Success,0,193814
4327,A087,2024-03-15 21:09:00,debit,Netflix,Entertainment,2151,Success,0,67985
4328,A138,2024-03-15 03:16:00,credit,Flipkart,Shopping,7524,Failed,0,-38618
4329,A127,2024-03-16 23:16:00,debit,Swiggy,Food,4927,Success,0,380070
4330,A154,2024-03-16 15:33:00,debit,Netflix,Entertainment,10745,Success,0,110851
4331,A094,2024-03-16 19:21:00,debit,Zomato,Food,5626,Success,0,64514
4332,A074,2024-03-16 12:54:00,debit,Uber,Transport,3660,Failed,0,279629
4333,A039,2024-03-16 11:23:00,debit,Croma,Electronics,7311,Success,0,222403
4334,A179,2024-03-16 15:16:00,credit,Amazon,Shopping,32811,Success,0,141746
4335,A164,2024-03-16 11:43:00,debit,Zomato,Food,2056,Success,0,293771
4336,A163,2024-03-16 18:35:00,debit,Netflix,Entertainment,6683,Pending,0,-65132
4337,A066,2024-03-16 21:04:00,debit,Netflix,Entertainment,7132,Success,0,252013
4338,A021,2024-03-16 05:21:00,credit,BigBasket,Groceries,5078,Success,0,251718
4339,A028,2024-03-17 04:30:00,debit,Flipkart,Shopping,9542,Success,0,424980
4340,A154,2024-03-17 13:56:00,debit,Zomato,Food,12177,Success,0,98674
4341,A033,2024-03-17 23:53:00,debit,Croma,Electronics,14114,Success,0,268174
4342,A053,2024-03-17 16:54:00,debit,Swiggy,Food,2372,Success,0,-68013
4343,A060,2024-03-17 01:13:00,credit,Flipkart,Shopping,10935,Success,0,246153
4344,A055,2024-03-17 06:06:00,debit,Amazon,Shopping,5874,Success,0,-131257
4345,A175,2024-03-17 02:57:00,debit,Flipkart,Shopping,8859,Success,0,64948
4346,A091,2024-03-17 19:35:00,debit,Flipkart,Shopping,14328,Success,0,221709
4347,A195,2024-03-17 11:49:00,debit,Croma,Electronics,8276,Success,0,339811
4348,A138,2024-03-17 00:38:00,debit,Flipkart,Shopping,10826,Success,0,-49444
4349,A029,2024-03-18 03:50:00,debit,Croma,Electronics,1415,Success,0,136197
4350,A065,2024-03-18 10:20:00,debit,Flipkart,Shopping,5118,Success,0,231318
4351,A037,2024-03-18 06:27:00,debit,Swiggy,Food,3656,Success,0,99815
4352,A167,2024-03-18 02:49:00,debit,Zomato,Food,3255,Success,0,82430
4353,A028,2024-03-18 02:01:00,credit,Amazon,Shopping,285,Success,0,425265
4354,A114,2024-03-18 12:57:00,debit,Flipkart,Shopping,1121,Success,0,388273
4355,A119,2024-03-18 07:48:00,debit,Zomato,Food,1887,Success,0,243358
4356,A028,2024-03-19 11:37:00,debit,Uber,Transport,7805,Pending,0,417460
4357,A165,2024-03-19 18:48:00,debit,Flipkart,Shopping,1007,Success,0,327037
4358,A193,2024-03-19 09:25:00,debit,BigBasket,Groceries,413,Success,0,481072
4359,A123,2024-03-19 11:56:00,debit,Zomato,Food,7050,Success,0,48979
4360,A185,2024-03-19 00:20:00,debit,Croma,Electronics,4145,Success,0,6420
4361,A192,2024-03-19 04:15:00,debit,Croma,Electronics,741,Pending,0,820128
4362,A027,2024-03-19 16:24:00,debit,Uber,Transport,2989,Success,0,-459
4363,A178,2024-03-19 12:00:00,debit,Zomato,Food,2582,Success,0,306379
4364,A170,2024-03-19 08:32:00,credit,BigBasket,Groceries,2677,Success,0,161278
4365,A015,2024-03-19 12:35:00,debit,Zomato,Food,7210,Success,0,296894
4366,A126,2024-03-19 13:34:00,debit,Flipkart,Shopping,3238,Success,0,-205066
4367,A029,2024-03-19 23:36:00,debit,Amazon,Shopping,2216,Success,0,133981
4368,A176,2024-03-20 08:53:00,debit,Uber,Transport,13269,Failed,0,337
4369,A043,2024-03-20 18:51:00,debit,Netflix,Entertainment,4175,Success,0,144829
4370,A173,2024-03-20 12:51:00,debit,Flipkart,Shopping,814,Success,0,510573
4371,A180,2024-03-20 00:45:00,debit,Swiggy,Food,5105,Success,0,412381
4372,A119,2024-03-20 03:47:00,debit,Swiggy,Food,2278,Success,0,241080
4373,A163,2024-03-20 02:27:00,debit,Netflix,Entertainment,2480,Success,0,-67612
4374,A130,2024-03-20 08:56:00,debit,Croma,Electronics,1542,Success,0,187967
4375,A058,2024-03-21 15:17:00,debit,BigBasket,Groceries,1420,Success,0,-46557
4376,A063,2024-03-21 19:24:00,debit,Uber,Transport,471,Success,0,229557
4377,A097,2024-03-21 08:58:00,debit,Flipkart,Shopping,5298,Success,0,212925
4378,A062,2024-03-21 10:45:00,debit,Croma,Electronics,5984,Success,0,393472
4379,A061,2024-03-21 20:19:00,debit,Croma,Electronics,756,Success,0,174925
4380,A111,2024-03-22 19:56:00,debit,Croma,Electronics,3900,Success,0,316315
4381,A133,2024-03-22 00:20:00,credit,Swiggy,Food,4566,Success,0,93491
4382,A147,2024-03-22 04:01:00,debit,Netflix,Entertainment,7641,Success,0,12561
4383,A023,2024-03-22 12:33:00,debit,Swiggy,Food,7442,Success,0,244383
4384,A135,2024-03-22 13:06:00,debit,Netflix,Entertainment,633,Success,0,318374
4385,A047,2024-03-22 20:59:00,debit,Zomato,Food,4721,Success,0,402077
4386,A097,2024-03-22 01:03:00,debit,Netflix,Entertainment,4092,Success,0,208833
4387,A029,2024-03-22 05:17:00,debit,Amazon,Shopping,1772,Success,0,132209
4388,A091,2024-03-22 14:55:00,debit,Netflix,Entertainment,4789,Success,0,216920
4389,A150,2024-03-22 22:44:00,debit,Amazon,Shopping,6320,Success,0,137048
4390,A020,2024-03-22 10:31:00,debit,Uber,Transport,3235,Success,0,50863
4391,A084,2024-03-22 00:51:00,debit,Netflix,Entertainment,5865,Success,0,291951
4392,A124,2024-03-22 19:54:00,debit,Zomato,Food,2149,Success,0,66541
4393,A101,2024-03-22 22:16:00,debit,Croma,Electronics,7802,Success,0,339183
4394,A070,2024-03-22 06:00:00,credit,Swiggy,Food,4353,Failed,0,287499
4395,A093,2024-03-23 21:59:00,credit,Amazon,Shopping,7830,Failed,0,217149
4396,A138,2024-03-23 06:04:00,debit,Flipkart,Shopping,13511,Pending,0,-62955
4397,A188,2024-03-23 22:56:00,debit,Amazon,Shopping,4138,Success,0,315002
4398,A036,2024-03-23 20:54:00,debit,BigBasket,Groceries,12640,Success,0,-56720
4399,A036,2024-03-23 07:17:00,debit,BigBasket,Groceries,3165,Success,0,-59885
4400,A056,2024-03-23 19:38:00,debit,Swiggy,Food,10911,Success,0,-33886
4401,A146,2024-03-23 19:06:00,credit,Zomato,Food,13355,Success,0,336730
4402,A100,2024-03-23 19:39:00,debit,BigBasket,Groceries,14663,Success,0,15541
4403,A038,2024-03-23 05:42:00,credit,Netflix,Entertainment,1854,Success,0,44664
4404,A171,2024-03-23 16:06:00,credit,BigBasket,Groceries,4639,Success,0,154529
4405,A197,2024-03-23 00:16:00,debit,Croma,Electronics,1213,Success,0,173847
4406,A179,2024-03-24 11:13:00,debit,Netflix,Entertainment,16851,Success,0,124895
4407,A136,2024-03-24 18:00:00,debit,Uber,Transport,14935,Pending,0,461978
4408,A021,2024-03-24 12:16:00,debit,Netflix,Entertainment,9660,Success,0,242058
4409,A163,2024-03-24 19:52:00,credit,Uber,Transport,3060,Success,0,-64552
4410,A135,2024-03-24 21:39:00,debit,Swiggy,Food,1096,Success,0,317278
4411,A090,2024-03-24 07:14:00,debit,Swiggy,Food,10712,Success,0,511625
4412,A142,2024-03-24 08:04:00,debit,Uber,Transport,10887,Success,0,9104
4413,A168,2024-03-24 10:19:00,credit,Flipkart,Shopping,11535,Success,0,198355
4414,A149,2024-03-24 14:21:00,debit,Swiggy,Food,2101,Success,0,299226
4415,A014,2024-03-24 10:25:00,debit,Amazon,Shopping,9591,Success,0,25960
4416,A094,2024-03-25 19:09:00,debit,Netflix,Entertainment,1502,Success,0,63012
4417,A165,2024-03-25 00:17:00,debit,Zomato,Food,7749,Success,0,319288
4418,A077,2024-03-25 17:24:00,debit,Zomato,Food,3202,Success,0,238122
4419,A064,2024-03-25 16:53:00,debit,Swiggy,Food,775,Success,0,187860
4420,A125,2024-03-25 05:12:00,debit,BigBasket,Groceries,6812,Success,0,77190
4421,A100,2024-03-25 22:44:00,debit,BigBasket,Groceries,7876,Success,0,7665
4422,A070,2024-03-25 15:23:00,debit,Swiggy,Food,756,Success,0,286743
4423,A003,2024-03-26 23:07:00,debit,Netflix,Entertainment,5406,Success,0,295372
4424,A034,2024-03-26 19:27:00,debit,Amazon,Shopping,12507,Failed,0,316620
4425,A143,2024-03-26 23:01:00,debit,Croma,Electronics,12153,Success,0,-47891
4426,A101,2024-03-26 08:07:00,debit,Netflix,Entertainment,6364,Success,0,332819
4427,A041,2024-03-26 02:12:00,debit,Croma,Electronics,5883,Success,0,219652
4428,A042,2024-03-26 08:55:00,credit,Croma,Electronics,4491,Success,0,251758
4429,A067,2024-03-26 11:29:00,credit,BigBasket,Groceries,4599,Success,0,320852
4430,A192,2024-03-26 08:45:00,debit,Amazon,Shopping,13587,Success,0,806541
4431,A045,2024-03-27 16:03:00,debit,Zomato,Food,2916,Success,0,229432
4432,A192,2024-03-27 05:00:00,debit,Swiggy,Food,19128,Success,0,787413
4433,A100,2024-03-27 08:10:00,credit,Croma,Electronics,3368,Success,0,11033
4434,A014,2024-03-27 20:16:00,debit,Flipkart,Shopping,1777,Success,0,24183
4435,A149,2024-03-27 02:59:00,debit,Netflix,Entertainment,3648,Success,0,295578
4436,A133,2024-03-27 04:43:00,debit,Flipkart,Shopping,562,Success,0,92929
4437,A171,2024-03-27 03:56:00,debit,Zomato,Food,4504,Pending,0,150025
4438,A029,2024-03-27 18:29:00,credit,BigBasket,Groceries,6156,Success,0,138365
4439,A155,2024-03-27 22:13:00,debit,Uber,Transport,7169,Success,0,-43185
4440,A016,2024-03-27 00:44:00,debit,Suspicious Transfer,Fraud,196993,Success,1,84051
4441,A089,2024-03-27 12:13:00,debit,Swiggy,Food,752,Failed,0,442310
4442,A087,2024-03-27 20:06:00,credit,Zomato,Food,2084,Success,0,70069
4443,A099,2024-03-27 19:58:00,debit,Zomato,Food,766,Success,0,-18848
4444,A110,2024-03-27 10:18:00,debit,Uber,Transport,4951,Success,0,125647
4445,A168,2024-03-27 20:25:00,debit,Flipkart,Shopping,6850,Success,0,191505
4446,A125,2024-03-28 13:25:00,debit,Suspicious Transfer,Fraud,142102,Success,1,-64912
4447,A046,2024-03-28 00:36:00,debit,BigBasket,Groceries,7043,Success,0,-73805
4448,A034,2024-03-28 14:36:00,credit,Amazon,Shopping,3807,Success,0,320427
4449,A057,2024-03-28 20:02:00,credit,Netflix,Entertainment,18699,Success,0,1019335
4450,A058,2024-03-28 18:27:00,debit,Zomato,Food,783,Success,0,-47340
4451,A013,2024-03-29 23:53:00,debit,Flipkart,Shopping,6591,Success,0,102758
4452,A031,2024-03-29 05:13:00,credit,BigBasket,Groceries,5878,Success,0,130536
4453,A107,2024-03-29 23:49:00,credit,Flipkart,Shopping,5528,Pending,0,232008
4454,A128,2024-03-29 17:50:00,debit,Flipkart,Shopping,909,Success,0,-72864
4455,A097,2024-03-29 19:37:00,debit,Netflix,Entertainment,3461,Failed,0,205372
4456,A077,2024-03-29 22:49:00,debit,Netflix,Entertainment,643,Success,0,237479
4457,A198,2024-03-29 22:16:00,credit,Amazon,Shopping,2615,Pending,0,120547
4458,A160,2024-03-29 01:39:00,debit,Swiggy,Food,602,Success,0,16885
4459,A102,2024-03-29 08:52:00,debit,Zomato,Food,4626,Success,0,232484
4460,A150,2024-03-29 03:52:00,credit,Netflix,Entertainment,4286,Success,0,141334
4461,A135,2024-03-29 04:10:00,debit,Netflix,Entertainment,7098,Success,0,310180
4462,A043,2024-03-29 23:50:00,debit,Zomato,Food,5401,Success,0,139428
4463,A063,2024-03-30 01:14:00,debit,Zomato,Food,11821,Success,0,217736
4464,A034,2024-03-30 07:47:00,debit,Swiggy,Food,39096,Success,0,281331
4465,A163,2024-03-30 09:27:00,credit,Netflix,Entertainment,3582,Success,0,-60970
4466,A185,2024-03-30 12:36:00,debit,Flipkart,Shopping,9159,Success,0,-2739
4467,A082,2024-03-30 02:53:00,debit,Croma,Electronics,7024,Success,0,242118
4468,A173,2024-03-30 01:21:00,debit,Swiggy,Food,8877,Success,0,501696
4469,A105,2024-03-30 01:11:00,credit,Amazon,Shopping,12451,Success,0,183864
4470,A046,2024-03-30 21:10:00,debit,Uber,Transport,10852,Success,0,-84657
4471,A001,2024-03-30 04:04:00,debit,Croma,Electronics,6329,Success,0,30640
4472,A152,2024-03-30 03:37:00,debit,Zomato,Food,42096,Success,0,1125073
4473,A143,2024-03-31 14:55:00,debit,Zomato,Food,29988,Success,0,-77879
4474,A078,2024-03-31 09:32:00,credit,Amazon,Shopping,8361,Success,0,116215
4475,A038,2024-03-31 10:55:00,debit,Amazon,Shopping,4209,Pending,0,40455
4476,A050,2024-03-31 00:09:00,debit,Amazon,Shopping,5417,Success,0,358222
4477,A185,2024-03-31 03:44:00,credit,Flipkart,Shopping,11628,Success,0,8889
4478,A144,2024-03-31 18:47:00,debit,Netflix,Entertainment,11503,Success,0,372817
4479,A087,2024-03-31 03:05:00,debit,Netflix,Entertainment,9327,Success,0,60742
4480,A192,2024-03-31 08:18:00,debit,Uber,Transport,19515,Success,0,767898
4481,A189,2024-03-31 07:06:00,credit,Suspicious Transfer,Fraud,109992,Success,1,445134
4482,A161,2024-03-31 10:48:00,debit,Uber,Transport,2014,Success,0,583578
4483,A071,2024-03-31 16:19:00,debit,Flipkart,Shopping,8509,Success,0,220393
4484,A147,2024-03-31 20:13:00,debit,Netflix,Entertainment,14265,Success,0,-1704
4485,A123,2024-03-31 16:13:00,debit,Uber,Transport,2997,Pending,0,45982
4486,A125,2024-03-31 03:38:00,debit,Zomato,Food,11519,Success,0,-76431
4487,A105,2024-03-31 05:32:00,debit,Zomato,Food,5162,Success,0,178702
4488,A068,2024-04-01 20:19:00,credit,Salary Deposit,Income,115599,Success,0,491398
4489,A050,2024-04-01 20:43:00,credit,Salary Deposit,Income,51194,Success,0,409416
4490,A105,2024-04-01 08:38:00,credit,Salary Deposit,Income,58401,Pending,0,237103
4491,A126,2024-04-01 11:55:00,credit,Salary Deposit,Income,47981,Success,0,-157085
4492,A036,2024-04-01 06:37:00,credit,Salary Deposit,Income,92321,Success,0,32436
4493,A010,2024-04-01 01:03:00,credit,Salary Deposit,Income,343002,Success,0,778873
4494,A132,2024-04-01 01:03:00,credit,Salary Deposit,Income,64158,Success,0,318683
4495,A070,2024-04-01 20:50:00,credit,Salary Deposit,Income,65258,Success,0,352001
4496,A044,2024-04-01 15:57:00,credit,Salary Deposit,Income,55172,Success,0,230309
4497,A069,2024-04-01 13:29:00,credit,Salary Deposit,Income,342597,Success,0,1006567
4498,A151,2024-04-01 11:21:00,credit,Salary Deposit,Income,103895,Failed,0,337475
4499,A056,2024-04-01 19:12:00,credit,Salary Deposit,Income,93081,Success,0,59195
4500,A062,2024-04-01 15:28:00,credit,Salary Deposit,Income,101142,Failed,0,494614
4501,A136,2024-04-02 19:45:00,credit,Salary Deposit,Income,31012,Success,0,492990
4502,A061,2024-04-02 10:24:00,credit,Salary Deposit,Income,89034,Success,0,263959
4503,A172,2024-04-02 17:13:00,credit,Salary Deposit,Income,106500,Success,0,189422
4504,A146,2024-04-02 11:32:00,credit,Salary Deposit,Income,111491,Success,0,448221
4505,A166,2024-04-02 00:17:00,credit,Salary Deposit,Income,68390,Success,0,712587
4506,A005,2024-04-02 21:49:00,credit,Salary Deposit,Income,179865,Success,0,901042
4507,A145,2024-04-02 03:35:00,credit,Salary Deposit,Income,79304,Success,0,225076
4508,A027,2024-04-03 11:15:00,credit,Salary Deposit,Income,100662,Success,0,100203
4509,A076,2024-04-03 15:14:00,credit,Salary Deposit,Income,87144,Success,0,160745
4510,A200,2024-04-03 04:10:00,credit,Salary Deposit,Income,86719,Success,0,454252
4511,A127,2024-04-03 15:30:00,credit,Salary Deposit,Income,99070,Success,0,479140
4512,A195,2024-04-03 12:06:00,credit,Salary Deposit,Income,57970,Success,0,397781
4513,A085,2024-04-03 14:03:00,credit,Salary Deposit,Income,72746,Success,0,236869
4514,A060,2024-04-03 14:06:00,credit,Salary Deposit,Income,74974,Success,0,321127
4515,A033,2024-04-03 03:10:00,credit,Salary Deposit,Income,40511,Success,0,308685
4516,A163,2024-04-03 22:49:00,credit,Salary Deposit,Income,88189,Success,0,27219
4517,A190,2024-04-03 19:01:00,credit,Salary Deposit,Income,117068,Success,0,356707
4518,A047,2024-04-04 01:01:00,credit,Salary Deposit,Income,41172,Pending,0,443249
4519,A043,2024-04-04 17:57:00,credit,Salary Deposit,Income,65859,Success,0,205287
4520,A200,2024-04-04 01:12:00,credit,Salary Deposit,Income,44363,Success,0,498615
4521,A135,2024-04-04 19:48:00,credit,Salary Deposit,Income,47537,Success,0,357717
4522,A183,2024-04-04 20:43:00,credit,Salary Deposit,Income,36952,Success,0,158234
4523,A138,2024-04-04 02:43:00,credit,Salary Deposit,Income,113336,Success,0,50381
4524,A076,2024-04-04 17:37:00,credit,Salary Deposit,Income,73622,Success,0,234367
4525,A030,2024-04-04 01:55:00,credit,Salary Deposit,Income,104745,Success,0,-97542
4526,A062,2024-04-04 15:27:00,credit,Salary Deposit,Income,60102,Success,0,554716
4527,A086,2024-04-04 01:18:00,credit,Salary Deposit,Income,85725,Success,0,143623
4528,A153,2024-04-04 01:17:00,credit,Salary Deposit,Income,64430,Success,0,191672
4529,A181,2024-04-05 06:47:00,credit,Salary Deposit,Income,110894,Success,0,197840
4530,A027,2024-04-05 05:36:00,credit,Salary Deposit,Income,46821,Success,0,147024
4531,A193,2024-04-05 02:53:00,credit,Salary Deposit,Income,59068,Success,0,540140
4532,A104,2024-04-05 18:40:00,credit,Salary Deposit,Income,94177,Success,0,225742
4533,A037,2024-04-05 02:55:00,credit,Salary Deposit,Income,116040,Success,0,215855
4534,A064,2024-04-05 09:24:00,credit,Salary Deposit,Income,99633,Success,0,287493
4535,A090,2024-04-05 21:10:00,credit,Salary Deposit,Income,71445,Success,0,583070
4536,A179,2024-04-05 13:47:00,credit,Salary Deposit,Income,352932,Success,0,477827
4537,A051,2024-04-05 21:37:00,credit,Salary Deposit,Income,70861,Failed,0,229431
4538,A125,2024-04-06 20:11:00,credit,BigBasket,Groceries,7616,Success,0,-68815
4539,A052,2024-04-06 23:37:00,debit,Uber,Transport,13125,Success,0,180689
4540,A121,2024-04-06 05:48:00,debit,Flipkart,Shopping,11641,Success,0,81012
4541,A026,2024-04-06 01:54:00,debit,Croma,Electronics,10490,Success,0,87872
4542,A159,2024-04-06 13:45:00,debit,Amazon,Shopping,7183,Success,0,230900
4543,A123,2024-04-06 10:00:00,credit,Amazon,Shopping,1410,Success,0,47392
4544,A076,2024-04-06 10:54:00,debit,Netflix,Entertainment,3972,Success,0,230395
4545,A074,2024-04-06 09:52:00,debit,Uber,Transport,13412,Pending,0,266217
4546,A107,2024-04-06 09:04:00,debit,Amazon,Shopping,1436,Success,0,230572
4547,A078,2024-04-06 05:40:00,debit,Croma,Electronics,8297,Success,0,107918
4548,A068,2024-04-06 13:14:00,credit,Uber,Transport,2954,Success,0,494352
4549,A035,2024-04-06 01:18:00,debit,Uber,Transport,1425,Success,0,77605
4550,A118,2024-04-06 22:46:00,debit,Croma,Electronics,8101,Success,0,189924
4551,A130,2024-04-07 06:38:00,debit,BigBasket,Groceries,3117,Success,0,184850
4552,A068,2024-04-07 21:47:00,credit,Amazon,Shopping,11461,Success,0,505813
4553,A144,2024-04-07 09:33:00,credit,Flipkart,Shopping,14935,Success,0,387752
4554,A191,2024-04-07 18:30:00,debit,Croma,Electronics,9293,Success,0,122147
4555,A041,2024-04-07 06:53:00,debit,Zomato,Food,13008,Success,0,206644
4556,A088,2024-04-07 08:28:00,debit,Netflix,Entertainment,10523,Success,0,511610
4557,A147,2024-04-07 18:29:00,credit,Amazon,Shopping,2995,Success,0,1291
4558,A068,2024-04-07 17:20:00,credit,Netflix,Entertainment,6127,Success,0,511940
4559,A048,2024-04-07 03:02:00,debit,Uber,Transport,7560,Success,0,74693
4560,A137,2024-04-07 00:28:00,credit,Swiggy,Food,13651,Success,0,207459
4561,A174,2024-04-07 15:16:00,debit,Zomato,Food,3824,Success,0,199959
4562,A160,2024-04-07 09:11:00,credit,Flipkart,Shopping,8034,Success,0,24919
4563,A042,2024-04-07 17:19:00,debit,Flipkart,Shopping,11908,Success,0,239850
4564,A183,2024-04-07 04:38:00,debit,Amazon,Shopping,7323,Success,0,150911
4565,A102,2024-04-08 04:54:00,debit,Croma,Electronics,4072,Success,0,228412
4566,A151,2024-04-08 02:35:00,credit,Croma,Electronics,4394,Success,0,341869
4567,A077,2024-04-08 18:45:00,debit,BigBasket,Groceries,6436,Success,0,231043
4568,A200,2024-04-08 05:17:00,debit,Swiggy,Food,5299,Success,0,493316
4569,A193,2024-04-08 02:51:00,debit,Amazon,Shopping,226,Success,0,539914
4570,A008,2024-04-08 23:31:00,debit,Netflix,Entertainment,2064,Success,0,218893
4571,A098,2024-04-09 10:24:00,credit,Swiggy,Food,4131,Success,0,100415
4572,A191,2024-04-09 01:13:00,debit,Amazon,Shopping,3566,Success,0,118581
4573,A102,2024-04-09 14:10:00,debit,Uber,Transport,337,Success,0,228075
4574,A058,2024-04-09 13:20:00,debit,Amazon,Shopping,1112,Success,0,-48452
4575,A121,2024-04-09 21:21:00,debit,Flipkart,Shopping,3872,Success,0,77140
4576,A040,2024-04-09 02:15:00,debit,BigBasket,Groceries,11421,Success,0,227124
4577,A002,2024-04-09 00:20:00,debit,Amazon,Shopping,5504,Success,0,81851
4578,A067,2024-04-09 05:16:00,debit,BigBasket,Groceries,4883,Success,0,315969
4579,A156,2024-04-09 18:01:00,debit,Suspicious Transfer,Fraud,65037,Success,1,45591
4580,A095,2024-04-09 06:07:00,debit,Swiggy,Food,6727,Success,0,141922
4581,A076,2024-04-09 02:18:00,debit,Swiggy,Food,4948,Success,0,225447
4582,A043,2024-04-09 15:26:00,debit,Amazon,Shopping,4445,Success,0,200842
4583,A133,2024-04-09 01:40:00,debit,Croma,Electronics,6678,Success,0,86251
4584,A013,2024-04-10 04:42:00,debit,Amazon,Shopping,5971,Success,0,96787
4585,A090,2024-04-10 05:06:00,debit,Netflix,Entertainment,7829,Success,0,575241
4586,A181,2024-04-10 03:34:00,debit,Flipkart,Shopping,1722,Success,0,196118
4587,A164,2024-04-10 13:13:00,debit,Netflix,Entertainment,7341,Success,0,286430
4588,A014,2024-04-10 15:39:00,debit,Zomato,Food,1139,Success,0,23044
4589,A163,2024-04-10 09:24:00,credit,Netflix,Entertainment,6570,Success,0,33789
4590,A082,2024-04-10 21:32:00,debit,BigBasket,Groceries,3882,Success,0,238236
4591,A137,2024-04-10 15:10:00,debit,Uber,Transport,4716,Pending,0,202743
4592,A058,2024-04-10 19:52:00,debit,BigBasket,Groceries,3527,Success,0,-51979
4593,A142,2024-04-10 14:55:00,credit,Flipkart,Shopping,5418,Success,0,14522
4594,A164,2024-04-10 02:47:00,debit,Amazon,Shopping,3140,Success,0,283290
4595,A077,2024-04-10 23:41:00,credit,Swiggy,Food,310,Success,0,231353
4596,A127,2024-04-10 14:13:00,debit,Netflix,Entertainment,3182,Success,0,475958
4597,A093,2024-04-10 22:34:00,debit,Flipkart,Shopping,3492,Success,0,213657
4598,A017,2024-04-10 06:57:00,credit,Amazon,Shopping,3127,Success,0,302286
4599,A079,2024-04-11 15:51:00,debit,Suspicious Transfer,Fraud,192754,Failed,1,271714
4600,A189,2024-04-11 23:53:00,debit,BigBasket,Groceries,6364,Success,0,438770
4601,A173,2024-04-11 08:27:00,debit,Uber,Transport,6810,Pending,0,494886
4602,A159,2024-04-11 23:31:00,debit,Netflix,Entertainment,2068,Success,0,228832
4603,A077,2024-04-11 08:10:00,debit,BigBasket,Groceries,2248,Success,0,229105
4604,A190,2024-04-11 11:18:00,debit,Uber,Transport,6032,Success,0,350675
4605,A111,2024-04-11 16:52:00,debit,Amazon,Shopping,4216,Success,0,312099
4606,A092,2024-04-11 03:00:00,credit,Netflix,Entertainment,6559,Success,0,187303
4607,A011,2024-04-11 16:48:00,debit,Swiggy,Food,1431,Success,0,292277
4608,A199,2024-04-11 01:54:00,debit,Netflix,Entertainment,2678,Success,0,197938
4609,A049,2024-04-11 04:48:00,debit,Amazon,Shopping,4181,Success,0,369748
4610,A126,2024-04-11 18:10:00,debit,Amazon,Shopping,3226,Success,0,-160311
4611,A142,2024-04-12 06:49:00,debit,Amazon,Shopping,6397,Success,0,8125
4612,A086,2024-04-12 16:05:00,debit,Croma,Electronics,6535,Success,0,137088
4613,A100,2024-04-12 01:00:00,debit,BigBasket,Groceries,4439,Success,0,6594
4614,A128,2024-04-12 03:59:00,debit,Zomato,Food,6029,Success,0,-78893
4615,A172,2024-04-12 18:59:00,credit,Croma,Electronics,1016,Success,0,190438
4616,A052,2024-04-12 13:19:00,credit,Flipkart,Shopping,5913,Success,0,186602
4617,A190,2024-04-12 11:43:00,debit,Uber,Transport,3703,Success,0,346972
4618,A160,2024-04-12 01:58:00,debit,Croma,Electronics,6905,Success,0,18014
4619,A195,2024-04-12 06:09:00,debit,Zomato,Food,4993,Success,0,392788
4620,A182,2024-04-12 13:57:00,debit,BigBasket,Groceries,6297,Success,0,-81433
4621,A101,2024-04-12 10:13:00,debit,Croma,Electronics,7614,Success,0,325205
4622,A072,2024-04-13 14:49:00,debit,Netflix,Entertainment,8282,Success,0,63553
4623,A155,2024-04-13 22:48:00,debit,Uber,Transport,12744,Success,0,-55929
4624,A124,2024-04-13 01:37:00,credit,Uber,Transport,7515,Failed,0,74056
4625,A121,2024-04-13 11:01:00,credit,Amazon,Shopping,11498,Success,0,88638
4626,A180,2024-04-13 09:36:00,debit,Swiggy,Food,11692,Success,0,400689
4627,A143,2024-04-13 08:53:00,debit,Netflix,Entertainment,41103,Success,0,-118982
4628,A056,2024-04-14 23:57:00,debit,Suspicious Transfer,Fraud,142961,Success,1,-83766
4629,A165,2024-04-14 18:10:00,credit,Uber,Transport,13831,Success,0,333119
4630,A124,2024-04-14 05:27:00,debit,Swiggy,Food,2503,Failed,0,71553
4631,A131,2024-04-14 02:36:00,credit,BigBasket,Groceries,9066,Success,0,754938
4632,A035,2024-04-14 22:42:00,credit,Swiggy,Food,4495,Success,0,82100
4633,A116,2024-04-14 11:26:00,credit,Uber,Transport,3600,Success,0,481791
4634,A045,2024-04-14 20:04:00,debit,Uber,Transport,4992,Success,0,224440
4635,A097,2024-04-14 13:54:00,debit,Swiggy,Food,8597,Failed,0,196775
4636,A184,2024-04-15 23:11:00,debit,Flipkart,Shopping,7161,Success,0,171116
4637,A147,2024-04-15 05:56:00,debit,Amazon,Shopping,1199,Pending,0,92
4638,A056,2024-04-15 05:01:00,debit,Netflix,Entertainment,1599,Success,0,-85365
4639,A011,2024-04-15 21:58:00,debit,Flipkart,Shopping,2446,Success,0,289831
4640,A072,2024-04-15 15:51:00,debit,BigBasket,Groceries,6164,Success,0,57389
4641,A177,2024-04-16 06:28:00,credit,Zomato,Food,7919,Success,0,230905
4642,A199,2024-04-16 22:31:00,debit,BigBasket,Groceries,1924,Success,0,196014
4643,A149,2024-04-16 20:20:00,debit,Zomato,Food,3715,Success,0,291863
4644,A159,2024-04-16 10:55:00,debit,Croma,Electronics,7613,Success,0,221219
4645,A178,2024-04-16 09:15:00,debit,Croma,Electronics,1112,Success,0,305267
4646,A041,2024-04-16 13:56:00,debit,Netflix,Entertainment,5028,Failed,0,201616
4647,A121,2024-04-16 02:25:00,debit,Croma,Electronics,211,Success,0,88427
4648,A034,2024-04-16 11:58:00,debit,Flipkart,Shopping,23385,Success,0,257946
4649,A084,2024-04-17 07:33:00,debit,Croma,Electronics,6019,Success,0,285932
4650,A198,2024-04-17 01:04:00,debit,Swiggy,Food,911,Success,0,119636
4651,A135,2024-04-17 03:05:00,debit,Flipkart,Shopping,2061,Success,0,355656
4652,A048,2024-04-17 20:59:00,debit,Uber,Transport,6091,Success,0,68602
4653,A096,2024-04-17 12:23:00,credit,Zomato,Food,3509,Success,0,449632
4654,A018,2024-04-17 23:05:00,debit,Swiggy,Food,1899,Success,0,417369
4655,A068,2024-04-18 08:12:00,debit,Croma,Electronics,1103,Success,0,510837
4656,A030,2024-04-18 06:26:00,debit,Croma,Electronics,4396,Success,0,-101938
4657,A186,2024-04-18 04:00:00,debit,Swiggy,Food,17985,Success,0,1552784
4658,A051,2024-04-18 13:28:00,debit,Zomato,Food,1008,Success,0,228423
4659,A004,2024-04-18 18:01:00,debit,Zomato,Food,4134,Success,0,263413
4660,A156,2024-04-19 08:33:00,debit,Netflix,Entertainment,6839,Success,0,38752
4661,A003,2024-04-19 11:57:00,debit,Netflix,Entertainment,7738,Success,0,287634
4662,A052,2024-04-19 23:12:00,debit,Netflix,Entertainment,7968,Pending,0,178634
4663,A089,2024-04-19 15:31:00,debit,Croma,Electronics,4821,Success,0,437489
4664,A198,2024-04-19 20:12:00,credit,Swiggy,Food,7154,Success,0,126790
4665,A129,2024-04-20 14:23:00,debit,Swiggy,Food,1980,Success,0,229998
4666,A152,2024-04-20 08:54:00,debit,Flipkart,Shopping,14448,Success,0,1110625
4667,A184,2024-04-20 06:10:00,credit,Uber,Transport,1705,Pending,0,172821
4668,A137,2024-04-20 03:49:00,debit,BigBasket,Groceries,14085,Success,0,188658
4669,A139,2024-04-20 19:25:00,debit,Netflix,Entertainment,9181,Success,0,406395
4670,A145,2024-04-20 05:41:00,debit,Uber,Transport,2094,Pending,0,222982
4671,A118,2024-04-21 20:40:00,debit,BigBasket,Groceries,7563,Success,0,182361
4672,A116,2024-04-21 18:41:00,debit,Croma,Electronics,14897,Success,0,466894
4673,A077,2024-04-21 16:50:00,debit,Uber,Transport,3018,Success,0,226087
4674,A183,2024-04-21 01:17:00,debit,Flipkart,Shopping,13266,Success,0,137645
4675,A114,2024-04-21 08:11:00,debit,Amazon,Shopping,1864,Success,0,386409
4676,A001,2024-04-21 16:25:00,debit,Zomato,Food,8155,Success,0,22485
4677,A119,2024-04-21 04:44:00,debit,BigBasket,Groceries,1594,Success,0,239486
4678,A149,2024-04-21 05:52:00,credit,Croma,Electronics,9964,Success,0,301827
4679,A089,2024-04-21 17:59:00,credit,Amazon,Shopping,11344,Pending,0,448833
4680,A092,2024-04-21 19:30:00,debit,Swiggy,Food,10285,Success,0,177018
4681,A149,2024-04-22 01:33:00,credit,Netflix,Entertainment,6288,Success,0,308115
4682,A189,2024-04-22 05:57:00,debit,BigBasket,Groceries,7504,Success,0,431266
4683,A200,2024-04-22 12:47:00,credit,Netflix,Entertainment,4864,Success,0,498180
4684,A086,2024-04-22 22:40:00,debit,Flipkart,Shopping,4493,Failed,0,132595
4685,A034,2024-04-22 12:45:00,debit,Netflix,Entertainment,12738,Success,0,245208
4686,A128,2024-04-22 05:41:00,debit,Uber,Transport,7626,Success,0,-86519
4687,A117,2024-04-22 11:59:00,debit,Swiggy,Food,2930,Success,0,394265
4688,A015,2024-04-22 04:03:00,debit,Swiggy,Food,412,Success,0,296482
4689,A088,2024-04-23 01:37:00,debit,Swiggy,Food,1440,Success,0,510170
4690,A159,2024-04-23 15:12:00,debit,Swiggy,Food,1973,Success,0,219246
4691,A118,2024-04-23 12:25:00,credit,BigBasket,Groceries,5350,Success,0,187711
4692,A009,2024-04-23 15:27:00,debit,Uber,Transport,706,Success,0,17071
4693,A112,2024-04-23 13:38:00,debit,Croma,Electronics,5170,Success,0,214058
4694,A047,2024-04-23 20:45:00,debit,Zomato,Food,7291,Success,0,435958
4695,A163,2024-04-23 14:42:00,debit,Amazon,Shopping,1166,Success,0,32623
4696,A091,2024-04-24 05:31:00,debit,Flipkart,Shopping,4945,Failed,0,211975
4697,A166,2024-04-24 12:12:00,credit,Zomato,Food,2130,Success,0,714717
4698,A165,2024-04-24 18:07:00,debit,Croma,Electronics,2914,Failed,0,330205
4699,A053,2024-04-24 16:07:00,debit,Zomato,Food,5726,Success,0,-73739
4700,A147,2024-04-24 10:07:00,debit,Netflix,Entertainment,7181,Success,0,-7089
4701,A047,2024-04-24 20:44:00,debit,Swiggy,Food,5483,Success,0,430475
4702,A079,2024-04-24 23:55:00,debit,Swiggy,Food,1403,Success,0,270311
4703,A062,2024-04-24 21:08:00,debit,Amazon,Shopping,3283,Success,0,551433
4704,A118,2024-04-24 03:41:00,debit,Netflix,Entertainment,4524,Success,0,183187
4705,A037,2024-04-25 22:07:00,debit,Uber,Transport,1235,Pending,0,214620
4706,A059,2024-04-25 11:19:00,credit,Uber,Transport,6163,Success,0,270027
4707,A162,2024-04-25 17:06:00,debit,Netflix,Entertainment,7242,Pending,0,-117014
4708,A188,2024-04-25 05:13:00,debit,Netflix,Entertainment,1787,Success,0,313215
4709,A185,2024-04-25 23:09:00,debit,Netflix,Entertainment,7319,Success,0,1570
4710,A080,2024-04-25 00:46:00,credit,Croma,Electronics,7671,Success,0,167517
4711,A033,2024-04-26 14:58:00,debit,Netflix,Entertainment,6493,Success,0,302192
4712,A198,2024-04-26 23:27:00,debit,Swiggy,Food,5420,Success,0,121370
4713,A016,2024-04-26 06:46:00,debit,Flipkart,Shopping,6007,Success,0,78044
4714,A159,2024-04-26 04:38:00,debit,Swiggy,Food,5670,Success,0,213576
4715,A125,2024-04-26 10:29:00,debit,Croma,Electronics,7577,Success,0,-76392
4716,A188,2024-04-26 19:57:00,debit,Flipkart,Shopping,7781,Success,0,305434
4717,A019,2024-04-26 22:40:00,debit,Netflix,Entertainment,6388,Success,0,294135
4718,A189,2024-04-26 23:21:00,debit,Swiggy,Food,1007,Success,0,430259
4719,A194,2024-04-26 04:08:00,credit,Flipkart,Shopping,1227,Success,0,-61504
4720,A184,2024-04-26 02:56:00,debit,Flipkart,Shopping,4660,Success,0,168161
4721,A127,2024-04-26 08:41:00,debit,Croma,Electronics,6850,Success,0,469108
4722,A197,2024-04-26 22:14:00,debit,Amazon,Shopping,3596,Pending,0,170251
4723,A091,2024-04-26 02:12:00,credit,Flipkart,Shopping,986,Success,0,212961
4724,A023,2024-04-26 15:59:00,debit,Croma,Electronics,7155,Success,0,237228
4725,A050,2024-04-26 06:12:00,debit,Netflix,Entertainment,2984,Success,0,406432
4726,A159,2024-04-27 23:28:00,credit,Netflix,Entertainment,1585,Success,0,215161
4727,A181,2024-04-27 00:24:00,debit,Swiggy,Food,10972,Success,0,185146
4728,A167,2024-04-27 00:18:00,debit,Zomato,Food,9718,Success,0,72712
4729,A010,2024-04-27 17:50:00,debit,Flipkart,Shopping,4599,Success,0,774274
4730,A062,2024-04-27 18:00:00,credit,Amazon,Shopping,11290,Success,0,562723
4731,A040,2024-04-27 12:15:00,debit,Swiggy,Food,28290,Success,0,198834
4732,A145,2024-04-27 00:29:00,debit,Croma,Electronics,4667,Success,0,218315
4733,A162,2024-04-27 00:35:00,credit,Zomato,Food,8959,Success,0,-108055
4734,A002,2024-04-27 11:13:00,debit,BigBasket,Groceries,2766,Success,0,79085
4735,A073,2024-04-27 11:43:00,debit,BigBasket,Groceries,12173,Success,0,-55219
4736,A086,2024-04-27 06:18:00,debit,BigBasket,Groceries,4835,Success,0,127760
4737,A139,2024-04-27 09:53:00,debit,Amazon,Shopping,2873,Success,0,403522
4738,A187,2024-04-27 02:26:00,credit,Swiggy,Food,7141,Success,0,11885
4739,A022,2024-04-27 05:16:00,debit,Swiggy,Food,3171,Success,0,154582
4740,A118,2024-04-27 06:22:00,debit,Netflix,Entertainment,8358,Success,0,174829
4741,A178,2024-04-28 13:00:00,debit,Flipkart,Shopping,4532,Success,0,300735
4742,A015,2024-04-28 14:09:00,debit,BigBasket,Groceries,8971,Success,0,287511
4743,A066,2024-04-28 23:29:00,debit,Swiggy,Food,3601,Success,0,248412
4744,A115,2024-04-28 03:06:00,debit,Croma,Electronics,9459,Success,0,381144
4745,A141,2024-04-28 09:01:00,debit,Flipkart,Shopping,9586,Success,0,332528
4746,A027,2024-04-28 21:19:00,credit,Zomato,Food,13512,Success,0,160536
4747,A105,2024-04-28 07:41:00,credit,Amazon,Shopping,2516,Success,0,239619
4748,A058,2024-04-28 17:59:00,credit,Croma,Electronics,5678,Failed,0,-46301
4749,A147,2024-04-28 11:05:00,debit,Uber,Transport,1995,Success,0,-9084
4750,A128,2024-04-28 20:42:00,debit,BigBasket,Groceries,13806,Success,0,-100325
4751,A024,2024-04-28 08:05:00,debit,Flipkart,Shopping,28350,Success,0,228637
4752,A101,2024-04-28 02:36:00,debit,Zomato,Food,6970,Success,0,318235
4753,A048,2024-04-28 07:29:00,debit,Croma,Electronics,13841,Success,0,54761
4754,A039,2024-04-28 18:55:00,debit,Netflix,Entertainment,13309,Success,0,209094
4755,A175,2024-04-29 05:00:00,credit,Uber,Transport,3504,Success,0,68452
4756,A198,2024-04-29 06:33:00,credit,Uber,Transport,2651,Failed,0,124021
4757,A037,2024-04-29 16:50:00,debit,Zomato,Food,6721,Success,0,207899
4758,A051,2024-04-29 05:49:00,debit,BigBasket,Groceries,252,Success,0,228171
4759,A147,2024-04-29 19:37:00,debit,Croma,Electronics,7169,Success,0,-16253
4760,A135,2024-04-29 10:05:00,debit,Netflix,Entertainment,2897,Success,0,352759
4761,A164,2024-04-29 09:39:00,debit,Zomato,Food,5346,Success,0,277944
4762,A196,2024-04-29 22:17:00,debit,Flipkart,Shopping,7990,Success,0,304546
4763,A067,2024-04-29 20:56:00,debit,Flipkart,Shopping,2435,Success,0,313534
4764,A055,2024-04-30 11:28:00,debit,Flipkart,Shopping,5421,Success,0,-136678
4765,A076,2024-04-30 09:13:00,debit,Suspicious Transfer,Fraud,138018,Success,1,87429
4766,A188,2024-04-30 13:42:00,debit,Swiggy,Food,5881,Pending,0,299553
4767,A123,2024-04-30 15:04:00,debit,Amazon,Shopping,2135,Failed,0,45257
4768,A003,2024-04-30 04:15:00,debit,Zomato,Food,1186,Success,0,286448
4769,A025,2024-04-30 14:41:00,debit,Croma,Electronics,827,Success,0,349153
4770,A166,2024-04-30 00:02:00,debit,Zomato,Food,7780,Success,0,706937
4771,A047,2024-04-30 17:30:00,debit,Flipkart,Shopping,6106,Success,0,424369
4772,A001,2024-04-30 12:28:00,debit,Uber,Transport,4192,Success,0,18293
4773,A021,2024-04-30 00:03:00,debit,Zomato,Food,4384,Success,0,237674
4774,A023,2024-04-30 05:15:00,debit,BigBasket,Groceries,5891,Success,0,231337
4775,A058,2024-04-30 08:42:00,debit,Flipkart,Shopping,3052,Success,0,-49353
4776,A071,2024-04-30 05:14:00,debit,Swiggy,Food,3088,Success,0,217305
4777,A087,2024-05-01 14:15:00,credit,Salary Deposit,Income,33626,Success,0,94368
4778,A161,2024-05-01 09:39:00,credit,Salary Deposit,Income,79055,Success,0,662633
4779,A062,2024-05-01 07:25:00,credit,Salary Deposit,Income,73892,Success,0,636615
4780,A200,2024-05-01 06:04:00,credit,Salary Deposit,Income,95978,Success,0,594158
4781,A047,2024-05-01 09:46:00,credit,Salary Deposit,Income,106299,Success,0,530668
4782,A183,2024-05-02 15:52:00,credit,Salary Deposit,Income,42589,Success,0,180234
4783,A088,2024-05-02 17:12:00,credit,Salary Deposit,Income,45341,Success,0,555511
4784,A127,2024-05-02 12:05:00,credit,Salary Deposit,Income,75477,Success,0,544585
4785,A059,2024-05-02 07:08:00,credit,Salary Deposit,Income,33087,Failed,0,303114
4786,A047,2024-05-02 05:22:00,credit,Salary Deposit,Income,72799,Success,0,603467
4787,A100,2024-05-02 20:38:00,credit,Salary Deposit,Income,75949,Success,0,82543
4788,A197,2024-05-02 10:05:00,credit,Salary Deposit,Income,113746,Success,0,283997
4789,A172,2024-05-02 23:29:00,credit,Salary Deposit,Income,51315,Success,0,241753
4790,A103,2024-05-02 02:11:00,credit,Salary Deposit,Income,246513,Pending,0,598980
4791,A174,2024-05-03 11:22:00,credit,Salary Deposit,Income,69446,Success,0,269405
4792,A118,2024-05-03 07:02:00,credit,Salary Deposit,Income,102496,Success,0,277325
4793,A088,2024-05-03 10:18:00,credit,Salary Deposit,Income,69064,Success,0,624575
4794,A033,2024-05-03 13:46:00,credit,Salary Deposit,Income,115736,Success,0,417928
4795,A163,2024-05-03 05:37:00,credit,Salary Deposit,Income,119194,Success,0,151817
4796,A110,2024-05-03 02:26:00,credit,Salary Deposit,Income,115463,Success,0,241110
4797,A180,2024-05-03 12:07:00,credit,Salary Deposit,Income,107477,Success,0,508166
4798,A078,2024-05-03 01:03:00,credit,Salary Deposit,Income,71126,Success,0,179044
4799,A111,2024-05-03 16:44:00,credit,Salary Deposit,Income,51635,Failed,0,363734
4800,A038,2024-05-03 22:19:00,credit,Salary Deposit,Income,96502,Success,0,136957
4801,A105,2024-05-03 08:22:00,credit,Salary Deposit,Income,113966,Success,0,353585
4802,A150,2024-05-03 16:56:00,credit,Salary Deposit,Income,82289,Success,0,223623
4803,A188,2024-05-03 18:07:00,credit,Salary Deposit,Income,83399,Success,0,382952
4804,A053,2024-05-03 13:20:00,credit,Salary Deposit,Income,31609,Success,0,-42130
4805,A144,2024-05-04 08:02:00,credit,Salary Deposit,Income,77920,Success,0,465672
4806,A177,2024-05-04 13:23:00,credit,Salary Deposit,Income,56274,Success,0,287179
4807,A164,2024-05-04 23:36:00,credit,Salary Deposit,Income,55489,Success,0,333433
4808,A148,2024-05-04 12:22:00,credit,Salary Deposit,Income,60975,Success,0,447750
4809,A066,2024-05-04 13:15:00,credit,Salary Deposit,Income,105100,Success,0,353512
4810,A028,2024-05-04 10:09:00,credit,Salary Deposit,Income,49902,Success,0,467362
4811,A115,2024-05-04 04:05:00,credit,Salary Deposit,Income,40285,Success,0,421429
4812,A135,2024-05-04 03:02:00,credit,Salary Deposit,Income,70787,Success,0,423546
4813,A144,2024-05-04 09:03:00,credit,Salary Deposit,Income,114216,Pending,0,579888
4814,A006,2024-05-05 03:15:00,credit,Salary Deposit,Income,59796,Success,0,346246
4815,A102,2024-05-05 14:15:00,credit,Salary Deposit,Income,93733,Success,0,321808
4816,A109,2024-05-05 15:59:00,credit,Salary Deposit,Income,78993,Success,0,598287
4817,A021,2024-05-05 19:32:00,credit,Salary Deposit,Income,54426,Success,0,292100
4818,A051,2024-05-05 06:59:00,credit,Salary Deposit,Income,31056,Success,0,259227
4819,A151,2024-05-05 20:15:00,credit,Salary Deposit,Income,56380,Success,0,398249
4820,A158,2024-05-05 15:47:00,credit,Salary Deposit,Income,101857,Success,0,352480
4821,A124,2024-05-05 07:36:00,credit,Salary Deposit,Income,115304,Success,0,186857
4822,A125,2024-05-05 15:45:00,credit,Salary Deposit,Income,104412,Success,0,28020
4823,A077,2024-05-06 03:35:00,debit,Flipkart,Shopping,2953,Success,0,223134
4824,A191,2024-05-06 12:09:00,credit,Zomato,Food,5543,Success,0,124124
4825,A089,2024-05-06 18:38:00,debit,Flipkart,Shopping,4214,Failed,0,444619
4826,A171,2024-05-06 19:03:00,debit,Croma,Electronics,4937,Success,0,145088
4827,A114,2024-05-06 02:55:00,debit,Netflix,Entertainment,6707,Success,0,379702
4828,A001,2024-05-06 23:03:00,debit,Amazon,Shopping,3493,Success,0,14800
4829,A155,2024-05-06 19:21:00,debit,Zomato,Food,2048,Success,0,-57977
4830,A104,2024-05-06 05:11:00,debit,Uber,Transport,6067,Success,0,219675
4831,A092,2024-05-06 19:37:00,debit,Croma,Electronics,7091,Success,0,169927
4832,A061,2024-05-07 11:40:00,credit,Zomato,Food,6427,Success,0,270386
4833,A030,2024-05-07 12:18:00,debit,Netflix,Entertainment,7829,Success,0,-109767
4834,A119,2024-05-07 17:29:00,debit,BigBasket,Groceries,4760,Success,0,234726
4835,A174,2024-05-07 12:49:00,debit,Swiggy,Food,5423,Success,0,263982
4836,A048,2024-05-07 11:47:00,credit,Netflix,Entertainment,4690,Failed,0,59451
4837,A146,2024-05-07 16:09:00,debit,Flipkart,Shopping,1502,Pending,0,446719
4838,A053,2024-05-07 07:59:00,debit,BigBasket,Groceries,4047,Success,0,-46177
4839,A035,2024-05-07 13:59:00,debit,Zomato,Food,6790,Success,0,75310
4840,A154,2024-05-08 01:57:00,debit,Netflix,Entertainment,2869,Success,0,95805
4841,A178,2024-05-08 13:08:00,debit,Croma,Electronics,439,Success,0,300296
4842,A003,2024-05-08 04:03:00,debit,BigBasket,Groceries,6318,Success,0,280130
4843,A168,2024-05-08 07:38:00,debit,Netflix,Entertainment,6930,Success,0,184575
4844,A186,2024-05-08 15:22:00,credit,Uber,Transport,9720,Success,0,1562504
4845,A139,2024-05-08 04:30:00,debit,Swiggy,Food,3100,Pending,0,400422
4846,A022,2024-05-09 15:20:00,debit,Amazon,Shopping,5208,Success,0,149374
4847,A052,2024-05-09 04:52:00,debit,Swiggy,Food,7236,Success,0,171398
4848,A135,2024-05-09 07:35:00,debit,Croma,Electronics,6843,Success,0,416703
4849,A094,2024-05-09 00:51:00,debit,Zomato,Food,505,Success,0,62507
4850,A114,2024-05-09 01:52:00,debit,Netflix,Entertainment,3863,Success,0,375839
4851,A166,2024-05-09 06:19:00,debit,Netflix,Entertainment,4793,Success,0,702144
4852,A190,2024-05-09 21:53:00,debit,Swiggy,Food,1676,Success,0,345296
4853,A053,2024-05-09 23:43:00,credit,Zomato,Food,1547,Success,0,-44630
4854,A012,2024-05-09 22:54:00,debit,Uber,Transport,7075,Success,0,55463
4855,A049,2024-05-09 19:30:00,debit,BigBasket,Groceries,1076,Success,0,368672
4856,A120,2024-05-09 20:03:00,debit,Netflix,Entertainment,660,Success,0,218593
4857,A087,2024-05-09 18:20:00,credit,Netflix,Entertainment,389,Success,0,94757
4858,A103,2024-05-09 11:41:00,debit,Swiggy,Food,17619,Success,0,581361
4859,A035,2024-05-10 16:35:00,debit,Uber,Transport,3775,Success,0,71535
4860,A063,2024-05-10 07:01:00,debit,Zomato,Food,7512,Success,0,210224
4861,A173,2024-05-10 17:08:00,debit,BigBasket,Groceries,6011,Success,0,488875
4862,A046,2024-05-10 18:47:00,debit,Croma,Electronics,2761,Success,0,-87418
4863,A176,2024-05-10 22:29:00,debit,Amazon,Shopping,1440,Success,0,-1103
4864,A187,2024-05-10 00:14:00,debit,Swiggy,Food,1764,Success,0,10121
4865,A142,2024-05-10 03:14:00,credit,Croma,Electronics,3352,Success,0,11477
4866,A037,2024-05-11 05:06:00,debit,Amazon,Shopping,13509,Success,0,194390
4867,A182,2024-05-11 19:17:00,debit,Zomato,Food,12306,Success,0,-93739
4868,A135,2024-05-11 08:17:00,debit,Flipkart,Shopping,6229,Success,0,410474
4869,A021,2024-05-11 21:57:00,debit,BigBasket,Groceries,11203,Success,0,280897
4870,A089,2024-05-11 01:59:00,debit,Zomato,Food,8955,Success,0,435664
4871,A152,2024-05-11 08:47:00,debit,Swiggy,Food,9975,Success,0,1100650
4872,A051,2024-05-11 00:59:00,debit,Netflix,Entertainment,10203,Success,0,249024
4873,A087,2024-05-11 14:02:00,debit,Flipkart,Shopping,1124,Success,0,93633
4874,A037,2024-05-12 04:23:00,credit,Flipkart,Shopping,8838,Success,0,203228
4875,A127,2024-05-12 16:00:00,debit,Netflix,Entertainment,9466,Success,0,535119
4876,A139,2024-05-12 22:54:00,debit,Uber,Transport,12507,Success,0,387915
4877,A189,2024-05-12 05:10:00,debit,Swiggy,Food,1644,Success,0,428615
4878,A155,2024-05-12 18:38:00,debit,Netflix,Entertainment,6155,Success,0,-64132
4879,A066,2024-05-12 04:13:00,debit,Flipkart,Shopping,6801,Pending,0,346711
4880,A139,2024-05-12 04:48:00,credit,Amazon,Shopping,10045,Success,0,397960
4881,A036,2024-05-12 14:45:00,debit,Flipkart,Shopping,3682,Success,0,28754
4882,A170,2024-05-12 03:54:00,credit,Flipkart,Shopping,1177,Success,0,162455
4883,A025,2024-05-12 03:09:00,debit,Swiggy,Food,5811,Success,0,343342
4884,A181,2024-05-12 12:46:00,debit,Croma,Electronics,3666,Success,0,181480
4885,A110,2024-05-12 09:48:00,debit,Zomato,Food,5447,Success,0,235663
4886,A020,2024-05-12 02:31:00,debit,Flipkart,Shopping,12107,Success,0,38756
4887,A156,2024-05-12 15:49:00,debit,Uber,Transport,13814,Success,0,24938
4888,A177,2024-05-13 13:13:00,debit,Uber,Transport,2603,Success,0,284576
4889,A023,2024-05-13 03:20:00,credit,Netflix,Entertainment,3006,Success,0,234343
4890,A087,2024-05-13 19:31:00,credit,Swiggy,Food,3295,Success,0,96928
4891,A167,2024-05-13 02:27:00,debit,BigBasket,Groceries,6019,Success,0,66693
4892,A002,2024-05-13 16:47:00,debit,Flipkart,Shopping,6783,Failed,0,72302
4893,A061,2024-05-13 18:52:00,credit,Netflix,Entertainment,6020,Success,0,276406
4894,A142,2024-05-14 11:09:00,debit,Uber,Transport,1529,Success,0,9948
4895,A101,2024-05-14 17:28:00,debit,Netflix,Entertainment,4402,Success,0,313833
4896,A106,2024-05-14 01:05:00,debit,BigBasket,Groceries,7756,Success,0,187963
4897,A149,2024-05-14 10:11:00,credit,Uber,Transport,1001,Success,0,309116
4898,A058,2024-05-14 16:39:00,debit,Croma,Electronics,390,Pending,0,-49743
4899,A199,2024-05-14 07:37:00,debit,Amazon,Shopping,3989,Success,0,192025
4900,A041,2024-05-15 06:34:00,debit,Amazon,Shopping,2892,Pending,0,198724
4901,A143,2024-05-15 01:22:00,debit,Croma,Electronics,2631,Success,0,-121613
4902,A018,2024-05-15 11:56:00,debit,Zomato,Food,5686,Success,0,411683
4903,A011,2024-05-15 09:00:00,debit,Netflix,Entertainment,7153,Success,0,282678
4904,A008,2024-05-15 12:01:00,debit,Netflix,Entertainment,2645,Success,0,216248
4905,A055,2024-05-15 12:32:00,debit,Swiggy,Food,6242,Success,0,-142920
4906,A024,2024-05-16 17:23:00,debit,Netflix,Entertainment,633,Success,0,228004
4907,A011,2024-05-16 13:08:00,debit,Suspicious Transfer,Fraud,178183,Success,1,104495
4908,A070,2024-05-16 02:54:00,debit,Swiggy,Food,2480,Success,0,349521
4909,A193,2024-05-16 06:06:00,debit,Croma,Electronics,6861,Success,0,533053
4910,A134,2024-05-16 17:45:00,debit,Amazon,Shopping,14742,Success,0,791098
4911,A143,2024-05-16 10:22:00,debit,Zomato,Food,23844,Success,0,-145457
4912,A198,2024-05-16 17:13:00,debit,BigBasket,Groceries,4489,Failed,0,119532
4913,A094,2024-05-16 09:27:00,debit,BigBasket,Groceries,4074,Success,0,58433
4914,A046,2024-05-17 14:57:00,debit,Flipkart,Shopping,3287,Success,0,-90705
4915,A043,2024-05-17 18:49:00,debit,Zomato,Food,915,Success,0,199927
4916,A039,2024-05-17 23:53:00,debit,Amazon,Shopping,5173,Success,0,203921
4917,A013,2024-05-17 08:57:00,credit,Amazon,Shopping,2645,Success,0,99432
4918,A147,2024-05-17 09:16:00,debit,BigBasket,Groceries,2691,Pending,0,-18944
4919,A117,2024-05-17 17:36:00,credit,Swiggy,Food,607,Success,0,394872
4920,A199,2024-05-17 05:39:00,credit,BigBasket,Groceries,5046,Success,0,197071
4921,A141,2024-05-17 09:52:00,debit,BigBasket,Groceries,772,Success,0,331756
4922,A104,2024-05-17 17:58:00,credit,Uber,Transport,2526,Success,0,222201
4923,A113,2024-05-17 00:22:00,debit,BigBasket,Groceries,3093,Success,0,168781
4924,A115,2024-05-17 13:46:00,debit,Swiggy,Food,3888,Pending,0,417541
4925,A051,2024-05-17 20:41:00,debit,BigBasket,Groceries,3861,Success,0,245163
4926,A024,2024-05-18 23:42:00,debit,Amazon,Shopping,42498,Success,0,185506
4927,A023,2024-05-18 08:00:00,debit,Swiggy,Food,14772,Success,0,219571
4928,A047,2024-05-18 12:27:00,debit,Uber,Transport,9216,Success,0,594251
4929,A084,2024-05-18 05:22:00,debit,Zomato,Food,14037,Success,0,271895
4930,A151,2024-05-18 20:33:00,debit,Uber,Transport,11702,Success,0,386547
4931,A166,2024-05-19 14:06:00,debit,Croma,Electronics,3230,Success,0,698914
4932,A030,2024-05-19 20:55:00,debit,Croma,Electronics,6192,Success,0,-115959
4933,A198,2024-05-19 07:16:00,debit,Netflix,Entertainment,6223,Success,0,113309
4934,A067,2024-05-19 04:08:00,debit,Amazon,Shopping,3460,Success,0,310074
4935,A021,2024-05-19 01:14:00,credit,Swiggy,Food,4809,Success,0,285706
4936,A178,2024-05-19 18:58:00,debit,Uber,Transport,7317,Success,0,292979
4937,A069,2024-05-19 06:06:00,debit,Zomato,Food,32247,Success,0,974320
4938,A075,2024-05-19 15:21:00,credit,Swiggy,Food,4593,Success,0,130937
4939,A086,2024-05-19 18:13:00,debit,BigBasket,Groceries,11857,Success,0,115903
4940,A136,2024-05-19 08:20:00,debit,Netflix,Entertainment,9111,Success,0,483879
4941,A190,2024-05-19 02:37:00,debit,Flipkart,Shopping,8310,Success,0,336986
4942,A159,2024-05-19 08:22:00,credit,Amazon,Shopping,12005,Success,0,227166
4943,A002,2024-05-20 00:11:00,debit,BigBasket,Groceries,5923,Success,0,66379
4944,A186,2024-05-20 07:50:00,debit,Netflix,Entertainment,2697,Success,0,1559807
4945,A196,2024-05-20 00:08:00,debit,Netflix,Entertainment,7311,Success,0,297235
4946,A052,2024-05-20 20:29:00,debit,BigBasket,Groceries,760,Pending,0,170638
4947,A048,2024-05-20 07:10:00,debit,Zomato,Food,5249,Success,0,54202
4948,A016,2024-05-20 13:14:00,credit,Flipkart,Shopping,7949,Success,0,85993
4949,A200,2024-05-20 11:23:00,debit,Amazon,Shopping,4450,Success,0,589708
4950,A116,2024-05-20 00:40:00,debit,Zomato,Food,2487,Success,0,464407
4951,A084,2024-05-20 18:03:00,debit,Flipkart,Shopping,5166,Failed,0,266729
4952,A047,2024-05-20 21:31:00,debit,Uber,Transport,1447,Success,0,592804
4953,A086,2024-05-20 18:03:00,credit,Swiggy,Food,1294,Success,0,117197
4954,A152,2024-05-20 05:08:00,debit,Netflix,Entertainment,15639,Success,0,1085011
4955,A026,2024-05-21 01:25:00,debit,Uber,Transport,1560,Success,0,86312
4956,A069,2024-05-21 12:52:00,debit,Flipkart,Shopping,11493,Success,0,962827
4957,A093,2024-05-21 22:16:00,debit,Suspicious Transfer,Fraud,182400,Success,1,31257
4958,A029,2024-05-21 14:06:00,debit,Flipkart,Shopping,7366,Success,0,130999
4959,A084,2024-05-21 03:27:00,debit,BigBasket,Groceries,3256,Success,0,263473
4960,A069,2024-05-21 14:43:00,debit,BigBasket,Groceries,21033,Success,0,941794
4961,A145,2024-05-22 09:26:00,debit,Croma,Electronics,5157,Success,0,213158
4962,A134,2024-05-22 04:15:00,debit,BigBasket,Groceries,15678,Success,0,775420
4963,A121,2024-05-22 06:42:00,debit,Swiggy,Food,5129,Success,0,83298
4964,A027,2024-05-22 03:50:00,debit,Amazon,Shopping,6804,Success,0,153732
4965,A128,2024-05-22 02:06:00,debit,Flipkart,Shopping,7730,Success,0,-108055
4966,A083,2024-05-23 08:14:00,debit,Netflix,Entertainment,6249,Success,0,110373
4967,A198,2024-05-23 04:45:00,debit,Flipkart,Shopping,4825,Success,0,108484
4968,A059,2024-05-23 21:53:00,debit,Croma,Electronics,1210,Pending,0,301904
4969,A111,2024-05-23 07:29:00,credit,Flipkart,Shopping,5506,Success,0,369240
4970,A147,2024-05-23 19:28:00,debit,Amazon,Shopping,2707,Success,0,-21651
4971,A081,2024-05-23 14:14:00,debit,Swiggy,Food,6480,Failed,0,371669
4972,A078,2024-05-23 17:22:00,debit,Zomato,Food,7972,Success,0,171072
4973,A089,2024-05-23 01:22:00,debit,Zomato,Food,835,Success,0,434829
4974,A182,2024-05-23 22:44:00,debit,Swiggy,Food,7280,Success,0,-101019
4975,A174,2024-05-23 17:20:00,debit,BigBasket,Groceries,5600,Success,0,258382
4976,A019,2024-05-23 09:06:00,debit,Zomato,Food,5990,Success,0,288145
4977,A196,2024-05-24 11:00:00,debit,Swiggy,Food,4086,Success,0,293149
4978,A040,2024-05-24 05:56:00,credit,Amazon,Shopping,20061,Success,0,218895
4979,A192,2024-05-24 09:03:00,debit,Swiggy,Food,7719,Success,0,760179
4980,A097,2024-05-24 22:03:00,debit,Amazon,Shopping,6123,Success,0,190652
4981,A076,2024-05-24 09:42:00,credit,Flipkart,Shopping,975,Success,0,88404
4982,A044,2024-05-24 08:52:00,credit,Amazon,Shopping,3047,Success,0,233356
4983,A140,2024-05-24 10:09:00,debit,Uber,Transport,3978,Success,0,48903
4984,A162,2024-05-24 21:40:00,debit,BigBasket,Groceries,7872,Success,0,-115927
4985,A033,2024-05-24 00:57:00,debit,Uber,Transport,5897,Success,0,412031
4986,A191,2024-05-24 01:23:00,debit,Amazon,Shopping,6813,Success,0,117311
4987,A154,2024-05-24 04:20:00,debit,BigBasket,Groceries,7165,Success,0,88640
4988,A016,2024-05-24 03:49:00,debit,Amazon,Shopping,517,Success,0,85476
4989,A050,2024-05-24 13:26:00,debit,Netflix,Entertainment,4085,Success,0,402347
4990,A160,2024-05-25 14:55:00,debit,Swiggy,Food,14843,Success,0,3171
4991,A183,2024-05-25 05:37:00,debit,Croma,Electronics,13690,Success,0,166544
4992,A179,2024-05-25 13:21:00,debit,Zomato,Food,23022,Success,0,454805
4993,A100,2024-05-25 14:31:00,debit,Flipkart,Shopping,3287,Success,0,79256
4994,A186,2024-05-25 06:56:00,debit,Croma,Electronics,7539,Success,0,1552268
4995,A122,2024-05-25 14:52:00,debit,Netflix,Entertainment,6775,Success,0,-50423
4996,A028,2024-05-25 21:33:00,debit,Flipkart,Shopping,1698,Pending,0,465664
4997,A072,2024-05-25 20:48:00,debit,Croma,Electronics,5942,Success,0,51447
4998,A122,2024-05-26 22:46:00,debit,Amazon,Shopping,3467,Success,0,-53890
4999,A120,2024-05-26 04:49:00,debit,BigBasket,Groceries,5301,Success,0,213292
5000,A191,2024-05-26 15:31:00,debit,Uber,Transport,8750,Success,0,108561
5001,A086,2024-05-26 04:43:00,debit,Uber,Transport,11583,Success,0,105614
5002,A175,2024-05-26 09:46:00,debit,Flipkart,Shopping,2691,Success,0,65761
5003,A124,2024-05-26 07:30:00,debit,Swiggy,Food,7684,Success,0,179173
5004,A079,2024-05-26 13:18:00,debit,Croma,Electronics,6395,Success,0,263916
5005,A050,2024-05-26 04:07:00,debit,BigBasket,Groceries,11660,Success,0,390687
5006,A026,2024-05-26 02:53:00,debit,Croma,Electronics,3050,Failed,0,83262
5007,A100,2024-05-26 10:32:00,debit,Uber,Transport,13857,Success,0,65399
5008,A033,2024-05-27 02:00:00,debit,Swiggy,Food,7674,Success,0,404357
5009,A062,2024-05-27 07:57:00,credit,BigBasket,Groceries,4707,Success,0,641322
5010,A181,2024-05-27 08:04:00,debit,Uber,Transport,6678,Success,0,174802
5011,A140,2024-05-27 05:56:00,debit,Flipkart,Shopping,831,Success,0,48072
5012,A079,2024-05-27 21:40:00,debit,Flipkart,Shopping,656,Success,0,263260
5013,A071,2024-05-27 17:40:00,debit,Zomato,Food,6038,Success,0,211267
5014,A132,2024-05-27 19:08:00,credit,Flipkart,Shopping,6098,Success,0,324781
5015,A008,2024-05-27 18:47:00,debit,Zomato,Food,4764,Success,0,211484
5016,A022,2024-05-27 10:16:00,debit,Amazon,Shopping,3608,Success,0,145766
5017,A107,2024-05-27 09:46:00,debit,BigBasket,Groceries,6635,Success,0,223937
5018,A067,2024-05-27 19:44:00,debit,Swiggy,Food,1858,Success,0,308216
5019,A067,2024-05-27 13:05:00,debit,Zomato,Food,2373,Success,0,305843
5020,A111,2024-05-27 15:30:00,debit,Swiggy,Food,7205,Success,0,362035
5021,A086,2024-05-28 23:57:00,debit,Swiggy,Food,7152,Success,0,98462
5022,A077,2024-05-28 04:42:00,credit,BigBasket,Groceries,4306,Success,0,227440
5023,A055,2024-05-28 14:48:00,debit,Flipkart,Shopping,5884,Success,0,-148804
5024,A198,2024-05-28 05:11:00,debit,Croma,Electronics,3204,Success,0,105280
5025,A198,2024-05-28 19:27:00,credit,Zomato,Food,1450,Pending,0,106730
5026,A088,2024-05-29 12:55:00,debit,Uber,Transport,6981,Success,0,617594
5027,A200,2024-05-29 23:21:00,debit,Flipkart,Shopping,3830,Success,0,585878
5028,A174,2024-05-29 12:30:00,credit,Amazon,Shopping,4084,Success,0,262466
5029,A074,2024-05-29 06:47:00,credit,Swiggy,Food,7893,Success,0,274110
5030,A026,2024-05-29 01:36:00,debit,Amazon,Shopping,2457,Success,0,80805
5031,A102,2024-05-29 19:40:00,debit,Flipkart,Shopping,2074,Success,0,319734
5032,A010,2024-05-29 22:25:00,credit,BigBasket,Groceries,6696,Success,0,780970
5033,A106,2024-05-29 06:26:00,debit,BigBasket,Groceries,235,Success,0,187728
5034,A062,2024-05-30 11:37:00,debit,Amazon,Shopping,322,Success,0,641000
5035,A186,2024-05-30 02:24:00,debit,Zomato,Food,15492,Success,0,1536776
5036,A048,2024-05-30 18:14:00,debit,Amazon,Shopping,2467,Pending,0,51735
5037,A189,2024-05-30 13:23:00,credit,Netflix,Entertainment,3772,Success,0,432387
5038,A127,2024-05-30 09:41:00,debit,Zomato,Food,7945,Success,0,527174
5039,A004,2024-05-30 03:47:00,debit,Netflix,Entertainment,7664,Success,0,255749
5040,A103,2024-05-30 06:02:00,credit,Flipkart,Shopping,2070,Success,0,583431
5041,A134,2024-05-30 16:06:00,debit,Flipkart,Shopping,19311,Success,0,756109
5042,A016,2024-05-30 15:25:00,debit,Flipkart,Shopping,5806,Success,0,79670
5043,A185,2024-05-30 02:44:00,debit,Uber,Transport,3509,Success,0,-1939
5044,A059,2024-05-30 09:08:00,credit,Flipkart,Shopping,7833,Success,0,309737
5045,A012,2024-05-30 18:29:00,debit,Zomato,Food,605,Success,0,54858
5046,A057,2024-05-30 03:22:00,credit,Flipkart,Shopping,3096,Success,0,1022431
5047,A185,2024-05-30 05:59:00,debit,Uber,Transport,7544,Success,0,-9483
5048,A096,2024-05-31 00:39:00,debit,Uber,Transport,3081,Success,0,446551
5049,A144,2024-05-31 16:38:00,credit,Netflix,Entertainment,1481,Success,0,581369
5050,A106,2024-05-31 04:41:00,debit,Zomato,Food,3036,Success,0,184692
5051,A077,2024-05-31 00:35:00,debit,Amazon,Shopping,7342,Success,0,220098
5052,A181,2024-05-31 14:10:00,debit,Suspicious Transfer,Fraud,199477,Success,1,-24675
5053,A026,2024-05-31 01:28:00,debit,BigBasket,Groceries,627,Success,0,80178
5054,A081,2024-05-31 09:25:00,debit,Amazon,Shopping,19785,Success,0,351884
5055,A184,2024-05-31 09:00:00,debit,Netflix,Entertainment,1402,Success,0,166759
5056,A070,2024-05-31 14:16:00,debit,Amazon,Shopping,7359,Success,0,342162
5057,A038,2024-05-31 20:23:00,debit,Zomato,Food,6372,Success,0,130585
5058,A182,2024-05-31 07:09:00,debit,Swiggy,Food,558,Success,0,-101577
5059,A054,2024-05-31 08:09:00,debit,Netflix,Entertainment,7750,Success,0,611393
5060,A033,2024-05-31 18:10:00,debit,Flipkart,Shopping,5633,Success,0,398724
5061,A082,2024-06-01 14:58:00,credit,Salary Deposit,Income,71558,Success,0,309794
5062,A101,2024-06-01 17:25:00,credit,Suspicious Transfer,Fraud,150858,Success,1,464691
5063,A151,2024-06-01 03:53:00,credit,Salary Deposit,Income,113756,Success,0,500303
5064,A145,2024-06-01 11:20:00,credit,Salary Deposit,Income,79923,Success,0,293081
5065,A147,2024-06-01 07:15:00,credit,Salary Deposit,Income,73115,Success,0,51464
5066,A184,2024-06-01 15:14:00,credit,Salary Deposit,Income,48552,Pending,0,215311
5067,A086,2024-06-01 08:25:00,credit,Salary Deposit,Income,34884,Success,0,133346
5068,A095,2024-06-01 08:23:00,credit,Salary Deposit,Income,51523,Success,0,193445
5069,A185,2024-06-01 10:07:00,credit,Salary Deposit,Income,92197,Success,0,82714
5070,A044,2024-06-01 07:46:00,credit,Salary Deposit,Income,109351,Success,0,342707
5071,A126,2024-06-01 15:41:00,credit,Salary Deposit,Income,44241,Success,0,-116070
5072,A064,2024-06-01 01:26:00,credit,Salary Deposit,Income,115042,Success,0,402535
5073,A010,2024-06-02 09:43:00,credit,Salary Deposit,Income,105078,Success,0,886048
5074,A167,2024-06-02 03:20:00,credit,Salary Deposit,Income,85824,Success,0,152517
5075,A178,2024-06-02 16:12:00,credit,Salary Deposit,Income,115176,Success,0,408155
5076,A125,2024-06-02 14:06:00,credit,Salary Deposit,Income,87974,Success,0,115994
5077,A159,2024-06-02 06:11:00,credit,Salary Deposit,Income,117082,Success,0,344248
5078,A025,2024-06-02 23:19:00,credit,Salary Deposit,Income,43170,Success,0,386512
5079,A025,2024-06-02 22:01:00,credit,Salary Deposit,Income,33211,Pending,0,419723
5080,A191,2024-06-03 13:03:00,credit,Salary Deposit,Income,69537,Pending,0,178098
5081,A088,2024-06-03 11:49:00,credit,Salary Deposit,Income,32799,Pending,0,650393
5082,A038,2024-06-03 16:36:00,credit,Salary Deposit,Income,76516,Success,0,207101
5083,A093,2024-06-03 19:35:00,credit,Salary Deposit,Income,105474,Success,0,136731
5084,A004,2024-06-03 12:12:00,credit,Salary Deposit,Income,48485,Success,0,304234
5085,A073,2024-06-03 06:52:00,credit,Salary Deposit,Income,32730,Success,0,-22489
5086,A027,2024-06-03 09:26:00,credit,Salary Deposit,Income,47494,Success,0,201226
5087,A095,2024-06-03 05:59:00,credit,Salary Deposit,Income,90437,Success,0,283882
5088,A015,2024-06-03 05:20:00,credit,Salary Deposit,Income,91879,Success,0,379390
5089,A147,2024-06-04 04:38:00,credit,Salary Deposit,Income,32896,Success,0,84360
5090,A008,2024-06-04 14:08:00,credit,Salary Deposit,Income,101566,Success,0,313050
5091,A158,2024-06-04 12:13:00,credit,Salary Deposit,Income,76998,Success,0,429478
5092,A173,2024-06-04 05:36:00,credit,Salary Deposit,Income,51771,Success,0,540646
5093,A117,2024-06-04 17:56:00,credit,Salary Deposit,Income,104658,Success,0,499530
5094,A178,2024-06-04 23:48:00,credit,Salary Deposit,Income,45457,Success,0,453612
5095,A016,2024-06-04 02:53:00,credit,Salary Deposit,Income,41856,Success,0,121526
5096,A050,2024-06-04 09:40:00,credit,Salary Deposit,Income,55024,Success,0,445711
5097,A137,2024-06-04 09:36:00,credit,Salary Deposit,Income,57239,Success,0,245897
5098,A147,2024-06-04 18:27:00,credit,Salary Deposit,Income,87365,Success,0,171725
5099,A196,2024-06-05 10:54:00,credit,Salary Deposit,Income,45563,Pending,0,338712
5100,A049,2024-06-05 23:54:00,credit,Salary Deposit,Income,75262,Success,0,443934
5101,A176,2024-06-05 10:37:00,credit,Salary Deposit,Income,165297,Success,0,164194
5102,A190,2024-06-05 18:32:00,credit,Salary Deposit,Income,107520,Success,0,444506
5103,A065,2024-06-05 06:28:00,credit,Salary Deposit,Income,38807,Success,0,270125
5104,A175,2024-06-05 20:48:00,credit,Salary Deposit,Income,112513,Success,0,178274
5105,A003,2024-06-05 15:14:00,credit,Salary Deposit,Income,52003,Success,0,332133
5106,A136,2024-06-05 18:20:00,credit,Salary Deposit,Income,76099,Success,0,559978
5107,A041,2024-06-05 13:06:00,credit,Salary Deposit,Income,51302,Success,0,250026
5108,A081,2024-06-05 08:13:00,credit,Salary Deposit,Income,222747,Success,0,574631
5109,A074,2024-06-05 10:59:00,credit,Salary Deposit,Income,104157,Failed,0,378267
5110,A187,2024-06-05 10:00:00,credit,Salary Deposit,Income,80009,Failed,0,90130
5111,A002,2024-06-05 12:01:00,credit,Suspicious Transfer,Fraud,189330,Success,1,255709
5112,A200,2024-06-05 17:39:00,credit,Salary Deposit,Income,74850,Success,0,660728
5113,A029,2024-06-05 11:37:00,credit,Salary Deposit,Income,78338,Success,0,209337
5114,A085,2024-06-06 20:19:00,debit,Flipkart,Shopping,5322,Success,0,231547
5115,A107,2024-06-06 22:11:00,debit,Amazon,Shopping,6006,Success,0,217931
5116,A183,2024-06-06 21:04:00,debit,Amazon,Shopping,1024,Success,0,165520
5117,A171,2024-06-06 15:35:00,credit,Zomato,Food,3475,Success,0,148563
5118,A158,2024-06-06 03:53:00,debit,Uber,Transport,1128,Success,0,428350
5119,A129,2024-06-06 15:00:00,credit,Netflix,Entertainment,3562,Success,0,233560
5120,A048,2024-06-06 02:14:00,debit,Croma,Electronics,6677,Pending,0,45058
5121,A072,2024-06-06 04:15:00,credit,Flipkart,Shopping,6637,Success,0,58084
5122,A181,2024-06-07 11:11:00,credit,Amazon,Shopping,3189,Success,0,-21486
5123,A127,2024-06-07 16:47:00,debit,Flipkart,Shopping,7525,Success,0,519649
5124,A075,2024-06-07 14:04:00,debit,Swiggy,Food,23598,Success,0,107339
5125,A161,2024-06-07 08:51:00,debit,Amazon,Shopping,3849,Success,0,658784
5126,A097,2024-06-07 20:48:00,debit,Uber,Transport,3660,Success,0,186992
5127,A080,2024-06-07 23:25:00,debit,Flipkart,Shopping,1680,Success,0,165837
5128,A119,2024-06-07 21:39:00,debit,Amazon,Shopping,3021,Success,0,231705
5129,A101,2024-06-07 08:30:00,debit,Amazon,Shopping,3880,Success,0,460811
5130,A050,2024-06-07 18:32:00,debit,Zomato,Food,4519,Success,0,441192
5131,A126,2024-06-07 03:02:00,debit,Netflix,Entertainment,4011,Success,0,-120081
5132,A116,2024-06-07 05:33:00,debit,Suspicious Transfer,Fraud,70781,Success,1,393626
5133,A171,2024-06-07 19:36:00,credit,Croma,Electronics,2804,Success,0,151367
5134,A051,2024-06-08 17:36:00,debit,Amazon,Shopping,3083,Success,0,242080
5135,A071,2024-06-08 11:15:00,debit,Netflix,Entertainment,4964,Success,0,206303
5136,A085,2024-06-08 09:17:00,debit,Suspicious Transfer,Fraud,102211,Success,1,129336
5137,A108,2024-06-08 18:51:00,debit,Croma,Electronics,11230,Success,0,178556
5138,A168,2024-06-08 05:58:00,credit,Zomato,Food,13490,Pending,0,198065
5139,A188,2024-06-08 21:40:00,credit,Uber,Transport,5951,Success,0,388903
5140,A163,2024-06-08 09:11:00,credit,Zomato,Food,8143,Success,0,159960
5141,A086,2024-06-08 16:22:00,debit,BigBasket,Groceries,13489,Success,0,119857
5142,A080,2024-06-08 17:58:00,debit,Zomato,Food,4144,Success,0,161693
5143,A125,2024-06-08 12:12:00,debit,Netflix,Entertainment,5172,Success,0,110822
5144,A107,2024-06-08 13:00:00,debit,Zomato,Food,11641,Success,0,206290
5145,A082,2024-06-08 19:18:00,debit,Uber,Transport,5300,Success,0,304494
5146,A132,2024-06-09 02:53:00,credit,Croma,Electronics,12475,Success,0,337256
5147,A025,2024-06-09 14:47:00,debit,Flipkart,Shopping,11555,Success,0,408168
5148,A045,2024-06-09 09:58:00,debit,Flipkart,Shopping,3807,Success,0,220633
5149,A132,2024-06-09 22:22:00,debit,Amazon,Shopping,7903,Success,0,329353
5150,A141,2024-06-09 00:46:00,credit,Amazon,Shopping,2709,Success,0,334465
5151,A083,2024-06-09 01:19:00,credit,Zomato,Food,1509,Success,0,111882
5152,A187,2024-06-09 04:59:00,credit,Zomato,Food,5467,Success,0,95597
5153,A171,2024-06-09 04:46:00,debit,Uber,Transport,13510,Success,0,137857
5154,A159,2024-06-09 06:36:00,debit,Uber,Transport,7010,Success,0,337238
5155,A014,2024-06-09 06:48:00,debit,Croma,Electronics,14089,Success,0,8955
5156,A195,2024-06-09 12:01:00,credit,Netflix,Entertainment,9417,Success,0,402205
5157,A119,2024-06-09 03:03:00,credit,Flipkart,Shopping,13392,Failed,0,245097
5158,A175,2024-06-09 12:34:00,debit,Swiggy,Food,7897,Success,0,170377
5159,A114,2024-06-10 09:33:00,debit,Uber,Transport,4377,Success,0,371462
5160,A085,2024-06-10 06:29:00,debit,Swiggy,Food,3616,Success,0,125720
5161,A142,2024-06-10 08:09:00,debit,Zomato,Food,4915,Success,0,5033
5162,A041,2024-06-10 16:04:00,debit,Swiggy,Food,1998,Success,0,248028
5163,A117,2024-06-10 09:52:00,debit,Zomato,Food,6449,Failed,0,493081
5164,A195,2024-06-10 23:26:00,debit,Croma,Electronics,820,Success,0,401385
5165,A013,2024-06-11 12:46:00,debit,BigBasket,Groceries,7433,Failed,0,91999
5166,A151,2024-06-11 17:53:00,debit,BigBasket,Groceries,7081,Success,0,493222
5167,A040,2024-06-11 22:57:00,debit,BigBasket,Groceries,16548,Success,0,202347
5168,A109,2024-06-11 11:48:00,debit,Croma,Electronics,1167,Success,0,597120
5169,A083,2024-06-11 12:46:00,debit,Croma,Electronics,5892,Success,0,105990
5170,A014,2024-06-11 14:01:00,credit,Netflix,Entertainment,2596,Success,0,11551
5171,A115,2024-06-11 10:22:00,debit,Netflix,Entertainment,2800,Success,0,414741
5172,A019,2024-06-11 03:11:00,debit,Amazon,Shopping,4992,Success,0,283153
5173,A134,2024-06-11 21:39:00,debit,Croma,Electronics,11784,Success,0,744325
5174,A043,2024-06-11 06:22:00,credit,Netflix,Entertainment,3808,Success,0,203735
5175,A190,2024-06-11 17:46:00,debit,Amazon,Shopping,5121,Success,0,439385
5176,A189,2024-06-11 01:03:00,debit,Amazon,Shopping,538,Success,0,431849
5177,A068,2024-06-11 03:14:00,debit,Amazon,Shopping,5563,Success,0,505274
5178,A003,2024-06-11 03:20:00,debit,Netflix,Entertainment,6582,Success,0,325551
5179,A004,2024-06-11 09:19:00,debit,Suspicious Transfer,Fraud,89063,Success,1,215171
5180,A033,2024-06-12 01:16:00,debit,Swiggy,Food,1777,Success,0,396947
5181,A062,2024-06-12 01:43:00,debit,Amazon,Shopping,1251,Success,0,639749
5182,A198,2024-06-12 13:13:00,debit,Amazon,Shopping,1996,Success,0,104734
5183,A179,2024-06-12 14:27:00,debit,Swiggy,Food,5463,Success,0,449342
5184,A172,2024-06-12 13:59:00,debit,Uber,Transport,7243,Failed,0,234510
5185,A030,2024-06-13 09:54:00,debit,Flipkart,Shopping,7374,Success,0,-123333
5186,A159,2024-06-13 00:34:00,debit,BigBasket,Groceries,2014,Success,0,335224
5187,A093,2024-06-13 09:53:00,debit,Uber,Transport,3348,Success,0,133383
5188,A103,2024-06-13 23:58:00,debit,BigBasket,Groceries,12321,Success,0,571110
5189,A106,2024-06-13 19:24:00,credit,Croma,Electronics,3735,Success,0,188427
5190,A062,2024-06-13 11:05:00,debit,Uber,Transport,5179,Success,0,634570
5191,A198,2024-06-13 00:53:00,debit,Flipkart,Shopping,2582,Pending,0,102152
5192,A144,2024-06-14 16:48:00,debit,Amazon,Shopping,278,Pending,0,581091
5193,A133,2024-06-14 16:38:00,debit,Amazon,Shopping,3285,Success,0,82966
5194,A182,2024-06-14 11:52:00,debit,Flipkart,Shopping,3678,Success,0,-105255
5195,A056,2024-06-14 18:51:00,credit,Croma,Electronics,23385,Success,0,-61980
5196,A007,2024-06-14 05:25:00,credit,Zomato,Food,6745,Success,0,-144278
5197,A130,2024-06-14 11:06:00,debit,Flipkart,Shopping,3547,Success,0,181303
5198,A115,2024-06-14 15:17:00,debit,BigBasket,Groceries,3535,Success,0,411206
5199,A016,2024-06-14 15:32:00,debit,Netflix,Entertainment,3384,Success,0,118142
5200,A049,2024-06-14 01:22:00,debit,Flipkart,Shopping,5460,Failed,0,438474
5201,A025,2024-06-14 11:18:00,debit,Zomato,Food,1376,Success,0,406792
5202,A053,2024-06-14 19:22:00,debit,Netflix,Entertainment,1859,Success,0,-46489
5203,A073,2024-06-14 01:53:00,debit,Uber,Transport,7598,Pending,0,-30087
5204,A165,2024-06-15 16:09:00,debit,Netflix,Entertainment,13471,Success,0,316734
5205,A092,2024-06-15 03:11:00,debit,Netflix,Entertainment,3111,Pending,0,166816
5206,A065,2024-06-15 12:11:00,debit,Croma,Electronics,13085,Success,0,257040
5207,A062,2024-06-15 10:07:00,debit,Uber,Transport,5264,Success,0,629306
5208,A149,2024-06-15 00:28:00,debit,Croma,Electronics,7973,Success,0,301143
5209,A055,2024-06-15 22:48:00,debit,Amazon,Shopping,6277,Success,0,-155081
5210,A054,2024-06-15 06:04:00,debit,Zomato,Food,11080,Success,0,600313
5211,A070,2024-06-15 13:36:00,debit,Flipkart,Shopping,6127,Success,0,336035
5212,A040,2024-06-15 00:09:00,debit,Flipkart,Shopping,40812,Success,0,161535
5213,A107,2024-06-15 21:01:00,debit,Zomato,Food,7889,Failed,0,198401
5214,A143,2024-06-15 13:03:00,debit,Suspicious Transfer,Fraud,129236,Success,1,-274693
5215,A193,2024-06-15 04:01:00,debit,Uber,Transport,3251,Success,0,529802
5216,A071,2024-06-15 06:04:00,debit,Amazon,Shopping,8847,Success,0,197456
5217,A058,2024-06-15 06:47:00,credit,Netflix,Entertainment,7982,Success,0,-41761
5218,A095,2024-06-15 18:44:00,credit,Zomato,Food,14166,Success,0,298048
5219,A182,2024-06-16 04:46:00,debit,Swiggy,Food,5557,Success,0,-110812
5220,A047,2024-06-16 09:35:00,debit,Uber,Transport,1551,Success,0,591253
5221,A015,2024-06-16 07:07:00,debit,Amazon,Shopping,10968,Success,0,368422
5222,A160,2024-06-16 14:45:00,credit,BigBasket,Groceries,9748,Success,0,12919
5223,A167,2024-06-16 09:15:00,debit,Swiggy,Food,2374,Success,0,150143
5224,A159,2024-06-16 19:01:00,debit,BigBasket,Groceries,3431,Success,0,331793
5225,A171,2024-06-16 07:37:00,debit,Amazon,Shopping,4976,Success,0,132881
5226,A154,2024-06-16 19:41:00,debit,Croma,Electronics,13961,Success,0,74679
5227,A109,2024-06-16 09:47:00,debit,BigBasket,Groceries,9126,Success,0,587994
5228,A177,2024-06-16 21:52:00,debit,Uber,Transport,4509,Success,0,280067
5229,A116,2024-06-16 23:32:00,debit,Zomato,Food,11433,Pending,0,382193
5230,A163,2024-06-17 19:40:00,credit,BigBasket,Groceries,4015,Success,0,163975
5231,A194,2024-06-17 15:00:00,credit,Croma,Electronics,7259,Success,0,-54245
5232,A183,2024-06-17 21:05:00,debit,Swiggy,Food,5544,Success,0,159976
5233,A158,2024-06-17 13:22:00,debit,Amazon,Shopping,7145,Success,0,421205
5234,A061,2024-06-17 22:32:00,credit,Flipkart,Shopping,1292,Success,0,277698
5235,A129,2024-06-17 22:00:00,credit,Netflix,Entertainment,7080,Success,0,240640
5236,A038,2024-06-17 18:59:00,debit,Amazon,Shopping,476,Success,0,206625
5237,A030,2024-06-17 19:45:00,debit,Croma,Electronics,5570,Success,0,-128903
5238,A116,2024-06-17 03:54:00,debit,Zomato,Food,5892,Success,0,376301
5239,A177,2024-06-17 02:24:00,debit,Amazon,Shopping,5984,Success,0,274083
5240,A051,2024-06-18 15:52:00,debit,Uber,Transport,7739,Success,0,234341
5241,A006,2024-06-18 22:56:00,debit,Swiggy,Food,1178,Failed,0,345068
5242,A049,2024-06-18 07:17:00,debit,Uber,Transport,1029,Success,0,437445
5243,A097,2024-06-18 06:38:00,debit,Flipkart,Shopping,4662,Success,0,182330
5244,A014,2024-06-18 05:46:00,debit,Netflix,Entertainment,5153,Success,0,6398
5245,A135,2024-06-18 15:58:00,credit,Netflix,Entertainment,5805,Success,0,416279
5246,A198,2024-06-18 04:43:00,debit,Uber,Transport,6429,Success,0,95723
5247,A039,2024-06-18 14:50:00,debit,Uber,Transport,7015,Success,0,196906
5248,A120,2024-06-18 18:42:00,debit,BigBasket,Groceries,691,Success,0,212601
5249,A165,2024-06-18 07:36:00,debit,Amazon,Shopping,2201,Success,0,314533
5250,A163,2024-06-18 06:47:00,debit,Flipkart,Shopping,5255,Success,0,158720
5251,A031,2024-06-19 09:48:00,debit,Swiggy,Food,828,Success,0,129708
5252,A026,2024-06-19 19:12:00,debit,Flipkart,Shopping,5710,Success,0,74468
5253,A105,2024-06-19 12:25:00,credit,Swiggy,Food,2267,Success,0,355852
5254,A129,2024-06-19 04:57:00,debit,Swiggy,Food,6547,Success,0,234093
5255,A057,2024-06-19 10:29:00,debit,Amazon,Shopping,3147,Success,0,1019284
5256,A049,2024-06-19 03:13:00,debit,Croma,Electronics,5480,Success,0,431965
5257,A065,2024-06-19 03:14:00,credit,Netflix,Entertainment,4330,Success,0,261370
5258,A114,2024-06-19 07:53:00,debit,Zomato,Food,752,Success,0,370710
5259,A127,2024-06-19 07:30:00,debit,Uber,Transport,5935,Success,0,513714
5260,A192,2024-06-19 01:10:00,debit,Flipkart,Shopping,20547,Success,0,739632
5261,A044,2024-06-20 11:48:00,debit,BigBasket,Groceries,3381,Failed,0,339326
5262,A013,2024-06-20 05:03:00,debit,Zomato,Food,2965,Pending,0,89034
5263,A121,2024-06-20 10:35:00,credit,Flipkart,Shopping,3571,Success,0,86869
5264,A075,2024-06-20 09:14:00,debit,Zomato,Food,10707,Success,0,96632
5265,A116,2024-06-20 17:26:00,debit,Uber,Transport,2951,Success,0,373350
5266,A063,2024-06-20 20:27:00,debit,Swiggy,Food,7931,Success,0,202293
5267,A181,2024-06-20 07:16:00,debit,Netflix,Entertainment,6701,Success,0,-28187
5268,A197,2024-06-20 03:49:00,debit,Netflix,Entertainment,3742,Success,0,280255
5269,A040,2024-06-20 10:16:00,credit,Croma,Electronics,15765,Failed,0,177300
5270,A061,2024-06-20 04:05:00,debit,BigBasket,Groceries,580,Success,0,277118
5271,A040,2024-06-20 10:53:00,debit,Amazon,Shopping,21678,Success,0,155622
5272,A197,2024-06-20 13:33:00,debit,BigBasket,Groceries,5300,Success,0,274955
5273,A169,2024-06-20 18:48:00,credit,Amazon,Shopping,4144,Success,0,182840
5274,A180,2024-06-20 14:31:00,debit,Zomato,Food,4295,Success,0,503871
5275,A169,2024-06-20 22:00:00,credit,Netflix,Entertainment,1103,Success,0,183943
5276,A196,2024-06-21 03:33:00,credit,Uber,Transport,1327,Success,0,340039
5277,A107,2024-06-21 07:24:00,debit,Amazon,Shopping,4263,Success,0,194138
5278,A150,2024-06-21 18:22:00,debit,Flipkart,Shopping,7646,Success,0,215977
5279,A162,2024-06-21 23:21:00,debit,Amazon,Shopping,3748,Success,0,-119675
5280,A046,2024-06-21 03:56:00,debit,Swiggy,Food,7225,Success,0,-97930
5281,A072,2024-06-21 07:45:00,debit,Netflix,Entertainment,6760,Success,0,51324
5282,A160,2024-06-21 03:22:00,credit,Swiggy,Food,688,Failed,0,13607
5283,A152,2024-06-21 17:10:00,debit,Croma,Electronics,17046,Success,0,1067965
5284,A043,2024-06-21 17:23:00,debit,BigBasket,Groceries,5604,Success,0,198131
5285,A091,2024-06-21 07:28:00,debit,Croma,Electronics,5746,Success,0,207215
5286,A042,2024-06-21 06:54:00,debit,Amazon,Shopping,3592,Success,0,236258
5287,A058,2024-06-22 04:39:00,credit,BigBasket,Groceries,6227,Failed,0,-35534
5288,A198,2024-06-22 12:11:00,debit,Zomato,Food,7858,Pending,0,87865
5289,A194,2024-06-22 15:48:00,debit,Flipkart,Shopping,4593,Pending,0,-58838
5290,A093,2024-06-22 18:17:00,credit,Amazon,Shopping,2074,Pending,0,135457
5291,A183,2024-06-22 03:11:00,debit,Uber,Transport,8642,Success,0,151334
5292,A144,2024-06-22 21:56:00,debit,Swiggy,Food,4067,Success,0,577024
5293,A036,2024-06-22 23:43:00,debit,Netflix,Entertainment,11071,Success,0,17683
5294,A015,2024-06-22 09:39:00,credit,Netflix,Entertainment,4722,Success,0,373144
5295,A096,2024-06-22 02:11:00,debit,Croma,Electronics,8224,Success,0,438327
5296,A183,2024-06-22 02:34:00,debit,Flipkart,Shopping,14649,Success,0,136685
5297,A195,2024-06-22 10:55:00,credit,Uber,Transport,8394,Success,0,409779
5298,A092,2024-06-22 07:12:00,credit,Amazon,Shopping,7223,Success,0,174039
5299,A058,2024-06-22 02:20:00,debit,Netflix,Entertainment,14386,Success,0,-49920
5300,A016,2024-06-23 11:55:00,credit,Swiggy,Food,7265,Success,0,125407
5301,A108,2024-06-23 18:51:00,credit,Netflix,Entertainment,4019,Failed,0,182575
5302,A189,2024-06-23 13:22:00,debit,BigBasket,Groceries,7096,Success,0,424753
5303,A143,2024-06-23 22:21:00,credit,Zomato,Food,41133,Pending,0,-233560
5304,A191,2024-06-23 18:29:00,credit,Amazon,Shopping,1551,Success,0,179649
5305,A040,2024-06-23 05:32:00,debit,Netflix,Entertainment,22491,Success,0,133131
5306,A068,2024-06-23 13:33:00,debit,Croma,Electronics,2160,Success,0,503114
5307,A082,2024-06-23 13:16:00,debit,Amazon,Shopping,6628,Success,0,297866
5308,A002,2024-06-24 05:32:00,credit,BigBasket,Groceries,3731,Success,0,259440
5309,A056,2024-06-24 12:01:00,debit,Croma,Electronics,2127,Success,0,-64107
5310,A052,2024-06-24 06:41:00,debit,Netflix,Entertainment,1986,Success,0,168652
5311,A105,2024-06-24 01:30:00,debit,Zomato,Food,3723,Success,0,352129
5312,A187,2024-06-24 00:06:00,credit,Amazon,Shopping,3663,Failed,0,99260
5313,A044,2024-06-24 22:18:00,credit,BigBasket,Groceries,5653,Success,0,344979
5314,A120,2024-06-24 07:43:00,debit,Amazon,Shopping,6362,Success,0,206239
5315,A047,2024-06-24 02:40:00,debit,Flipkart,Shopping,7359,Success,0,583894
5316,A144,2024-06-24 01:17:00,credit,Flipkart,Shopping,4687,Success,0,581711
5317,A036,2024-06-24 21:17:00,debit,Netflix,Entertainment,5083,Success,0,12600
5318,A127,2024-06-24 13:46:00,debit,Swiggy,Food,1478,Success,0,512236
5319,A197,2024-06-24 09:29:00,debit,Flipkart,Shopping,7034,Success,0,267921
5320,A151,2024-06-24 06:27:00,credit,Flipkart,Shopping,3454,Success,0,496676
5321,A149,2024-06-25 11:44:00,debit,Swiggy,Food,1777,Success,0,299366
5322,A137,2024-06-25 19:19:00,debit,Zomato,Food,7299,Pending,0,238598
5323,A193,2024-06-25 03:38:00,debit,Flipkart,Shopping,5037,Success,0,524765
5324,A183,2024-06-25 23:09:00,debit,Amazon,Shopping,5736,Success,0,130949
5325,A167,2024-06-25 14:55:00,debit,Netflix,Entertainment,1139,Success,0,149004
5326,A015,2024-06-26 00:25:00,debit,Croma,Electronics,222,Success,0,372922
5327,A005,2024-06-26 14:00:00,debit,Flipkart,Shopping,21390,Failed,0,879652
5328,A162,2024-06-26 03:22:00,debit,Amazon,Shopping,3109,Success,0,-122784
5329,A197,2024-06-26 04:03:00,debit,Uber,Transport,5485,Success,0,262436
5330,A119,2024-06-26 01:01:00,debit,Croma,Electronics,4070,Success,0,241027
5331,A008,2024-06-27 22:23:00,debit,Uber,Transport,5130,Pending,0,307920
5332,A196,2024-06-27 13:22:00,debit,Uber,Transport,7898,Success,0,332141
5333,A107,2024-06-27 05:11:00,debit,BigBasket,Groceries,447,Pending,0,193691
5334,A155,2024-06-27 11:46:00,debit,Netflix,Entertainment,378,Success,0,-64510
5335,A063,2024-06-27 04:59:00,credit,Netflix,Entertainment,7405,Success,0,209698
5336,A195,2024-06-27 12:32:00,debit,Uber,Transport,5592,Success,0,404187
5337,A055,2024-06-28 07:19:00,debit,BigBasket,Groceries,2395,Success,0,-157476
5338,A160,2024-06-28 00:10:00,credit,Zomato,Food,7285,Success,0,20892
5339,A141,2024-06-28 03:48:00,debit,BigBasket,Groceries,4876,Success,0,329589
5340,A043,2024-06-28 16:34:00,debit,Croma,Electronics,1057,Success,0,197074
5341,A148,2024-06-28 06:39:00,debit,Zomato,Food,6668,Failed,0,441082
5342,A129,2024-06-28 18:17:00,debit,Flipkart,Shopping,7821,Success,0,226272
5343,A003,2024-06-28 22:19:00,debit,Swiggy,Food,1998,Success,0,323553
5344,A034,2024-06-28 23:56:00,debit,Uber,Transport,22674,Success,0,222534
5345,A171,2024-06-28 01:00:00,debit,Amazon,Shopping,2381,Success,0,130500
5346,A075,2024-06-28 15:11:00,credit,Flipkart,Shopping,6408,Success,0,103040
5347,A017,2024-06-28 23:33:00,debit,Netflix,Entertainment,5033,Success,0,297253
5348,A171,2024-06-28 16:46:00,debit,Uber,Transport,4228,Success,0,126272
5349,A176,2024-06-28 07:58:00,credit,Uber,Transport,7614,Success,0,171808
5350,A052,2024-06-28 03:24:00,debit,Uber,Transport,2125,Success,0,166527
5351,A014,2024-06-28 19:16:00,credit,Uber,Transport,1642,Success,0,8040
5352,A179,2024-06-29 15:26:00,credit,Amazon,Shopping,25848,Success,0,475190
5353,A160,2024-06-29 15:17:00,debit,Swiggy,Food,7760,Success,0,13132
5354,A186,2024-06-29 03:04:00,debit,Zomato,Food,27345,Success,0,1509431
5355,A051,2024-06-29 18:37:00,credit,Flipkart,Shopping,4271,Success,0,238612
5356,A048,2024-06-29 21:51:00,credit,Zomato,Food,3973,Success,0,49031
5357,A170,2024-06-29 20:48:00,debit,Amazon,Shopping,2816,Success,0,159639
5358,A157,2024-06-29 19:43:00,debit,Swiggy,Food,13524,Success,0,175079
5359,A172,2024-06-29 19:58:00,debit,Amazon,Shopping,10462,Success,0,224048
5360,A117,2024-06-29 08:10:00,debit,Uber,Transport,3289,Success,0,489792
5361,A019,2024-06-29 15:48:00,debit,Swiggy,Food,2476,Success,0,280677
5362,A096,2024-06-29 07:19:00,debit,Amazon,Shopping,12915,Success,0,425412
5363,A129,2024-06-30 06:25:00,debit,Amazon,Shopping,12781,Failed,0,213491
5364,A084,2024-06-30 09:02:00,credit,Amazon,Shopping,10924,Success,0,274397
5365,A077,2024-06-30 14:25:00,debit,Netflix,Entertainment,4467,Success,0,215631
5366,A019,2024-06-30 15:20:00,debit,Zomato,Food,7101,Success,0,273576
5367,A180,2024-06-30 06:58:00,debit,Amazon,Shopping,8665,Success,0,495206
5368,A052,2024-06-30 22:59:00,debit,Flipkart,Shopping,4478,Success,0,162049
5369,A037,2024-06-30 12:39:00,debit,Flipkart,Shopping,4894,Success,0,198334
5370,A004,2024-06-30 06:35:00,debit,Uber,Transport,6769,Success,0,208402
5371,A034,2024-06-30 10:03:00,credit,Netflix,Entertainment,33297,Success,0,255831
5372,A197,2024-06-30 06:17:00,debit,Flipkart,Shopping,5144,Success,0,257292
5373,A147,2024-06-30 12:38:00,debit,Swiggy,Food,9408,Pending,0,162317
5374,A081,2024-07-01 15:06:00,credit,Salary Deposit,Income,140379,Success,0,715010
5375,A166,2024-07-01 04:39:00,credit,Salary Deposit,Income,48057,Success,0,746971
5376,A192,2024-07-01 08:45:00,credit,Salary Deposit,Income,290511,Success,0,1030143
5377,A029,2024-07-01 01:13:00,credit,Salary Deposit,Income,93151,Success,0,302488
5378,A056,2024-07-01 08:13:00,credit,Salary Deposit,Income,199224,Success,0,135117
5379,A180,2024-07-01 09:47:00,credit,Salary Deposit,Income,85616,Success,0,580822
5380,A175,2024-07-01 04:37:00,credit,Salary Deposit,Income,82793,Success,0,253170
5381,A131,2024-07-01 20:27:00,credit,Salary Deposit,Income,164337,Success,0,919275
5382,A065,2024-07-01 02:16:00,credit,Salary Deposit,Income,46475,Success,0,307845
5383,A079,2024-07-01 04:27:00,credit,Salary Deposit,Income,115765,Success,0,379025
5384,A038,2024-07-01 19:26:00,credit,Salary Deposit,Income,43107,Success,0,249732
5385,A080,2024-07-02 09:20:00,credit,Salary Deposit,Income,46714,Success,0,208407
5386,A101,2024-07-02 19:22:00,credit,Salary Deposit,Income,50821,Success,0,511632
5387,A103,2024-07-02 01:54:00,credit,Salary Deposit,Income,323310,Success,0,894420
5388,A095,2024-07-02 05:14:00,credit,Salary Deposit,Income,95533,Success,0,393581
5389,A112,2024-07-03 06:19:00,credit,Salary Deposit,Income,74305,Success,0,288363
5390,A052,2024-07-03 05:59:00,credit,Salary Deposit,Income,85490,Failed,0,247539
5391,A148,2024-07-03 08:42:00,credit,Salary Deposit,Income,96269,Success,0,537351
5392,A047,2024-07-03 18:46:00,credit,Salary Deposit,Income,60118,Success,0,644012
5393,A118,2024-07-03 13:19:00,credit,Salary Deposit,Income,89666,Success,0,366991
5394,A008,2024-07-03 23:54:00,credit,Salary Deposit,Income,53435,Success,0,361355
5395,A016,2024-07-03 23:55:00,credit,Salary Deposit,Income,66356,Success,0,191763
5396,A095,2024-07-03 00:08:00,credit,Salary Deposit,Income,60099,Success,0,453680
5397,A166,2024-07-04 20:10:00,credit,Salary Deposit,Income,81929,Success,0,828900
5398,A153,2024-07-04 20:27:00,credit,Salary Deposit,Income,103067,Success,0,294739
5399,A165,2024-07-04 21:44:00,credit,Salary Deposit,Income,61416,Success,0,375949
5400,A033,2024-07-04 09:06:00,credit,Salary Deposit,Income,51759,Success,0,448706
5401,A162,2024-07-04 05:48:00,credit,Salary Deposit,Income,83497,Success,0,-39287
5402,A031,2024-07-04 01:21:00,credit,Salary Deposit,Income,93060,Success,0,222768
5403,A168,2024-07-04 16:36:00,credit,Salary Deposit,Income,57627,Success,0,255692
5404,A135,2024-07-04 12:13:00,credit,Salary Deposit,Income,85851,Failed,0,502130
5405,A045,2024-07-04 19:38:00,credit,Salary Deposit,Income,61242,Success,0,281875
5406,A052,2024-07-04 12:15:00,credit,Salary Deposit,Income,77326,Success,0,324865
5407,A123,2024-07-04 08:50:00,credit,Salary Deposit,Income,50463,Success,0,95720
5408,A095,2024-07-04 12:51:00,credit,Salary Deposit,Income,97739,Success,0,551419
5409,A112,2024-07-04 11:48:00,credit,Salary Deposit,Income,49278,Success,0,337641
5410,A100,2024-07-05 22:32:00,credit,Salary Deposit,Income,84980,Success,0,150379
5411,A199,2024-07-05 07:38:00,credit,Salary Deposit,Income,34143,Success,0,231214
5412,A175,2024-07-05 22:03:00,credit,Salary Deposit,Income,65985,Success,0,319155
5413,A039,2024-07-05 12:08:00,credit,Salary Deposit,Income,32314,Success,0,229220
5414,A070,2024-07-05 10:01:00,credit,Salary Deposit,Income,61976,Success,0,398011
5415,A117,2024-07-06 21:59:00,credit,Zomato,Food,10688,Success,0,500480
5416,A104,2024-07-06 19:22:00,debit,Flipkart,Shopping,14035,Success,0,208166
5417,A070,2024-07-06 11:08:00,debit,Swiggy,Food,1591,Success,0,396420
5418,A062,2024-07-06 21:03:00,debit,Zomato,Food,6341,Success,0,622965
5419,A094,2024-07-06 05:01:00,credit,Netflix,Entertainment,10979,Success,0,69412
5420,A121,2024-07-06 13:14:00,credit,Swiggy,Food,7384,Failed,0,94253
5421,A183,2024-07-06 11:41:00,debit,Flipkart,Shopping,9702,Success,0,121247
5422,A078,2024-07-06 01:54:00,debit,Swiggy,Food,5495,Success,0,165577
5423,A184,2024-07-06 01:35:00,credit,Croma,Electronics,6217,Success,0,221528
5424,A136,2024-07-06 20:33:00,debit,Uber,Transport,14793,Success,0,545185
5425,A147,2024-07-06 12:00:00,debit,Netflix,Entertainment,8542,Success,0,153775
5426,A119,2024-07-06 10:45:00,credit,Croma,Electronics,4957,Success,0,245984
5427,A138,2024-07-07 19:30:00,credit,Suspicious Transfer,Fraud,76587,Pending,1,126968
5428,A035,2024-07-07 18:53:00,debit,Swiggy,Food,6958,Success,0,64577
5429,A184,2024-07-07 23:29:00,debit,Swiggy,Food,10221,Success,0,211307
5430,A016,2024-07-07 08:08:00,debit,Zomato,Food,10271,Pending,0,181492
5431,A108,2024-07-07 09:09:00,debit,Uber,Transport,12720,Success,0,169855
5432,A110,2024-07-07 20:23:00,debit,BigBasket,Groceries,1786,Success,0,233877
5433,A133,2024-07-07 01:55:00,debit,Netflix,Entertainment,4014,Success,0,78952
5434,A180,2024-07-07 03:12:00,debit,Netflix,Entertainment,7495,Success,0,573327
5435,A026,2024-07-07 09:01:00,debit,Swiggy,Food,12503,Success,0,61965
5436,A063,2024-07-08 03:24:00,credit,Uber,Transport,5453,Success,0,215151
5437,A088,2024-07-08 03:13:00,debit,Zomato,Food,4722,Success,0,645671
5438,A041,2024-07-08 17:10:00,credit,Swiggy,Food,4401,Success,0,252429
5439,A043,2024-07-08 10:39:00,debit,Zomato,Food,1648,Success,0,195426
5440,A002,2024-07-08 14:00:00,debit,Flipkart,Shopping,962,Success,0,258478
5441,A035,2024-07-08 03:21:00,debit,Netflix,Entertainment,7186,Success,0,57391
5442,A135,2024-07-09 07:30:00,debit,Netflix,Entertainment,6227,Success,0,495903
5443,A134,2024-07-09 17:48:00,debit,Croma,Electronics,20601,Success,0,723724
5444,A164,2024-07-09 22:12:00,debit,Zomato,Food,5959,Success,0,327474
5445,A168,2024-07-09 07:00:00,debit,Flipkart,Shopping,2479,Success,0,253213
5446,A163,2024-07-09 14:57:00,debit,Flipkart,Shopping,7616,Success,0,151104
5447,A170,2024-07-09 22:32:00,credit,Flipkart,Shopping,1504,Success,0,161143
5448,A138,2024-07-09 00:10:00,debit,Croma,Electronics,2225,Success,0,124743
5449,A147,2024-07-09 16:45:00,debit,Croma,Electronics,4451,Success,0,149324
5450,A011,2024-07-09 16:24:00,debit,Croma,Electronics,3147,Success,0,101348
5451,A115,2024-07-10 12:15:00,debit,Swiggy,Food,459,Success,0,410747
5452,A005,2024-07-10 04:18:00,debit,Croma,Electronics,987,Success,0,878665
5453,A185,2024-07-10 06:46:00,debit,Croma,Electronics,7994,Success,0,74720
5454,A059,2024-07-10 06:42:00,credit,Croma,Electronics,5619,Success,0,315356
5455,A103,2024-07-10 09:31:00,debit,Swiggy,Food,12843,Success,0,881577
5456,A051,2024-07-10 12:38:00,credit,Zomato,Food,1803,Success,0,240415
5457,A179,2024-07-10 22:58:00,debit,Amazon,Shopping,15651,Success,0,459539
5458,A138,2024-07-10 18:16:00,debit,BigBasket,Groceries,7997,Success,0,116746
5459,A025,2024-07-10 04:58:00,debit,BigBasket,Groceries,3002,Success,0,403790
5460,A005,2024-07-10 20:51:00,debit,Zomato,Food,2931,Failed,0,875734
5461,A050,2024-07-10 12:15:00,debit,Amazon,Shopping,288,Success,0,440904
5462,A048,2024-07-10 10:08:00,debit,Netflix,Entertainment,6918,Success,0,42113
5463,A078,2024-07-11 20:33:00,debit,Amazon,Shopping,7789,Success,0,157788
5464,A099,2024-07-11 00:42:00,debit,Uber,Transport,3286,Success,0,-22134
5465,A153,2024-07-11 02:51:00,debit,BigBasket,Groceries,4975,Success,0,289764
5466,A125,2024-07-11 05:13:00,debit,Netflix,Entertainment,5954,Success,0,104868
5467,A031,2024-07-11 09:27:00,debit,BigBasket,Groceries,7715,Success,0,215053
5468,A065,2024-07-11 15:43:00,debit,BigBasket,Groceries,4599,Success,0,303246
5469,A101,2024-07-11 12:55:00,debit,Netflix,Entertainment,2876,Success,0,508756
5470,A080,2024-07-11 10:15:00,credit,BigBasket,Groceries,5487,Success,0,213894
5471,A157,2024-07-12 13:38:00,debit,Netflix,Entertainment,6662,Success,0,168417
5472,A139,2024-07-12 13:24:00,debit,Croma,Electronics,2338,Success,0,395622
5473,A007,2024-07-12 04:44:00,debit,Amazon,Shopping,3473,Success,0,-147751
5474,A098,2024-07-12 23:28:00,debit,Netflix,Entertainment,1113,Success,0,99302
5475,A160,2024-07-12 16:35:00,debit,Uber,Transport,2228,Success,0,10904
5476,A120,2024-07-12 10:43:00,debit,Zomato,Food,5856,Success,0,200383
5477,A180,2024-07-12 10:31:00,credit,Zomato,Food,3177,Success,0,576504
5478,A050,2024-07-12 11:04:00,debit,Uber,Transport,5240,Success,0,435664
5479,A200,2024-07-12 14:43:00,credit,Amazon,Shopping,3828,Success,0,664556
5480,A104,2024-07-12 07:25:00,debit,Uber,Transport,6251,Success,0,201915
5481,A068,2024-07-13 21:00:00,debit,Swiggy,Food,12965,Failed,0,490149
5482,A149,2024-07-13 12:21:00,debit,BigBasket,Groceries,5586,Success,0,293780
5483,A200,2024-07-13 13:41:00,debit,Croma,Electronics,14678,Success,0,649878
5484,A112,2024-07-13 02:37:00,credit,Netflix,Entertainment,10337,Pending,0,347978
5485,A059,2024-07-13 10:47:00,debit,Netflix,Entertainment,5207,Success,0,310149
5486,A137,2024-07-13 05:26:00,debit,Croma,Electronics,4102,Success,0,234496
5487,A189,2024-07-13 15:13:00,debit,Netflix,Entertainment,1304,Success,0,423449
5488,A090,2024-07-13 11:47:00,debit,Uber,Transport,10845,Success,0,564396
5489,A052,2024-07-13 03:17:00,debit,Zomato,Food,10574,Success,0,314291
5490,A081,2024-07-13 21:40:00,debit,BigBasket,Groceries,19383,Success,0,695627
5491,A002,2024-07-13 06:11:00,debit,Croma,Electronics,1449,Success,0,257029
5492,A115,2024-07-13 10:25:00,debit,Uber,Transport,3335,Success,0,407412
5493,A140,2024-07-14 21:08:00,debit,Flipkart,Shopping,2922,Success,0,45150
5494,A126,2024-07-14 18:04:00,credit,Uber,Transport,5789,Success,0,-114292
5495,A112,2024-07-14 20:45:00,credit,Zomato,Food,2930,Failed,0,350908
5496,A097,2024-07-14 14:16:00,debit,Croma,Electronics,11034,Success,0,171296
5497,A148,2024-07-14 22:08:00,debit,Netflix,Entertainment,10173,Success,0,527178
5498,A137,2024-07-14 18:13:00,debit,Flipkart,Shopping,7662,Success,0,226834
5499,A195,2024-07-14 04:56:00,debit,Croma,Electronics,9469,Success,0,394718
5500,A030,2024-07-14 01:13:00,debit,Flipkart,Shopping,6973,Success,0,-135876
5501,A190,2024-07-14 17:22:00,debit,Swiggy,Food,11001,Success,0,428384
5502,A071,2024-07-15 14:09:00,debit,Croma,Electronics,5441,Success,0,192015
5503,A180,2024-07-15 12:46:00,debit,Uber,Transport,4101,Success,0,572403
5504,A042,2024-07-15 06:14:00,debit,Zomato,Food,1056,Success,0,235202
5505,A094,2024-07-15 18:19:00,credit,Amazon,Shopping,5284,Success,0,74696
5506,A140,2024-07-15 15:02:00,credit,Zomato,Food,3661,Success,0,48811
5507,A154,2024-07-15 10:31:00,debit,Croma,Electronics,2393,Success,0,72286
5508,A118,2024-07-15 14:40:00,credit,Amazon,Shopping,2168,Success,0,369159
5509,A085,2024-07-15 03:38:00,debit,BigBasket,Groceries,2984,Success,0,122736
5510,A114,2024-07-15 19:41:00,debit,BigBasket,Groceries,722,Pending,0,369988
5511,A164,2024-07-15 12:23:00,credit,Netflix,Entertainment,1336,Success,0,328810
5512,A118,2024-07-15 11:21:00,debit,Uber,Transport,5135,Success,0,364024
5513,A042,2024-07-15 00:39:00,debit,Croma,Electronics,4947,Success,0,230255
5514,A011,2024-07-15 23:46:00,credit,Amazon,Shopping,6301,Success,0,107649
5515,A127,2024-07-16 12:39:00,debit,Flipkart,Shopping,2409,Success,0,509827
5516,A192,2024-07-16 02:40:00,credit,Swiggy,Food,6513,Failed,0,1036656
5517,A134,2024-07-16 07:46:00,debit,Uber,Transport,15177,Success,0,708547
5518,A031,2024-07-16 18:07:00,debit,Amazon,Shopping,4888,Success,0,210165
5519,A052,2024-07-17 14:14:00,debit,Uber,Transport,6260,Success,0,308031
5520,A025,2024-07-17 02:12:00,credit,Flipkart,Shopping,3343,Success,0,407133
5521,A058,2024-07-17 13:43:00,debit,Croma,Electronics,6493,Success,0,-56413
5522,A173,2024-07-17 10:15:00,debit,Amazon,Shopping,6452,Success,0,534194
5523,A148,2024-07-17 12:22:00,debit,Swiggy,Food,2869,Success,0,524309
5524,A087,2024-07-17 20:24:00,debit,Flipkart,Shopping,866,Success,0,96062
5525,A175,2024-07-17 02:18:00,debit,BigBasket,Groceries,6502,Success,0,312653
5526,A117,2024-07-17 02:01:00,debit,Swiggy,Food,7918,Success,0,492562
5527,A095,2024-07-17 13:47:00,credit,BigBasket,Groceries,4078,Success,0,555497
5528,A149,2024-07-18 13:19:00,debit,Netflix,Entertainment,4516,Success,0,289264
5529,A064,2024-07-18 19:18:00,debit,Swiggy,Food,3369,Pending,0,399166
5530,A069,2024-07-18 04:26:00,credit,Croma,Electronics,19176,Success,0,960970
5531,A041,2024-07-18 10:07:00,debit,Croma,Electronics,3954,Success,0,248475
5532,A134,2024-07-18 04:08:00,debit,BigBasket,Groceries,6027,Success,0,702520
5533,A187,2024-07-18 06:31:00,debit,Zomato,Food,4246,Success,0,95014
5534,A146,2024-07-19 10:23:00,debit,Swiggy,Food,817,Success,0,445902
5535,A031,2024-07-19 09:35:00,debit,Uber,Transport,3787,Success,0,206378
5536,A104,2024-07-19 00:40:00,debit,Flipkart,Shopping,251,Success,0,201664
5537,A012,2024-07-19 11:39:00,debit,Swiggy,Food,575,Success,0,54283
5538,A186,2024-07-19 02:01:00,debit,Zomato,Food,14166,Success,0,1495265
5539,A145,2024-07-19 06:03:00,debit,BigBasket,Groceries,6121,Success,0,286960
5540,A032,2024-07-19 16:42:00,debit,Swiggy,Food,3539,Success,0,325713
5541,A079,2024-07-19 23:32:00,debit,Netflix,Entertainment,1812,Success,0,377213
5542,A185,2024-07-19 06:45:00,debit,Amazon,Shopping,2663,Success,0,72057
5543,A038,2024-07-19 12:02:00,debit,Flipkart,Shopping,2561,Success,0,247171
5544,A003,2024-07-19 22:26:00,debit,Zomato,Food,4002,Success,0,319551
5545,A005,2024-07-20 16:43:00,debit,Croma,Electronics,37515,Success,0,838219
5546,A166,2024-07-20 09:51:00,credit,Netflix,Entertainment,8739,Success,0,837639
5547,A041,2024-07-20 21:45:00,debit,Netflix,Entertainment,7628,Success,0,240847
5548,A078,2024-07-20 21:36:00,debit,Flipkart,Shopping,6981,Success,0,150807
5549,A088,2024-07-20 16:14:00,debit,Flipkart,Shopping,12953,Success,0,632718
5550,A074,2024-07-20 08:04:00,credit,Suspicious Transfer,Fraud,130710,Success,1,508977
5551,A126,2024-07-20 03:03:00,debit,Amazon,Shopping,2803,Success,0,-117095
5552,A142,2024-07-20 23:08:00,credit,Netflix,Entertainment,9955,Success,0,14988
5553,A038,2024-07-20 05:43:00,credit,Zomato,Food,9725,Success,0,256896
5554,A030,2024-07-20 02:01:00,credit,Swiggy,Food,5455,Success,0,-130421
5555,A013,2024-07-20 19:20:00,credit,Netflix,Entertainment,14070,Success,0,103104
5556,A103,2024-07-20 10:02:00,credit,Amazon,Shopping,28719,Success,0,910296
5557,A073,2024-07-20 08:24:00,debit,Croma,Electronics,9624,Success,0,-39711
5558,A073,2024-07-21 06:19:00,debit,Swiggy,Food,12196,Success,0,-51907
5559,A036,2024-07-21 23:28:00,debit,Flipkart,Shopping,1778,Success,0,10822
5560,A004,2024-07-21 18:05:00,debit,BigBasket,Groceries,11739,Success,0,196663
5561,A055,2024-07-21 02:59:00,debit,Flipkart,Shopping,5937,Success,0,-163413
5562,A013,2024-07-21 07:51:00,credit,Flipkart,Shopping,3468,Success,0,106572
5563,A043,2024-07-21 22:48:00,debit,Uber,Transport,1037,Success,0,194389
5564,A028,2024-07-21 05:07:00,debit,Croma,Electronics,10692,Success,0,454972
5565,A120,2024-07-21 11:44:00,debit,Flipkart,Shopping,8410,Success,0,191973
5566,A031,2024-07-21 01:20:00,debit,Netflix,Entertainment,2169,Failed,0,204209
5567,A005,2024-07-22 01:31:00,credit,Flipkart,Shopping,19560,Success,0,857779
5568,A134,2024-07-22 15:57:00,debit,Suspicious Transfer,Fraud,118340,Success,1,584180
5569,A136,2024-07-22 00:32:00,debit,Suspicious Transfer,Fraud,124328,Success,1,420857
5570,A101,2024-07-23 12:01:00,debit,Zomato,Food,504,Success,0,508252
5571,A177,2024-07-23 20:45:00,debit,Croma,Electronics,6304,Success,0,267779
5572,A062,2024-07-23 17:58:00,debit,Flipkart,Shopping,3847,Success,0,619118
5573,A174,2024-07-23 08:22:00,debit,Amazon,Shopping,1496,Success,0,260970
5574,A131,2024-07-23 21:24:00,debit,Amazon,Shopping,18660,Success,0,900615
5575,A191,2024-07-23 04:46:00,debit,Amazon,Shopping,4901,Success,0,174748
5576,A031,2024-07-24 04:16:00,debit,Zomato,Food,7686,Success,0,196523
5577,A197,2024-07-24 02:11:00,debit,Croma,Electronics,1418,Success,0,255874
5578,A138,2024-07-24 16:39:00,debit,Amazon,Shopping,1716,Pending,0,115030
5579,A112,2024-07-24 16:03:00,debit,Flipkart,Shopping,7457,Success,0,343451
5580,A037,2024-07-24 16:06:00,debit,Croma,Electronics,3901,Success,0,194433
5581,A095,2024-07-24 13:47:00,debit,Zomato,Food,284,Failed,0,555213
5582,A176,2024-07-24 13:44:00,debit,Swiggy,Food,18513,Success,0,153295
5583,A142,2024-07-24 11:51:00,debit,Netflix,Entertainment,7598,Success,0,7390
5584,A097,2024-07-24 10:51:00,debit,Swiggy,Food,3829,Success,0,167467
5585,A061,2024-07-24 05:02:00,debit,BigBasket,Groceries,6725,Success,0,270393
5586,A073,2024-07-24 23:24:00,debit,Flipkart,Shopping,577,Success,0,-52484
5587,A068,2024-07-25 14:32:00,credit,Uber,Transport,1779,Success,0,491928
5588,A122,2024-07-25 09:09:00,debit,Netflix,Entertainment,1077,Success,0,-54967
5589,A135,2024-07-25 06:52:00,debit,Flipkart,Shopping,4642,Failed,0,491261
5590,A144,2024-07-25 22:18:00,debit,BigBasket,Groceries,2432,Success,0,579279
5591,A180,2024-07-25 12:11:00,debit,BigBasket,Groceries,4325,Success,0,568078
5592,A165,2024-07-26 03:15:00,credit,BigBasket,Groceries,7628,Failed,0,383577
5593,A179,2024-07-26 18:11:00,debit,Flipkart,Shopping,2127,Success,0,457412
5594,A066,2024-07-26 23:56:00,debit,Zomato,Food,5159,Failed,0,341552
5595,A139,2024-07-26 04:28:00,debit,Croma,Electronics,1398,Success,0,394224
5596,A085,2024-07-26 06:30:00,debit,Amazon,Shopping,2176,Success,0,120560
5597,A097,2024-07-26 22:32:00,debit,Uber,Transport,4574,Success,0,162893
5598,A111,2024-07-26 19:24:00,credit,Amazon,Shopping,2127,Pending,0,364162
5599,A095,2024-07-26 22:57:00,debit,Flipkart,Shopping,2551,Success,0,552662
5600,A129,2024-07-26 09:33:00,debit,Uber,Transport,5068,Success,0,208423
5601,A085,2024-07-26 06:34:00,debit,Netflix,Entertainment,4242,Success,0,116318
5602,A028,2024-07-26 04:03:00,debit,Amazon,Shopping,1543,Success,0,453429
5603,A200,2024-07-26 17:38:00,debit,Uber,Transport,6669,Success,0,643209
5604,A186,2024-07-27 05:50:00,debit,Croma,Electronics,34062,Success,0,1461203
5605,A137,2024-07-27 14:53:00,debit,BigBasket,Groceries,9227,Success,0,217607
5606,A071,2024-07-27 14:04:00,debit,BigBasket,Groceries,12888,Success,0,179127
5607,A066,2024-07-27 09:46:00,debit,Uber,Transport,11917,Success,0,329635
5608,A096,2024-07-27 10:13:00,debit,Amazon,Shopping,6699,Pending,0,418713
5609,A090,2024-07-27 06:13:00,debit,Croma,Electronics,5617,Success,0,558779
5610,A051,2024-07-27 09:40:00,credit,Uber,Transport,4362,Success,0,244777
5611,A133,2024-07-28 21:40:00,credit,Uber,Transport,4678,Success,0,83630
5612,A096,2024-07-28 08:00:00,debit,Zomato,Food,9754,Success,0,408959
5613,A042,2024-07-28 06:35:00,debit,Netflix,Entertainment,5984,Success,0,224271
5614,A200,2024-07-28 17:18:00,debit,BigBasket,Groceries,11381,Success,0,631828
5615,A147,2024-07-28 04:49:00,debit,Swiggy,Food,11525,Success,0,137799
5616,A072,2024-07-29 01:53:00,debit,Netflix,Entertainment,7538,Failed,0,43786
5617,A101,2024-07-29 19:57:00,debit,Zomato,Food,7986,Success,0,500266
5618,A029,2024-07-29 19:41:00,debit,BigBasket,Groceries,3460,Success,0,299028
5619,A080,2024-07-29 08:29:00,credit,Zomato,Food,5950,Success,0,219844
5620,A184,2024-07-29 17:07:00,debit,Amazon,Shopping,3263,Success,0,208044
5621,A068,2024-07-29 01:30:00,debit,Croma,Electronics,5899,Success,0,486029
5622,A087,2024-07-29 12:50:00,debit,Croma,Electronics,3093,Success,0,92969
5623,A032,2024-07-29 20:21:00,debit,Zomato,Food,3688,Success,0,322025
5624,A035,2024-07-29 03:03:00,credit,Netflix,Entertainment,3301,Success,0,60692
5625,A048,2024-07-30 18:16:00,credit,Flipkart,Shopping,2870,Success,0,44983
5626,A145,2024-07-30 02:36:00,debit,Amazon,Shopping,4465,Success,0,282495
5627,A063,2024-07-30 18:01:00,debit,Amazon,Shopping,3142,Success,0,212009
5628,A176,2024-07-30 19:56:00,debit,Amazon,Shopping,21240,Success,0,132055
5629,A146,2024-07-30 09:16:00,credit,Uber,Transport,1970,Success,0,447872
5630,A037,2024-07-30 11:17:00,debit,Zomato,Food,4204,Success,0,190229
5631,A126,2024-07-30 02:14:00,debit,Swiggy,Food,7437,Success,0,-124532
5632,A005,2024-07-30 04:34:00,debit,Amazon,Shopping,20811,Success,0,836968
5633,A095,2024-07-31 22:31:00,debit,Zomato,Food,7281,Success,0,545381
5634,A171,2024-07-31 15:15:00,debit,Amazon,Shopping,1969,Success,0,124303
5635,A015,2024-07-31 12:14:00,debit,Flipkart,Shopping,4564,Success,0,368358
5636,A103,2024-07-31 03:09:00,debit,Flipkart,Shopping,10503,Success,0,899793
5637,A072,2024-07-31 12:06:00,debit,Croma,Electronics,7620,Success,0,36166
5638,A053,2024-07-31 13:43:00,debit,Amazon,Shopping,5009,Success,0,-51498
5639,A055,2024-07-31 21:41:00,debit,Amazon,Shopping,7443,Success,0,-170856
5640,A066,2024-07-31 07:11:00,debit,BigBasket,Groceries,7062,Success,0,322573
5641,A166,2024-07-31 09:42:00,credit,Suspicious Transfer,Fraud,65209,Success,1,902848
5642,A048,2024-07-31 06:37:00,debit,Netflix,Entertainment,5910,Success,0,39073
5643,A184,2024-07-31 01:36:00,debit,Uber,Transport,5707,Failed,0,202337
5644,A194,2024-08-01 08:53:00,credit,Suspicious Transfer,Fraud,171384,Failed,1,112546
5645,A156,2024-08-01 21:38:00,credit,Salary Deposit,Income,76647,Failed,0,101585
5646,A061,2024-08-01 20:21:00,credit,Salary Deposit,Income,51395,Success,0,321788
5647,A133,2024-08-02 08:51:00,credit,Salary Deposit,Income,64769,Success,0,148399
5648,A177,2024-08-02 19:44:00,credit,Salary Deposit,Income,106004,Success,0,373783
5649,A115,2024-08-02 09:34:00,credit,Salary Deposit,Income,115561,Success,0,522973
5650,A173,2024-08-02 23:04:00,credit,Salary Deposit,Income,69294,Success,0,603488
5651,A088,2024-08-02 04:58:00,credit,Salary Deposit,Income,40610,Success,0,673328
5652,A026,2024-08-02 04:59:00,credit,Salary Deposit,Income,98860,Success,0,160825
5653,A155,2024-08-02 10:41:00,credit,Salary Deposit,Income,103225,Success,0,38715
5654,A136,2024-08-02 20:09:00,credit,Salary Deposit,Income,35476,Success,0,456333
5655,A179,2024-08-02 12:32:00,credit,Salary Deposit,Income,268416,Success,0,725828
5656,A095,2024-08-02 08:04:00,credit,Salary Deposit,Income,91914,Success,0,637295
5657,A137,2024-08-02 03:52:00,credit,Salary Deposit,Income,34718,Success,0,252325
5658,A156,2024-08-03 06:31:00,credit,Salary Deposit,Income,79995,Success,0,181580
5659,A025,2024-08-03 12:34:00,credit,Salary Deposit,Income,38285,Success,0,445418
5660,A143,2024-08-03 22:24:00,credit,Salary Deposit,Income,252336,Pending,0,18776
5661,A098,2024-08-03 13:48:00,credit,Salary Deposit,Income,237387,Success,0,336689
5662,A052,2024-08-03 15:29:00,credit,Salary Deposit,Income,87120,Success,0,395151
5663,A013,2024-08-03 18:04:00,credit,Salary Deposit,Income,36542,Success,0,143114
5664,A126,2024-08-03 16:06:00,credit,Salary Deposit,Income,52619,Success,0,-71913
5665,A071,2024-08-03 17:13:00,credit,Salary Deposit,Income,43805,Success,0,222932
5666,A166,2024-08-03 14:51:00,credit,Salary Deposit,Income,51133,Success,0,953981
5667,A002,2024-08-04 08:39:00,credit,Salary Deposit,Income,102732,Success,0,359761
5668,A192,2024-08-04 21:14:00,credit,Salary Deposit,Income,131904,Success,0,1168560
5669,A177,2024-08-04 13:13:00,credit,Salary Deposit,Income,90005,Success,0,463788
5670,A184,2024-08-04 04:46:00,credit,Salary Deposit,Income,72611,Success,0,274948
5671,A025,2024-08-04 21:47:00,credit,Salary Deposit,Income,119786,Success,0,565204
5672,A187,2024-08-04 02:47:00,credit,Salary Deposit,Income,92760,Success,0,187774
5673,A094,2024-08-05 00:38:00,credit,Salary Deposit,Income,82190,Success,0,156886
5674,A016,2024-08-05 10:53:00,credit,Salary Deposit,Income,39143,Success,0,220635
5675,A028,2024-08-05 12:10:00,credit,Salary Deposit,Income,95103,Success,0,548532
5676,A196,2024-08-05 04:20:00,credit,Salary Deposit,Income,89377,Success,0,421518
5677,A020,2024-08-05 13:27:00,credit,Salary Deposit,Income,44516,Success,0,83272
5678,A138,2024-08-05 07:22:00,credit,Salary Deposit,Income,106978,Success,0,222008
5679,A030,2024-08-05 21:51:00,credit,Salary Deposit,Income,46899,Success,0,-83522
5680,A159,2024-08-05 00:45:00,credit,Salary Deposit,Income,41008,Success,0,372801
5681,A105,2024-08-05 05:43:00,credit,Salary Deposit,Income,54717,Failed,0,406846
5682,A165,2024-08-05 15:02:00,credit,Salary Deposit,Income,38046,Success,0,421623
5683,A092,2024-08-05 05:03:00,credit,Salary Deposit,Income,106567,Success,0,280606
5684,A101,2024-08-06 01:25:00,credit,Swiggy,Food,5203,Success,0,505469
5685,A163,2024-08-06 11:48:00,debit,Netflix,Entertainment,4428,Success,0,146676
5686,A072,2024-08-06 07:09:00,debit,Zomato,Food,3342,Success,0,32824
5687,A153,2024-08-06 19:09:00,debit,BigBasket,Groceries,2154,Success,0,287610
5688,A100,2024-08-06 22:10:00,debit,Netflix,Entertainment,6013,Success,0,144366
5689,A189,2024-08-07 04:55:00,debit,Zomato,Food,200,Success,0,423249
5690,A031,2024-08-07 11:57:00,credit,Swiggy,Food,5157,Success,0,201680
5691,A195,2024-08-07 07:52:00,debit,Netflix,Entertainment,537,Success,0,394181
5692,A101,2024-08-07 14:35:00,debit,Netflix,Entertainment,7043,Success,0,498426
5693,A015,2024-08-07 22:16:00,debit,BigBasket,Groceries,3859,Success,0,364499
5694,A065,2024-08-07 09:29:00,debit,Netflix,Entertainment,2666,Success,0,300580
5695,A156,2024-08-07 04:56:00,debit,Croma,Electronics,2041,Success,0,179539
5696,A175,2024-08-07 01:21:00,credit,Suspicious Transfer,Fraud,190125,Success,1,502778
5697,A012,2024-08-07 23:16:00,credit,Zomato,Food,6223,Success,0,60506
5698,A195,2024-08-08 02:48:00,debit,BigBasket,Groceries,5220,Success,0,388961
5699,A076,2024-08-08 22:04:00,credit,Flipkart,Shopping,1558,Success,0,89962
5700,A143,2024-08-08 14:04:00,debit,Croma,Electronics,9222,Success,0,9554
5701,A136,2024-08-08 22:26:00,debit,Zomato,Food,550,Success,0,455783
5702,A056,2024-08-08 15:54:00,debit,BigBasket,Groceries,10179,Success,0,124938
5703,A036,2024-08-08 07:03:00,credit,BigBasket,Groceries,349,Success,0,11171
5704,A195,2024-08-08 17:44:00,debit,Flipkart,Shopping,4433,Success,0,384528
5705,A162,2024-08-08 04:59:00,debit,Flipkart,Shopping,6886,Success,0,-46173
5706,A186,2024-08-08 09:04:00,credit,Croma,Electronics,10551,Failed,0,1471754
5707,A078,2024-08-08 08:19:00,credit,Zomato,Food,1059,Success,0,151866
5708,A071,2024-08-08 03:29:00,debit,Amazon,Shopping,7733,Success,0,215199
5709,A075,2024-08-08 15:52:00,debit,Netflix,Entertainment,2082,Pending,0,100958
5710,A053,2024-08-09 15:12:00,debit,Swiggy,Food,420,Success,0,-51918
5711,A047,2024-08-09 16:14:00,debit,BigBasket,Groceries,3204,Success,0,640808
5712,A065,2024-08-09 09:07:00,debit,Flipkart,Shopping,2298,Success,0,298282
5713,A199,2024-08-10 22:39:00,debit,Croma,Electronics,8165,Success,0,223049
5714,A014,2024-08-10 07:51:00,debit,Netflix,Entertainment,13158,Success,0,-5118
5715,A125,2024-08-10 03:11:00,debit,BigBasket,Groceries,12999,Success,0,91869
5716,A147,2024-08-10 06:59:00,debit,Zomato,Food,1544,Success,0,136255
5717,A197,2024-08-10 16:30:00,debit,Amazon,Shopping,5420,Success,0,250454
5718,A081,2024-08-10 08:30:00,debit,Flipkart,Shopping,44022,Success,0,651605
5719,A078,2024-08-10 11:03:00,debit,Uber,Transport,1860,Success,0,150006
5720,A193,2024-08-10 01:00:00,debit,Uber,Transport,2158,Success,0,522607
5721,A073,2024-08-10 09:39:00,debit,Amazon,Shopping,3216,Success,0,-55700
5722,A053,2024-08-10 11:02:00,debit,Flipkart,Shopping,6534,Failed,0,-58452
5723,A105,2024-08-10 02:07:00,debit,Flipkart,Shopping,5142,Success,0,401704
5724,A142,2024-08-10 12:33:00,credit,Swiggy,Food,11590,Success,0,18980
5725,A186,2024-08-11 01:52:00,debit,Zomato,Food,35358,Pending,0,1436396
5726,A055,2024-08-11 10:33:00,debit,BigBasket,Groceries,4238,Success,0,-175094
5727,A051,2024-08-11 16:54:00,credit,Amazon,Shopping,11781,Success,0,256558
5728,A174,2024-08-11 05:41:00,debit,Croma,Electronics,4732,Success,0,256238
5729,A085,2024-08-11 21:03:00,debit,BigBasket,Groceries,1680,Success,0,114638
5730,A135,2024-08-11 19:08:00,credit,Suspicious Transfer,Fraud,109494,Success,1,600755
5731,A011,2024-08-11 19:33:00,credit,Amazon,Shopping,13072,Success,0,120721
5732,A086,2024-08-11 21:05:00,debit,Swiggy,Food,11456,Success,0,108401
5733,A076,2024-08-11 15:40:00,debit,Netflix,Entertainment,14163,Success,0,75799
5734,A043,2024-08-11 10:12:00,debit,Zomato,Food,11933,Success,0,182456
5735,A087,2024-08-12 13:00:00,debit,Netflix,Entertainment,5119,Pending,0,87850
5736,A104,2024-08-12 03:09:00,debit,Flipkart,Shopping,5917,Success,0,195747
5737,A068,2024-08-12 16:00:00,debit,Zomato,Food,5670,Success,0,480359
5738,A171,2024-08-12 15:47:00,debit,Amazon,Shopping,5089,Success,0,119214
5739,A179,2024-08-12 03:29:00,debit,Netflix,Entertainment,13971,Success,0,711857
5740,A049,2024-08-13 07:37:00,debit,Zomato,Food,6371,Success,0,425594
5741,A072,2024-08-13 08:36:00,debit,Amazon,Shopping,772,Failed,0,32052
5742,A173,2024-08-13 19:22:00,credit,Swiggy,Food,7637,Success,0,611125
5743,A101,2024-08-13 19:32:00,debit,Uber,Transport,679,Success,0,497747
5744,A131,2024-08-13 23:19:00,debit,Croma,Electronics,3054,Success,0,897561
5745,A005,2024-08-13 03:00:00,debit,Zomato,Food,6129,Success,0,830839
5746,A017,2024-08-13 03:20:00,credit,Flipkart,Shopping,2750,Success,0,300003
5747,A120,2024-08-13 11:03:00,debit,Swiggy,Food,1971,Success,0,190002
5748,A122,2024-08-14 01:29:00,debit,BigBasket,Groceries,7105,Success,0,-62072
5749,A154,2024-08-14 06:18:00,credit,BigBasket,Groceries,4872,Success,0,77158
5750,A031,2024-08-14 13:30:00,debit,Netflix,Entertainment,3244,Success,0,198436
5751,A123,2024-08-14 00:37:00,debit,BigBasket,Groceries,226,Failed,0,95494
5752,A063,2024-08-14 11:06:00,debit,Zomato,Food,4793,Success,0,207216
5753,A166,2024-08-14 00:32:00,debit,Zomato,Food,5922,Failed,0,948059
5754,A142,2024-08-14 21:26:00,debit,Swiggy,Food,1343,Success,0,17637
5755,A065,2024-08-14 11:47:00,credit,Croma,Electronics,7470,Success,0,305752
5756,A191,2024-08-14 08:59:00,debit,Zomato,Food,325,Success,0,174423
5757,A171,2024-08-14 08:22:00,credit,Zomato,Food,3677,Success,0,122891
5758,A068,2024-08-14 21:03:00,debit,Swiggy,Food,5695,Success,0,474664
5759,A126,2024-08-15 05:44:00,debit,Croma,Electronics,6118,Success,0,-78031
5760,A076,2024-08-15 14:54:00,credit,Netflix,Entertainment,3373,Pending,0,79172
5761,A097,2024-08-15 23:57:00,debit,Flipkart,Shopping,5500,Success,0,157393
5762,A111,2024-08-15 00:39:00,debit,Amazon,Shopping,5385,Success,0,358777
5763,A061,2024-08-15 18:17:00,credit,Uber,Transport,4711,Failed,0,326499
5764,A044,2024-08-15 14:20:00,credit,BigBasket,Groceries,404,Success,0,345383
5765,A113,2024-08-16 01:04:00,debit,Amazon,Shopping,7395,Success,0,161386
5766,A112,2024-08-16 05:18:00,debit,Flipkart,Shopping,3127,Success,0,340324
5767,A076,2024-08-16 17:46:00,credit,Amazon,Shopping,3471,Success,0,82643
5768,A195,2024-08-16 08:02:00,credit,Netflix,Entertainment,6092,Success,0,390620
5769,A014,2024-08-16 05:07:00,debit,Uber,Transport,1916,Success,0,-7034
5770,A016,2024-08-16 05:09:00,debit,Uber,Transport,2559,Success,0,218076
5771,A090,2024-08-17 18:00:00,credit,Uber,Transport,13574,Success,0,572353
5772,A135,2024-08-17 17:45:00,debit,Croma,Electronics,5157,Success,0,595598
5773,A122,2024-08-17 11:15:00,debit,Flipkart,Shopping,13432,Success,0,-75504
5774,A136,2024-08-17 08:34:00,debit,Netflix,Entertainment,3828,Success,0,451955
5775,A180,2024-08-17 19:19:00,debit,Uber,Transport,1559,Success,0,566519
5776,A131,2024-08-17 09:36:00,credit,Zomato,Food,26556,Success,0,924117
5777,A131,2024-08-17 09:04:00,debit,Flipkart,Shopping,39666,Success,0,884451
5778,A123,2024-08-17 12:07:00,credit,Netflix,Entertainment,10578,Success,0,106072
5779,A149,2024-08-17 22:49:00,debit,Uber,Transport,2093,Failed,0,287171
5780,A166,2024-08-17 20:36:00,debit,BigBasket,Groceries,5267,Success,0,942792
5781,A043,2024-08-17 00:46:00,debit,Flipkart,Shopping,9376,Success,0,173080
5782,A146,2024-08-17 05:40:00,debit,BigBasket,Groceries,2962,Success,0,444910
5783,A005,2024-08-18 07:25:00,debit,Croma,Electronics,9690,Success,0,821149
5784,A125,2024-08-18 02:22:00,debit,Netflix,Entertainment,8221,Success,0,83648
5785,A113,2024-08-18 18:23:00,debit,BigBasket,Groceries,7832,Success,0,153554
5786,A145,2024-08-18 23:19:00,debit,Croma,Electronics,1964,Pending,0,280531
5787,A055,2024-08-18 03:49:00,debit,Uber,Transport,9712,Success,0,-184806
5788,A121,2024-08-19 11:14:00,debit,Swiggy,Food,6044,Success,0,88209
5789,A005,2024-08-19 16:51:00,debit,Croma,Electronics,9798,Success,0,811351
5790,A056,2024-08-19 10:40:00,debit,Flipkart,Shopping,21576,Success,0,103362
5791,A117,2024-08-19 16:52:00,credit,Netflix,Entertainment,7857,Success,0,500419
5792,A126,2024-08-19 05:22:00,credit,Swiggy,Food,4556,Success,0,-73475
5793,A122,2024-08-19 11:37:00,debit,Uber,Transport,6768,Failed,0,-82272
5794,A011,2024-08-19 20:37:00,debit,Amazon,Shopping,843,Success,0,119878
5795,A170,2024-08-19 03:52:00,debit,Netflix,Entertainment,726,Success,0,160417
5796,A048,2024-08-20 16:30:00,debit,BigBasket,Groceries,3768,Success,0,35305
5797,A117,2024-08-20 23:48:00,credit,Amazon,Shopping,4845,Success,0,505264
5798,A008,2024-08-20 09:56:00,debit,Flipkart,Shopping,3789,Success,0,357566
5799,A122,2024-08-20 19:37:00,debit,BigBasket,Groceries,7901,Success,0,-90173
5800,A037,2024-08-20 20:07:00,debit,Amazon,Shopping,3200,Success,0,187029
5801,A156,2024-08-20 03:01:00,debit,Uber,Transport,4268,Success,0,175271
5802,A125,2024-08-20 21:53:00,credit,Flipkart,Shopping,6598,Success,0,90246
5803,A159,2024-08-20 13:56:00,debit,Uber,Transport,6921,Success,0,365880
5804,A192,2024-08-20 08:47:00,debit,Uber,Transport,7362,Success,0,1161198
5805,A007,2024-08-20 07:59:00,credit,Amazon,Shopping,3796,Success,0,-143955
5806,A154,2024-08-21 13:03:00,credit,Swiggy,Food,3524,Success,0,80682
5807,A085,2024-08-21 02:21:00,debit,Amazon,Shopping,2432,Success,0,112206
5808,A156,2024-08-21 13:32:00,debit,Croma,Electronics,7809,Success,0,167462
5809,A122,2024-08-22 22:21:00,debit,BigBasket,Groceries,1641,Success,0,-91814
5810,A162,2024-08-22 16:13:00,debit,Uber,Transport,6157,Success,0,-52330
5811,A069,2024-08-22 19:28:00,debit,Swiggy,Food,13140,Success,0,947830
5812,A123,2024-08-22 22:08:00,debit,BigBasket,Groceries,7227,Success,0,98845
5813,A069,2024-08-23 02:24:00,debit,Swiggy,Food,17886,Success,0,929944
5814,A085,2024-08-23 10:29:00,debit,Croma,Electronics,7393,Success,0,104813
5815,A076,2024-08-23 23:53:00,debit,Swiggy,Food,3041,Success,0,79602
5816,A024,2024-08-23 16:54:00,debit,Zomato,Food,23241,Success,0,162265
5817,A060,2024-08-23 06:10:00,debit,Croma,Electronics,2091,Success,0,319036
5818,A070,2024-08-23 12:28:00,debit,Uber,Transport,366,Success,0,396054
5819,A030,2024-08-23 05:34:00,debit,Swiggy,Food,6155,Success,0,-89677
5820,A037,2024-08-23 10:47:00,debit,BigBasket,Groceries,1098,Success,0,185931
5821,A098,2024-08-23 01:46:00,debit,Croma,Electronics,2439,Success,0,334250
5822,A138,2024-08-23 02:23:00,credit,Amazon,Shopping,3389,Success,0,225397
5823,A118,2024-08-23 13:52:00,debit,Swiggy,Food,3110,Failed,0,360914
5824,A002,2024-08-23 06:14:00,debit,Croma,Electronics,4871,Success,0,354890
5825,A181,2024-08-23 05:46:00,credit,Swiggy,Food,5528,Success,0,-22659
5826,A050,2024-08-24 23:29:00,debit,BigBasket,Groceries,9722,Success,0,425942
5827,A003,2024-08-24 10:09:00,debit,Amazon,Shopping,3816,Pending,0,315735
5828,A094,2024-08-24 16:19:00,credit,Flipkart,Shopping,10992,Success,0,167878
5829,A149,2024-08-24 07:01:00,credit,Netflix,Entertainment,2005,Success,0,289176
5830,A194,2024-08-25 01:54:00,debit,Flipkart,Shopping,14696,Success,0,97850
5831,A017,2024-08-25 11:26:00,credit,Amazon,Shopping,1083,Success,0,301086
5832,A013,2024-08-25 12:18:00,credit,Netflix,Entertainment,3117,Success,0,146231
5833,A087,2024-08-25 06:32:00,credit,Uber,Transport,3330,Success,0,91180
5834,A013,2024-08-25 23:35:00,debit,Uber,Transport,1090,Success,0,145141
5835,A138,2024-08-26 18:25:00,debit,Flipkart,Shopping,482,Success,0,224915
5836,A039,2024-08-26 16:56:00,debit,Flipkart,Shopping,2106,Success,0,227114
5837,A164,2024-08-26 04:34:00,credit,Amazon,Shopping,7385,Success,0,336195
5838,A071,2024-08-26 08:37:00,debit,Uber,Transport,3877,Success,0,211322
5839,A051,2024-08-26 22:02:00,debit,Zomato,Food,1947,Success,0,254611
5840,A118,2024-08-26 04:57:00,debit,Croma,Electronics,2956,Success,0,357958
5841,A072,2024-08-26 16:25:00,credit,BigBasket,Groceries,1579,Success,0,33631
5842,A163,2024-08-26 00:20:00,debit,Swiggy,Food,7087,Success,0,139589
5843,A052,2024-08-26 17:40:00,credit,Uber,Transport,1576,Success,0,396727
5844,A170,2024-08-26 10:35:00,debit,Suspicious Transfer,Fraud,168227,Success,1,-7810
5845,A036,2024-08-26 08:56:00,debit,Croma,Electronics,596,Success,0,10575
5846,A088,2024-08-26 18:17:00,credit,BigBasket,Groceries,390,Success,0,673718
5847,A148,2024-08-27 03:36:00,debit,Swiggy,Food,3951,Success,0,520358
5848,A028,2024-08-27 08:43:00,debit,Netflix,Entertainment,3781,Success,0,544751
5849,A135,2024-08-27 14:58:00,debit,Netflix,Entertainment,327,Success,0,595271
5850,A044,2024-08-27 12:28:00,debit,BigBasket,Groceries,545,Success,0,344838
5851,A041,2024-08-27 01:24:00,debit,Croma,Electronics,6084,Success,0,234763
5852,A068,2024-08-27 12:14:00,debit,Flipkart,Shopping,7092,Success,0,467572
5853,A192,2024-08-27 20:52:00,debit,Swiggy,Food,16287,Success,0,1144911
5854,A039,2024-08-27 20:43:00,credit,Swiggy,Food,7107,Success,0,234221
5855,A163,2024-08-27 16:02:00,debit,Croma,Electronics,4261,Success,0,135328
5856,A145,2024-08-27 01:45:00,debit,Uber,Transport,1720,Success,0,278811
5857,A129,2024-08-27 00:07:00,debit,Suspicious Transfer,Fraud,62027,Success,1,146396
5858,A053,2024-08-28 09:58:00,debit,Amazon,Shopping,4267,Success,0,-62719
5859,A028,2024-08-28 21:28:00,credit,Swiggy,Food,7635,Success,0,552386
5860,A068,2024-08-28 17:59:00,debit,Croma,Electronics,6585,Success,0,460987
5861,A007,2024-08-28 06:06:00,debit,Uber,Transport,7426,Success,0,-151381
5862,A074,2024-08-28 19:16:00,debit,Croma,Electronics,2655,Failed,0,506322
5863,A014,2024-08-28 19:59:00,debit,Uber,Transport,750,Success,0,-7784
5864,A043,2024-08-29 08:24:00,debit,Zomato,Food,6469,Success,0,166611
5865,A171,2024-08-29 10:12:00,debit,Flipkart,Shopping,7373,Success,0,115518
5866,A081,2024-08-29 17:35:00,debit,Flipkart,Shopping,18222,Success,0,633383
5867,A039,2024-08-29 06:57:00,debit,Flipkart,Shopping,1234,Success,0,232987
5868,A035,2024-08-29 00:19:00,debit,Uber,Transport,6860,Success,0,53832
5869,A007,2024-08-29 21:40:00,debit,Amazon,Shopping,4083,Success,0,-155464
5870,A123,2024-08-29 01:47:00,debit,Netflix,Entertainment,5438,Success,0,93407
5871,A037,2024-08-29 07:01:00,debit,Zomato,Food,995,Success,0,184936
5872,A103,2024-08-29 17:15:00,debit,Zomato,Food,10032,Success,0,889761
5873,A200,2024-08-30 19:49:00,debit,Flipkart,Shopping,2316,Success,0,629512
5874,A149,2024-08-30 22:13:00,debit,Netflix,Entertainment,465,Success,0,288711
5875,A008,2024-08-30 10:01:00,debit,Flipkart,Shopping,3028,Success,0,354538
5876,A017,2024-08-30 22:52:00,debit,Suspicious Transfer,Fraud,74634,Success,1,226452
5877,A191,2024-08-30 01:00:00,debit,Croma,Electronics,5146,Success,0,169277
5878,A103,2024-08-30 14:36:00,debit,Zomato,Food,7503,Failed,0,882258
5879,A045,2024-08-30 00:53:00,credit,Swiggy,Food,4390,Success,0,286265
5880,A174,2024-08-30 05:30:00,debit,Uber,Transport,4096,Success,0,252142
5881,A127,2024-08-30 00:06:00,credit,BigBasket,Groceries,2817,Pending,0,512644
5882,A005,2024-08-30 15:30:00,credit,Flipkart,Shopping,13356,Success,0,824707
5883,A090,2024-08-30 04:18:00,debit,Croma,Electronics,6298,Success,0,566055
5884,A060,2024-08-30 16:46:00,debit,Swiggy,Food,321,Success,0,318715
5885,A068,2024-08-31 20:34:00,debit,Croma,Electronics,14307,Success,0,446680
5886,A069,2024-08-31 06:49:00,credit,Amazon,Shopping,14265,Failed,0,944209
5887,A179,2024-08-31 13:18:00,debit,Netflix,Entertainment,27630,Success,0,684227
5888,A049,2024-08-31 07:20:00,credit,Swiggy,Food,8995,Success,0,434589
5889,A142,2024-08-31 00:53:00,debit,Flipkart,Shopping,4714,Success,0,12923
5890,A012,2024-08-31 11:10:00,debit,Zomato,Food,1215,Success,0,59291
5891,A060,2024-08-31 17:14:00,credit,Amazon,Shopping,5557,Success,0,324272
5892,A199,2024-08-31 19:00:00,credit,Zomato,Food,4292,Success,0,227341
5893,A116,2024-08-31 00:42:00,debit,Netflix,Entertainment,4543,Success,0,368807
5894,A004,2024-08-31 10:31:00,credit,Croma,Electronics,12941,Pending,0,209604
5895,A033,2024-08-31 13:32:00,debit,Croma,Electronics,4353,Success,0,444353
5896,A157,2024-09-01 14:08:00,credit,Salary Deposit,Income,97137,Success,0,265554
5897,A149,2024-09-01 11:42:00,credit,Salary Deposit,Income,62340,Success,0,351051
5898,A125,2024-09-02 20:36:00,credit,Salary Deposit,Income,95633,Success,0,185879
5899,A013,2024-09-02 23:15:00,credit,Salary Deposit,Income,54758,Success,0,199899
5900,A031,2024-09-02 21:14:00,credit,Salary Deposit,Income,83832,Success,0,282268
5901,A143,2024-09-02 01:13:00,credit,Salary Deposit,Income,334542,Failed,0,344096
5902,A080,2024-09-03 23:24:00,credit,Salary Deposit,Income,108403,Success,0,328247
5903,A025,2024-09-03 00:05:00,credit,Salary Deposit,Income,32841,Failed,0,598045
5904,A053,2024-09-03 12:12:00,credit,Salary Deposit,Income,34070,Pending,0,-28649
5905,A071,2024-09-03 04:51:00,credit,Salary Deposit,Income,35159,Success,0,246481
5906,A114,2024-09-03 14:55:00,credit,Salary Deposit,Income,92943,Success,0,462931
5907,A066,2024-09-03 15:10:00,credit,Salary Deposit,Income,95032,Success,0,417605
5908,A085,2024-09-03 00:05:00,credit,Salary Deposit,Income,77021,Failed,0,181834
5909,A055,2024-09-03 16:52:00,credit,Salary Deposit,Income,69872,Pending,0,-114934
5910,A060,2024-09-03 14:10:00,credit,Salary Deposit,Income,67999,Success,0,392271
5911,A137,2024-09-04 15:00:00,credit,Salary Deposit,Income,61373,Success,0,313698
5912,A147,2024-09-04 18:12:00,credit,Salary Deposit,Income,97177,Success,0,233432
5913,A002,2024-09-04 13:21:00,credit,Salary Deposit,Income,105588,Failed,0,460478
5914,A056,2024-09-04 02:24:00,credit,Salary Deposit,Income,165981,Success,0,269343
5915,A047,2024-09-04 04:27:00,credit,Salary Deposit,Income,80006,Success,0,720814
5916,A136,2024-09-04 00:45:00,credit,Salary Deposit,Income,92401,Success,0,544356
5917,A083,2024-09-04 21:07:00,credit,Salary Deposit,Income,75903,Success,0,181893
5918,A156,2024-09-04 09:52:00,credit,Salary Deposit,Income,102376,Success,0,269838
5919,A166,2024-09-04 14:04:00,credit,Salary Deposit,Income,72693,Pending,0,1015485
5920,A092,2024-09-04 20:52:00,credit,Salary Deposit,Income,98219,Success,0,378825
5921,A120,2024-09-04 22:21:00,credit,Salary Deposit,Income,103341,Success,0,293343
5922,A086,2024-09-05 21:25:00,credit,Salary Deposit,Income,103583,Success,0,211984
5923,A056,2024-09-05 15:37:00,credit,Salary Deposit,Income,160512,Success,0,429855
5924,A196,2024-09-05 23:08:00,credit,Salary Deposit,Income,114290,Success,0,535808
5925,A065,2024-09-05 16:49:00,credit,Salary Deposit,Income,43166,Success,0,348918
5926,A186,2024-09-05 14:40:00,credit,Salary Deposit,Income,202233,Success,0,1638629
5927,A072,2024-09-05 22:23:00,credit,Salary Deposit,Income,109543,Success,0,143174
5928,A138,2024-09-05 05:22:00,credit,Salary Deposit,Income,106329,Success,0,331244
5929,A078,2024-09-06 17:00:00,debit,Uber,Transport,5704,Success,0,144302
5930,A028,2024-09-06 17:06:00,debit,Flipkart,Shopping,6514,Success,0,545872
5931,A113,2024-09-06 15:43:00,debit,Swiggy,Food,733,Success,0,152821
5932,A175,2024-09-06 19:46:00,debit,Netflix,Entertainment,6105,Success,0,496673
5933,A012,2024-09-06 22:33:00,debit,Flipkart,Shopping,4805,Success,0,54486
5934,A187,2024-09-06 09:08:00,debit,Uber,Transport,3711,Failed,0,184063
5935,A031,2024-09-06 03:28:00,debit,Amazon,Shopping,1684,Success,0,280584
5936,A101,2024-09-06 06:11:00,debit,Swiggy,Food,7676,Success,0,490071
5937,A053,2024-09-06 22:58:00,credit,Zomato,Food,767,Success,0,-27882
5938,A007,2024-09-07 09:20:00,credit,Flipkart,Shopping,10474,Success,0,-144990
5939,A074,2024-09-07 16:06:00,debit,Swiggy,Food,5890,Success,0,500432
5940,A187,2024-09-07 19:38:00,debit,Flipkart,Shopping,11293,Success,0,172770
5941,A125,2024-09-07 06:13:00,debit,Swiggy,Food,11207,Failed,0,174672
5942,A160,2024-09-07 08:34:00,credit,BigBasket,Groceries,4657,Success,0,15561
5943,A103,2024-09-07 01:15:00,debit,Swiggy,Food,37794,Pending,0,844464
5944,A013,2024-09-08 08:43:00,debit,Amazon,Shopping,8491,Success,0,191408
5945,A148,2024-09-08 15:23:00,debit,Zomato,Food,6939,Success,0,513419
5946,A074,2024-09-08 16:29:00,debit,Flipkart,Shopping,7259,Success,0,493173
5947,A005,2024-09-08 15:58:00,debit,Amazon,Shopping,28338,Success,0,796369
5948,A066,2024-09-08 16:59:00,debit,Uber,Transport,13455,Success,0,404150
5949,A017,2024-09-08 11:32:00,debit,Swiggy,Food,11714,Pending,0,214738
5950,A197,2024-09-09 11:30:00,debit,Uber,Transport,3603,Success,0,246851
5951,A108,2024-09-09 06:16:00,debit,Flipkart,Shopping,6516,Success,0,163339
5952,A120,2024-09-09 08:09:00,debit,Amazon,Shopping,6662,Success,0,286681
5953,A085,2024-09-09 09:54:00,credit,Zomato,Food,7812,Success,0,189646
5954,A131,2024-09-09 20:28:00,debit,Netflix,Entertainment,2418,Success,0,882033
5955,A034,2024-09-09 12:25:00,debit,Amazon,Shopping,20688,Success,0,235143
5956,A085,2024-09-09 21:14:00,debit,Croma,Electronics,3096,Failed,0,186550
5957,A145,2024-09-10 14:00:00,credit,Flipkart,Shopping,3451,Success,0,282262
5958,A170,2024-09-10 22:53:00,debit,Swiggy,Food,729,Success,0,-8539
5959,A002,2024-09-10 19:22:00,debit,Swiggy,Food,6568,Success,0,453910
5960,A005,2024-09-10 19:20:00,debit,Zomato,Food,13023,Success,0,783346
5961,A115,2024-09-11 03:47:00,debit,Swiggy,Food,4849,Success,0,518124
5962,A030,2024-09-11 21:13:00,debit,Netflix,Entertainment,7274,Success,0,-96951
5963,A060,2024-09-11 12:20:00,debit,Croma,Electronics,4835,Success,0,387436
5964,A196,2024-09-11 11:32:00,credit,BigBasket,Groceries,7451,Success,0,543259
5965,A139,2024-09-11 05:31:00,credit,BigBasket,Groceries,7863,Success,0,402087
5966,A163,2024-09-11 04:31:00,debit,BigBasket,Groceries,523,Success,0,134805
5967,A127,2024-09-11 08:27:00,debit,Netflix,Entertainment,665,Success,0,511979
5968,A103,2024-09-11 09:53:00,debit,Zomato,Food,20493,Success,0,823971
5969,A155,2024-09-11 00:02:00,debit,Flipkart,Shopping,7087,Success,0,31628
5970,A013,2024-09-12 00:36:00,debit,Flipkart,Shopping,6733,Success,0,184675
5971,A127,2024-09-12 07:53:00,debit,Uber,Transport,2499,Success,0,509480
5972,A100,2024-09-12 22:33:00,debit,Croma,Electronics,3167,Success,0,141199
5973,A043,2024-09-12 08:03:00,debit,Amazon,Shopping,2318,Success,0,164293
5974,A033,2024-09-12 00:30:00,debit,Zomato,Food,6584,Success,0,437769
5975,A136,2024-09-12 20:15:00,debit,Croma,Electronics,4925,Success,0,539431
5976,A085,2024-09-12 15:48:00,debit,Netflix,Entertainment,6969,Success,0,179581
5977,A090,2024-09-13 18:13:00,credit,Uber,Transport,1563,Success,0,567618
5978,A003,2024-09-13 10:14:00,debit,Netflix,Entertainment,5539,Success,0,310196
5979,A160,2024-09-13 21:03:00,debit,Suspicious Transfer,Fraud,73210,Success,1,-57649
5980,A106,2024-09-13 16:33:00,debit,Netflix,Entertainment,473,Success,0,187954
5981,A162,2024-09-13 00:20:00,debit,Zomato,Food,3732,Success,0,-56062
5982,A186,2024-09-13 08:13:00,debit,Croma,Electronics,5295,Success,0,1633334
5983,A122,2024-09-13 08:55:00,debit,Uber,Transport,1637,Success,0,-93451
5984,A039,2024-09-13 16:10:00,credit,Amazon,Shopping,6293,Success,0,239280
5985,A160,2024-09-13 15:40:00,debit,Flipkart,Shopping,1031,Success,0,-58680
5986,A189,2024-09-13 03:11:00,credit,Uber,Transport,3579,Pending,0,426828
5987,A060,2024-09-13 04:55:00,credit,Croma,Electronics,822,Success,0,388258
5988,A197,2024-09-13 01:51:00,debit,Uber,Transport,1252,Success,0,245599
5989,A080,2024-09-13 08:38:00,credit,Swiggy,Food,6766,Success,0,335013
5990,A015,2024-09-14 07:42:00,debit,Zomato,Food,4447,Success,0,360052
5991,A134,2024-09-14 14:21:00,debit,Croma,Electronics,32373,Success,0,551807
5992,A185,2024-09-14 12:50:00,debit,Swiggy,Food,14946,Success,0,57111
5993,A155,2024-09-14 19:17:00,debit,Netflix,Entertainment,5819,Success,0,25809
5994,A171,2024-09-14 22:48:00,credit,Amazon,Shopping,4135,Success,0,119653
5995,A063,2024-09-14 23:02:00,debit,Amazon,Shopping,5807,Success,0,201409
5996,A199,2024-09-15 20:19:00,debit,BigBasket,Groceries,10369,Success,0,216972
5997,A035,2024-09-15 18:46:00,debit,Croma,Electronics,4897,Success,0,48935
5998,A011,2024-09-15 20:58:00,credit,Zomato,Food,12711,Success,0,132589
5999,A117,2024-09-15 07:11:00,debit,Swiggy,Food,11031,Success,0,494233
6000,A149,2024-09-15 10:34:00,debit,Uber,Transport,3969,Success,0,347082
6001,A157,2024-09-15 15:53:00,debit,Zomato,Food,2680,Success,0,262874
6002,A154,2024-09-15 19:16:00,debit,Flipkart,Shopping,8492,Success,0,72190
6003,A187,2024-09-15 02:35:00,debit,Zomato,Food,11528,Success,0,161242
6004,A067,2024-09-15 01:24:00,debit,Swiggy,Food,14583,Success,0,291260
6005,A070,2024-09-15 18:23:00,credit,Croma,Electronics,6073,Success,0,402127
6006,A067,2024-09-15 05:15:00,debit,Uber,Transport,7329,Success,0,283931
6007,A108,2024-09-15 01:10:00,debit,Amazon,Shopping,13819,Success,0,149520
6008,A058,2024-09-15 05:48:00,debit,Uber,Transport,11633,Success,0,-68046
6009,A187,2024-09-16 15:32:00,debit,Uber,Transport,7121,Success,0,154121
6010,A074,2024-09-16 11:15:00,debit,Swiggy,Food,3854,Success,0,489319
6011,A170,2024-09-16 09:19:00,credit,Amazon,Shopping,2413,Success,0,-6126
6012,A064,2024-09-16 23:04:00,debit,Amazon,Shopping,1630,Success,0,397536
6013,A039,2024-09-16 12:10:00,debit,Uber,Transport,1468,Success,0,237812
6014,A100,2024-09-16 15:34:00,debit,Flipkart,Shopping,7524,Pending,0,133675
6015,A147,2024-09-16 08:01:00,credit,Uber,Transport,4805,Success,0,238237
6016,A055,2024-09-17 00:29:00,debit,Swiggy,Food,1708,Success,0,-116642
6017,A174,2024-09-17 08:43:00,debit,Swiggy,Food,6411,Success,0,245731
6018,A181,2024-09-17 12:48:00,debit,Uber,Transport,7253,Success,0,-29912
6019,A123,2024-09-17 10:52:00,debit,Croma,Electronics,6112,Success,0,87295
6020,A003,2024-09-17 11:51:00,debit,Croma,Electronics,7439,Success,0,302757
6021,A118,2024-09-17 11:39:00,debit,Zomato,Food,6497,Success,0,351461
6022,A062,2024-09-17 16:02:00,debit,Uber,Transport,3251,Success,0,615867
6023,A187,2024-09-18 06:35:00,debit,Zomato,Food,6913,Success,0,147208
6024,A189,2024-09-18 11:21:00,debit,Amazon,Shopping,6089,Success,0,420739
6025,A157,2024-09-18 19:59:00,debit,Netflix,Entertainment,2946,Success,0,259928
6026,A016,2024-09-18 03:17:00,credit,Amazon,Shopping,7882,Success,0,225958
6027,A177,2024-09-18 21:47:00,credit,Zomato,Food,1023,Success,0,464811
6028,A061,2024-09-19 11:07:00,debit,BigBasket,Groceries,6788,Success,0,319711
6029,A068,2024-09-19 03:48:00,debit,Swiggy,Food,980,Success,0,445700
6030,A032,2024-09-19 00:37:00,credit,Zomato,Food,5870,Success,0,327895
6031,A037,2024-09-19 00:19:00,credit,Uber,Transport,4829,Success,0,189765
6032,A017,2024-09-19 18:50:00,credit,Uber,Transport,4595,Success,0,219333
6033,A041,2024-09-20 06:50:00,debit,Netflix,Entertainment,4668,Success,0,230095
6034,A131,2024-09-20 03:02:00,debit,Uber,Transport,4209,Success,0,877824
6035,A194,2024-09-20 13:29:00,debit,Uber,Transport,478,Success,0,97372
6036,A065,2024-09-20 09:36:00,debit,BigBasket,Groceries,3042,Success,0,345876
6037,A099,2024-09-20 12:10:00,credit,Amazon,Shopping,5891,Success,0,-16243
6038,A050,2024-09-20 13:29:00,debit,Amazon,Shopping,3013,Success,0,422929
6039,A159,2024-09-20 05:35:00,debit,Croma,Electronics,5345,Success,0,360535
6040,A175,2024-09-21 18:57:00,debit,Netflix,Entertainment,12393,Success,0,484280
6041,A186,2024-09-21 01:13:00,debit,Flipkart,Shopping,7011,Success,0,1626323
6042,A097,2024-09-21 09:52:00,credit,Swiggy,Food,6027,Success,0,163420
6043,A075,2024-09-21 17:57:00,debit,Croma,Electronics,12777,Success,0,88181
6044,A120,2024-09-21 20:43:00,debit,Uber,Transport,6478,Pending,0,280203
6045,A170,2024-09-22 15:24:00,debit,Amazon,Shopping,9584,Pending,0,-15710
6046,A105,2024-09-22 14:07:00,debit,BigBasket,Groceries,7619,Success,0,394085
6047,A070,2024-09-22 07:54:00,debit,Flipkart,Shopping,4167,Success,0,397960
6048,A168,2024-09-22 03:00:00,credit,Amazon,Shopping,4417,Success,0,257630
6049,A016,2024-09-22 21:48:00,debit,Amazon,Shopping,13163,Success,0,212795
6050,A098,2024-09-22 20:14:00,debit,BigBasket,Groceries,19752,Failed,0,314498
6051,A153,2024-09-22 05:06:00,debit,BigBasket,Groceries,6209,Success,0,281401
6052,A050,2024-09-22 20:09:00,credit,Amazon,Shopping,14172,Failed,0,437101
6053,A020,2024-09-22 01:14:00,debit,Zomato,Food,14274,Success,0,68998
6054,A120,2024-09-23 05:20:00,debit,Amazon,Shopping,1493,Success,0,278710
6055,A016,2024-09-23 20:45:00,credit,Zomato,Food,333,Success,0,213128
6056,A156,2024-09-23 10:35:00,debit,Netflix,Entertainment,2254,Success,0,267584
6057,A192,2024-09-23 02:06:00,debit,Zomato,Food,20085,Success,0,1124826
6058,A196,2024-09-23 10:03:00,debit,Swiggy,Food,479,Success,0,542780
6059,A121,2024-09-23 07:34:00,credit,Amazon,Shopping,6143,Success,0,94352
6060,A163,2024-09-23 19:19:00,debit,Amazon,Shopping,7341,Success,0,127464
6061,A071,2024-09-23 22:08:00,debit,BigBasket,Groceries,6471,Success,0,240010
6062,A094,2024-09-23 05:12:00,debit,Netflix,Entertainment,7053,Pending,0,160825
6063,A129,2024-09-23 16:22:00,debit,Zomato,Food,1196,Success,0,145200
6064,A070,2024-09-24 21:00:00,credit,Croma,Electronics,410,Success,0,398370
6065,A062,2024-09-24 00:22:00,debit,BigBasket,Groceries,3913,Success,0,611954
6066,A106,2024-09-24 12:49:00,debit,Croma,Electronics,3340,Success,0,184614
6067,A044,2024-09-24 22:38:00,debit,Swiggy,Food,615,Success,0,344223
6068,A116,2024-09-24 15:55:00,debit,BigBasket,Groceries,1551,Success,0,367256
6069,A033,2024-09-25 06:08:00,debit,Uber,Transport,3390,Success,0,434379
6070,A064,2024-09-25 10:19:00,debit,Zomato,Food,575,Success,0,396961
6071,A111,2024-09-25 03:44:00,debit,BigBasket,Groceries,6962,Success,0,351815
6072,A127,2024-09-25 03:58:00,credit,Zomato,Food,1626,Success,0,511106
6073,A135,2024-09-25 23:27:00,credit,Uber,Transport,6199,Success,0,601470
6074,A143,2024-09-25 15:35:00,debit,Croma,Electronics,6276,Success,0,337820
6075,A044,2024-09-25 21:41:00,debit,Swiggy,Food,613,Success,0,343610
6076,A068,2024-09-25 18:16:00,debit,Netflix,Entertainment,1010,Success,0,444690
6077,A142,2024-09-25 09:21:00,debit,Uber,Transport,2002,Success,0,10921
6078,A034,2024-09-25 22:27:00,debit,Swiggy,Food,23331,Success,0,211812
6079,A033,2024-09-26 02:23:00,debit,Swiggy,Food,2426,Success,0,431953
6080,A139,2024-09-26 21:11:00,debit,Croma,Electronics,3989,Success,0,398098
6081,A146,2024-09-26 01:58:00,debit,Amazon,Shopping,7122,Success,0,437788
6082,A190,2024-09-26 21:48:00,debit,Zomato,Food,6683,Success,0,421701
6083,A020,2024-09-26 05:43:00,credit,Croma,Electronics,2283,Success,0,71281
6084,A094,2024-09-26 03:42:00,debit,Amazon,Shopping,5719,Success,0,155106
6085,A138,2024-09-26 23:22:00,debit,Croma,Electronics,3029,Success,0,328215
6086,A052,2024-09-26 14:52:00,debit,Netflix,Entertainment,2054,Success,0,394673
6087,A177,2024-09-26 00:39:00,credit,Amazon,Shopping,6093,Success,0,470904
6088,A011,2024-09-26 08:11:00,debit,Flipkart,Shopping,5607,Failed,0,126982
6089,A094,2024-09-27 21:38:00,debit,Flipkart,Shopping,6874,Success,0,148232
6090,A108,2024-09-27 15:54:00,debit,Zomato,Food,4762,Success,0,144758
6091,A114,2024-09-27 21:50:00,debit,Zomato,Food,832,Success,0,462099
6092,A033,2024-09-27 22:43:00,credit,Flipkart,Shopping,525,Success,0,432478
6093,A146,2024-09-27 01:36:00,debit,Zomato,Food,215,Success,0,437573
6094,A111,2024-09-27 17:48:00,debit,BigBasket,Groceries,2938,Success,0,348877
6095,A063,2024-09-27 18:26:00,credit,Zomato,Food,5601,Success,0,207010
6096,A108,2024-09-27 17:55:00,debit,Flipkart,Shopping,3842,Success,0,140916
6097,A096,2024-09-28 01:37:00,debit,Zomato,Food,11125,Success,0,397834
6098,A177,2024-09-28 15:10:00,debit,Croma,Electronics,4079,Success,0,466825
6099,A078,2024-09-28 23:40:00,debit,Amazon,Shopping,3123,Success,0,141179
6100,A165,2024-09-28 09:54:00,debit,Swiggy,Food,10520,Failed,0,411103
6101,A116,2024-09-28 04:23:00,debit,Uber,Transport,6522,Success,0,360734
6102,A145,2024-09-29 12:34:00,debit,Swiggy,Food,2574,Success,0,279688
6103,A071,2024-09-29 06:35:00,debit,Zomato,Food,13546,Success,0,226464
6104,A134,2024-09-29 17:05:00,debit,Croma,Electronics,4881,Success,0,546926
6105,A170,2024-09-29 22:54:00,debit,Amazon,Shopping,2720,Success,0,-18430
6106,A014,2024-09-29 01:20:00,debit,Swiggy,Food,12485,Success,0,-20269
6107,A085,2024-09-29 11:32:00,debit,Swiggy,Food,1120,Success,0,178461
6108,A166,2024-09-29 10:27:00,debit,Swiggy,Food,14534,Success,0,1000951
6109,A033,2024-09-30 09:58:00,debit,Flipkart,Shopping,3025,Success,0,429453
6110,A138,2024-09-30 12:01:00,debit,BigBasket,Groceries,7459,Success,0,320756
6111,A177,2024-09-30 18:58:00,credit,Uber,Transport,2659,Success,0,469484
6112,A111,2024-09-30 03:27:00,debit,Zomato,Food,3569,Success,0,345308
6113,A012,2024-09-30 15:57:00,debit,Flipkart,Shopping,6934,Success,0,47552
6114,A119,2024-09-30 21:54:00,debit,BigBasket,Groceries,3472,Success,0,242512
6115,A148,2024-09-30 14:37:00,debit,Swiggy,Food,3386,Success,0,510033
6116,A121,2024-09-30 11:00:00,debit,Uber,Transport,6994,Success,0,87358
6117,A101,2024-09-30 09:36:00,debit,BigBasket,Groceries,6632,Success,0,483439
6118,A143,2024-09-30 08:03:00,debit,Uber,Transport,21144,Success,0,316676
6119,A187,2024-09-30 08:00:00,debit,Amazon,Shopping,7694,Success,0,139514
6120,A055,2024-10-01 01:57:00,credit,Salary Deposit,Income,74140,Success,0,-42502
6121,A122,2024-10-01 07:19:00,credit,Salary Deposit,Income,69678,Success,0,-23773
6122,A126,2024-10-01 17:01:00,credit,Salary Deposit,Income,32133,Success,0,-41342
6123,A080,2024-10-01 10:28:00,credit,Salary Deposit,Income,83557,Success,0,418570
6124,A066,2024-10-01 17:17:00,credit,Salary Deposit,Income,59085,Success,0,463235
6125,A193,2024-10-01 06:12:00,credit,Salary Deposit,Income,106034,Success,0,628641
6126,A194,2024-10-02 16:04:00,credit,Salary Deposit,Income,85135,Success,0,182507
6127,A134,2024-10-02 10:52:00,credit,Salary Deposit,Income,306510,Success,0,853436
6128,A103,2024-10-02 08:51:00,credit,Salary Deposit,Income,272169,Success,0,1096140
6129,A094,2024-10-02 09:46:00,credit,Salary Deposit,Income,62403,Success,0,210635
6130,A097,2024-10-02 08:24:00,credit,Salary Deposit,Income,60180,Success,0,223600
6131,A035,2024-10-02 12:44:00,credit,Salary Deposit,Income,94105,Success,0,143040
6132,A192,2024-10-02 08:16:00,credit,Salary Deposit,Income,321102,Success,0,1445928
6133,A163,2024-10-03 05:20:00,credit,Salary Deposit,Income,30404,Success,0,157868
6134,A004,2024-10-03 14:45:00,credit,Salary Deposit,Income,42549,Success,0,252153
6135,A163,2024-10-03 10:47:00,credit,Suspicious Transfer,Fraud,84172,Success,1,242040
6136,A134,2024-10-03 05:21:00,credit,Salary Deposit,Income,310407,Success,0,1163843
6137,A099,2024-10-03 11:22:00,credit,Suspicious Transfer,Fraud,189049,Success,1,172806
6138,A080,2024-10-03 23:50:00,credit,Salary Deposit,Income,55246,Success,0,473816
6139,A032,2024-10-03 16:05:00,credit,Salary Deposit,Income,60079,Success,0,387974
6140,A147,2024-10-03 14:29:00,credit,Salary Deposit,Income,102124,Success,0,340361
6141,A065,2024-10-04 23:20:00,credit,Salary Deposit,Income,118208,Success,0,464084
6142,A083,2024-10-04 11:21:00,credit,Salary Deposit,Income,62492,Success,0,244385
6143,A015,2024-10-04 05:55:00,credit,Salary Deposit,Income,91125,Success,0,451177
6144,A193,2024-10-04 06:26:00,credit,Salary Deposit,Income,79811,Failed,0,708452
6145,A065,2024-10-04 15:25:00,credit,Salary Deposit,Income,73554,Success,0,537638
6146,A079,2024-10-04 11:51:00,credit,Salary Deposit,Income,107962,Pending,0,485175
6147,A120,2024-10-04 15:16:00,credit,Salary Deposit,Income,34485,Success,0,313195
6148,A104,2024-10-04 17:39:00,credit,Salary Deposit,Income,41757,Success,0,237504
6149,A043,2024-10-04 10:38:00,credit,Salary Deposit,Income,119498,Success,0,283791
6150,A153,2024-10-04 08:33:00,credit,Salary Deposit,Income,86237,Success,0,367638
6151,A187,2024-10-05 01:45:00,credit,Salary Deposit,Income,114856,Success,0,254370
6152,A005,2024-10-05 19:30:00,credit,Salary Deposit,Income,101691,Failed,0,885037
6153,A106,2024-10-05 21:46:00,credit,Salary Deposit,Income,95634,Success,0,280248
6154,A047,2024-10-05 07:38:00,credit,Salary Deposit,Income,78799,Success,0,799613
6155,A048,2024-10-06 15:54:00,credit,Netflix,Entertainment,3064,Success,0,38369
6156,A120,2024-10-06 04:39:00,debit,Croma,Electronics,6500,Success,0,306695
6157,A184,2024-10-06 11:19:00,credit,Zomato,Food,2582,Success,0,277530
6158,A059,2024-10-06 01:01:00,debit,Amazon,Shopping,11594,Success,0,298555
6159,A032,2024-10-06 21:08:00,debit,Netflix,Entertainment,4233,Success,0,383741
6160,A120,2024-10-06 18:37:00,debit,Zomato,Food,4920,Success,0,301775
6161,A061,2024-10-06 12:04:00,debit,BigBasket,Groceries,3657,Success,0,316054
6162,A004,2024-10-06 00:36:00,credit,BigBasket,Groceries,13218,Success,0,265371
6163,A012,2024-10-06 04:42:00,debit,Netflix,Entertainment,6752,Success,0,40800
6164,A099,2024-10-06 00:42:00,debit,Zomato,Food,9149,Success,0,163657
6165,A033,2024-10-07 05:34:00,debit,Swiggy,Food,2338,Success,0,427115
6166,A177,2024-10-07 16:02:00,credit,Flipkart,Shopping,3994,Success,0,473478
6167,A078,2024-10-07 20:04:00,debit,Suspicious Transfer,Fraud,156236,Success,1,-15057
6168,A153,2024-10-07 08:26:00,debit,Uber,Transport,5926,Success,0,361712
6169,A050,2024-10-07 14:50:00,debit,Amazon,Shopping,493,Success,0,436608
6170,A154,2024-10-07 08:21:00,debit,Flipkart,Shopping,6903,Success,0,65287
6171,A139,2024-10-07 18:36:00,debit,Swiggy,Food,2145,Success,0,395953
6172,A144,2024-10-07 04:41:00,debit,Swiggy,Food,553,Success,0,578726
6173,A083,2024-10-08 21:36:00,debit,Zomato,Food,5978,Success,0,238407
6174,A034,2024-10-08 00:37:00,debit,Croma,Electronics,13371,Success,0,198441
6175,A058,2024-10-08 03:41:00,debit,Croma,Electronics,2226,Failed,0,-70272
6176,A129,2024-10-08 10:48:00,debit,BigBasket,Groceries,5248,Success,0,139952
6177,A074,2024-10-08 14:26:00,debit,Suspicious Transfer,Fraud,177671,Success,1,311648
6178,A160,2024-10-08 23:59:00,debit,Swiggy,Food,520,Success,0,-59200
6179,A159,2024-10-08 02:36:00,debit,Croma,Electronics,2235,Success,0,358300
6180,A002,2024-10-08 07:52:00,debit,Zomato,Food,6972,Success,0,446938
6181,A033,2024-10-09 03:11:00,credit,Swiggy,Food,1917,Success,0,429032
6182,A200,2024-10-09 21:43:00,credit,Flipkart,Shopping,1562,Success,0,631074
6183,A036,2024-10-09 01:24:00,debit,Uber,Transport,441,Success,0,10134
6184,A177,2024-10-09 20:56:00,debit,Netflix,Entertainment,6226,Success,0,467252
6185,A185,2024-10-09 15:17:00,debit,Amazon,Shopping,1499,Success,0,55612
6186,A139,2024-10-09 17:39:00,debit,Uber,Transport,6983,Success,0,388970
6187,A166,2024-10-09 02:16:00,debit,Netflix,Entertainment,5066,Success,0,995885
6188,A062,2024-10-10 16:12:00,debit,Zomato,Food,1355,Success,0,610599
6189,A085,2024-10-10 15:10:00,debit,BigBasket,Groceries,3812,Failed,0,174649
6190,A051,2024-10-10 16:29:00,debit,BigBasket,Groceries,6248,Failed,0,248363
6191,A134,2024-10-10 02:25:00,debit,Netflix,Entertainment,22707,Success,0,1141136
6192,A017,2024-10-10 05:43:00,credit,Amazon,Shopping,2571,Success,0,221904
6193,A193,2024-10-10 18:54:00,credit,Swiggy,Food,3489,Failed,0,711941
6194,A013,2024-10-10 10:07:00,debit,BigBasket,Groceries,3915,Success,0,180760
6195,A112,2024-10-10 05:22:00,debit,Croma,Electronics,6892,Success,0,333432
6196,A145,2024-10-10 12:05:00,debit,Croma,Electronics,2805,Success,0,276883
6197,A032,2024-10-10 18:10:00,debit,Croma,Electronics,7029,Success,0,376712
6198,A143,2024-10-10 07:08:00,debit,Uber,Transport,18738,Success,0,297938
6199,A137,2024-10-11 07:20:00,debit,Swiggy,Food,2438,Success,0,311260
6200,A074,2024-10-11 01:04:00,debit,Zomato,Food,5528,Success,0,306120
6201,A085,2024-10-11 03:43:00,debit,Croma,Electronics,1016,Success,0,173633
6202,A047,2024-10-11 15:17:00,debit,Netflix,Entertainment,392,Failed,0,799221
6203,A042,2024-10-11 01:43:00,credit,BigBasket,Groceries,7911,Success,0,232182
6204,A154,2024-10-11 01:36:00,debit,Amazon,Shopping,3687,Success,0,61600
6205,A015,2024-10-12 13:51:00,debit,BigBasket,Groceries,10861,Success,0,440316
6206,A031,2024-10-12 00:31:00,credit,Uber,Transport,9056,Success,0,289640
6207,A043,2024-10-12 13:02:00,debit,Uber,Transport,12536,Success,0,271255
6208,A195,2024-10-12 04:46:00,debit,Swiggy,Food,8619,Success,0,382001
6209,A028,2024-10-12 15:46:00,debit,Netflix,Entertainment,2605,Success,0,543267
6210,A013,2024-10-12 02:49:00,debit,Amazon,Shopping,14470,Success,0,166290
6211,A039,2024-10-13 12:46:00,debit,Amazon,Shopping,12920,Success,0,224892
6212,A120,2024-10-13 06:27:00,debit,Zomato,Food,11128,Success,0,290647
6213,A015,2024-10-13 21:37:00,debit,Zomato,Food,6955,Success,0,433361
6214,A069,2024-10-13 04:22:00,credit,Netflix,Entertainment,7368,Success,0,951577
6215,A081,2024-10-13 00:43:00,debit,Amazon,Shopping,18630,Success,0,614753
6216,A055,2024-10-13 13:39:00,debit,Swiggy,Food,5175,Success,0,-47677
6217,A157,2024-10-13 02:41:00,debit,Uber,Transport,2752,Failed,0,257176
6218,A101,2024-10-13 20:35:00,debit,Flipkart,Shopping,8187,Success,0,475252
6219,A197,2024-10-13 21:51:00,debit,Zomato,Food,7585,Success,0,238014
6220,A003,2024-10-13 15:38:00,debit,Netflix,Entertainment,12070,Success,0,290687
6221,A114,2024-10-14 01:36:00,debit,Amazon,Shopping,306,Success,0,461793
6222,A041,2024-10-14 01:58:00,debit,Netflix,Entertainment,1319,Failed,0,228776
6223,A013,2024-10-14 14:34:00,debit,Amazon,Shopping,7873,Success,0,158417
6224,A072,2024-10-14 01:48:00,credit,Flipkart,Shopping,3121,Success,0,146295
6225,A110,2024-10-14 04:19:00,debit,Uber,Transport,2605,Success,0,231272
6226,A155,2024-10-14 03:38:00,credit,Uber,Transport,1237,Success,0,27046
6227,A187,2024-10-14 19:19:00,debit,Croma,Electronics,6934,Success,0,247436
6228,A137,2024-10-14 21:13:00,debit,BigBasket,Groceries,3635,Failed,0,307625
6229,A160,2024-10-15 16:46:00,credit,Zomato,Food,6985,Success,0,-52215
6230,A123,2024-10-15 10:24:00,debit,Uber,Transport,2924,Success,0,84371
6231,A075,2024-10-15 13:54:00,debit,Flipkart,Shopping,2604,Success,0,85577
6232,A080,2024-10-15 09:41:00,credit,BigBasket,Groceries,7775,Success,0,481591
6233,A122,2024-10-15 16:41:00,debit,Amazon,Shopping,4015,Success,0,-27788
6234,A056,2024-10-15 02:19:00,debit,Croma,Electronics,15627,Success,0,414228
6235,A156,2024-10-15 10:38:00,debit,Flipkart,Shopping,813,Success,0,266771
6236,A088,2024-10-16 02:25:00,debit,Netflix,Entertainment,5308,Success,0,668410
6237,A133,2024-10-16 07:07:00,debit,Uber,Transport,7855,Success,0,140544
6238,A113,2024-10-16 23:19:00,debit,Amazon,Shopping,1285,Success,0,151536
6239,A068,2024-10-16 00:11:00,debit,BigBasket,Groceries,773,Success,0,443917
6240,A087,2024-10-17 07:49:00,credit,Zomato,Food,5918,Success,0,97098
6241,A063,2024-10-17 15:39:00,debit,Croma,Electronics,5989,Success,0,201021
6242,A114,2024-10-17 04:16:00,debit,Amazon,Shopping,5603,Success,0,456190
6243,A140,2024-10-17 23:05:00,debit,Flipkart,Shopping,4831,Success,0,43980
6244,A086,2024-10-17 03:13:00,debit,Amazon,Shopping,4597,Success,0,207387
6245,A174,2024-10-18 08:48:00,debit,Suspicious Transfer,Fraud,57428,Success,1,188303
6246,A052,2024-10-18 06:32:00,debit,Uber,Transport,4609,Success,0,390064
6247,A140,2024-10-18 08:31:00,debit,Swiggy,Food,1280,Success,0,42700
6248,A038,2024-10-18 05:12:00,debit,BigBasket,Groceries,3965,Success,0,252931
6249,A030,2024-10-18 01:10:00,credit,Flipkart,Shopping,5384,Success,0,-91567
6250,A024,2024-10-18 00:10:00,debit,BigBasket,Groceries,9048,Success,0,153217
6251,A072,2024-10-18 00:27:00,debit,Uber,Transport,4792,Success,0,141503
6252,A116,2024-10-19 03:08:00,credit,Croma,Electronics,1218,Failed,0,361952
6253,A069,2024-10-19 00:18:00,debit,Uber,Transport,13251,Success,0,938326
6254,A063,2024-10-19 16:50:00,debit,Amazon,Shopping,11029,Success,0,189992
6255,A190,2024-10-19 02:45:00,debit,Uber,Transport,8300,Success,0,413401
6256,A036,2024-10-19 19:17:00,debit,Uber,Transport,2965,Success,0,7169
6257,A055,2024-10-19 21:54:00,debit,BigBasket,Groceries,3811,Success,0,-51488
6258,A137,2024-10-19 03:18:00,credit,Flipkart,Shopping,11084,Success,0,318709
6259,A015,2024-10-19 01:40:00,debit,Zomato,Food,10735,Success,0,422626
6260,A159,2024-10-19 20:41:00,debit,Amazon,Shopping,6389,Success,0,351911
6261,A013,2024-10-19 07:38:00,debit,Netflix,Entertainment,2927,Success,0,155490
6262,A189,2024-10-19 16:27:00,credit,Croma,Electronics,10211,Success,0,430950
6263,A193,2024-10-19 10:07:00,debit,Amazon,Shopping,7840,Success,0,704101
6264,A183,2024-10-19 11:10:00,debit,Amazon,Shopping,1154,Success,0,120093
6265,A120,2024-10-19 01:54:00,debit,Swiggy,Food,10058,Success,0,280589
6266,A139,2024-10-20 01:01:00,debit,Amazon,Shopping,4064,Success,0,384906
6267,A012,2024-10-20 00:14:00,debit,Croma,Electronics,11595,Success,0,29205
6268,A036,2024-10-20 16:10:00,debit,Flipkart,Shopping,10136,Success,0,-2967
6269,A156,2024-10-20 07:23:00,debit,Croma,Electronics,2824,Success,0,263947
6270,A024,2024-10-20 10:11:00,debit,Amazon,Shopping,35496,Pending,0,117721
6271,A115,2024-10-20 23:17:00,debit,Uber,Transport,2089,Success,0,516035
6272,A042,2024-10-20 23:37:00,credit,Flipkart,Shopping,2127,Success,0,234309
6273,A032,2024-10-20 13:10:00,debit,Flipkart,Shopping,1843,Success,0,374869
6274,A049,2024-10-20 14:03:00,credit,Swiggy,Food,9795,Success,0,444384
6275,A168,2024-10-20 21:32:00,debit,Flipkart,Shopping,9827,Success,0,247803
6276,A048,2024-10-20 22:25:00,debit,Swiggy,Food,8921,Success,0,29448
6277,A173,2024-10-21 05:06:00,debit,BigBasket,Groceries,7086,Success,0,604039
6278,A149,2024-10-21 16:37:00,credit,Croma,Electronics,6704,Success,0,353786
6279,A184,2024-10-21 11:15:00,debit,Netflix,Entertainment,3053,Success,0,274477
6280,A070,2024-10-21 23:33:00,debit,Amazon,Shopping,4295,Success,0,394075
6281,A114,2024-10-21 00:34:00,debit,Flipkart,Shopping,1505,Success,0,454685
6282,A016,2024-10-22 09:09:00,debit,Croma,Electronics,1913,Success,0,211215
6283,A096,2024-10-22 01:47:00,credit,Amazon,Shopping,5640,Success,0,403474
6284,A063,2024-10-22 10:54:00,debit,Croma,Electronics,4304,Success,0,185688
6285,A064,2024-10-22 04:54:00,debit,Croma,Electronics,6076,Success,0,390885
6286,A036,2024-10-22 14:19:00,debit,Flipkart,Shopping,832,Success,0,-3799
6287,A081,2024-10-22 23:23:00,debit,Amazon,Shopping,12981,Success,0,601772
6288,A044,2024-10-23 10:19:00,credit,Croma,Electronics,1477,Success,0,345087
6289,A156,2024-10-23 22:39:00,debit,BigBasket,Groceries,3028,Success,0,260919
6290,A044,2024-10-23 03:12:00,debit,Uber,Transport,4287,Success,0,340800
6291,A042,2024-10-23 16:08:00,debit,Netflix,Entertainment,1868,Success,0,232441
6292,A090,2024-10-24 19:16:00,credit,Amazon,Shopping,2673,Success,0,570291
6293,A020,2024-10-24 12:30:00,debit,BigBasket,Groceries,3712,Success,0,67569
6294,A005,2024-10-24 07:36:00,debit,Netflix,Entertainment,900,Success,0,884137
6295,A181,2024-10-25 21:54:00,debit,Uber,Transport,3709,Success,0,-33621
6296,A011,2024-10-25 16:10:00,debit,Amazon,Shopping,1805,Success,0,125177
6297,A131,2024-10-25 16:19:00,credit,Zomato,Food,2766,Success,0,880590
6298,A078,2024-10-25 15:32:00,debit,Uber,Transport,6297,Success,0,-21354
6299,A159,2024-10-25 01:38:00,credit,Flipkart,Shopping,2132,Pending,0,354043
6300,A073,2024-10-25 16:23:00,credit,Amazon,Shopping,6198,Failed,0,-49502
6301,A189,2024-10-25 02:28:00,credit,Swiggy,Food,3885,Success,0,434835
6302,A196,2024-10-25 19:49:00,debit,Croma,Electronics,5889,Success,0,536891
6303,A088,2024-10-25 20:05:00,credit,Uber,Transport,591,Success,0,669001
6304,A108,2024-10-25 20:21:00,credit,Flipkart,Shopping,6516,Success,0,147432
6305,A004,2024-10-26 20:51:00,debit,Netflix,Entertainment,7653,Success,0,257718
6306,A028,2024-10-26 19:19:00,debit,Netflix,Entertainment,5585,Success,0,537682
6307,A041,2024-10-26 07:30:00,debit,Zomato,Food,9001,Success,0,219775
6308,A143,2024-10-26 00:02:00,debit,Zomato,Food,24033,Success,0,273905
6309,A088,2024-10-26 01:30:00,debit,Amazon,Shopping,11685,Success,0,657316
6310,A038,2024-10-26 22:21:00,debit,BigBasket,Groceries,11001,Success,0,241930
6311,A090,2024-10-26 05:55:00,credit,Netflix,Entertainment,10315,Success,0,580606
6312,A104,2024-10-26 23:01:00,debit,Amazon,Shopping,9981,Success,0,227523
6313,A160,2024-10-26 01:29:00,credit,Swiggy,Food,2579,Success,0,-49636
6314,A185,2024-10-26 03:53:00,debit,Uber,Transport,11330,Success,0,44282
6315,A187,2024-10-27 12:08:00,debit,BigBasket,Groceries,14321,Success,0,233115
6316,A140,2024-10-27 20:45:00,debit,Amazon,Shopping,13797,Failed,0,28903
6317,A108,2024-10-27 02:44:00,debit,Netflix,Entertainment,13954,Success,0,133478
6318,A066,2024-10-27 05:47:00,credit,Netflix,Entertainment,10336,Success,0,473571
6319,A163,2024-10-27 19:08:00,credit,Amazon,Shopping,3308,Success,0,245348
6320,A083,2024-10-27 14:58:00,debit,Swiggy,Food,8687,Success,0,229720
6321,A085,2024-10-27 19:04:00,debit,Flipkart,Shopping,6889,Success,0,166744
6322,A076,2024-10-27 07:13:00,debit,Flipkart,Shopping,14813,Success,0,64789
6323,A063,2024-10-27 20:18:00,debit,Netflix,Entertainment,11316,Success,0,174372
6324,A131,2024-10-27 23:16:00,credit,Croma,Electronics,3645,Success,0,884235
6325,A136,2024-10-28 10:22:00,debit,Uber,Transport,1918,Success,0,537513
6326,A003,2024-10-28 11:58:00,debit,Flipkart,Shopping,2528,Success,0,288159
6327,A008,2024-10-28 16:20:00,debit,Croma,Electronics,7331,Success,0,347207
6328,A062,2024-10-28 17:05:00,debit,Netflix,Entertainment,401,Failed,0,610198
6329,A066,2024-10-28 11:51:00,debit,BigBasket,Groceries,5239,Success,0,468332
6330,A038,2024-10-28 05:56:00,debit,Zomato,Food,7587,Pending,0,234343
6331,A160,2024-10-28 18:02:00,credit,Zomato,Food,4732,Success,0,-44904
6332,A129,2024-10-28 15:45:00,debit,Zomato,Food,4453,Success,0,135499
6333,A185,2024-10-29 12:23:00,debit,Zomato,Food,4929,Success,0,39353
6334,A033,2024-10-29 08:11:00,debit,Netflix,Entertainment,5924,Success,0,423108
6335,A180,2024-10-29 10:46:00,debit,Amazon,Shopping,4702,Success,0,561817
6336,A134,2024-10-29 00:58:00,credit,Amazon,Shopping,23082,Success,0,1164218
6337,A078,2024-10-29 19:58:00,debit,Croma,Electronics,2043,Success,0,-23397
6338,A121,2024-10-30 15:09:00,credit,Uber,Transport,4331,Success,0,91689
6339,A189,2024-10-30 20:16:00,debit,Amazon,Shopping,5176,Success,0,429659
6340,A045,2024-10-30 23:45:00,debit,Zomato,Food,3569,Success,0,282696
6341,A098,2024-10-30 23:57:00,debit,Netflix,Entertainment,20817,Success,0,293681
6342,A071,2024-10-30 08:14:00,debit,Zomato,Food,1318,Success,0,225146
6343,A119,2024-10-30 23:33:00,credit,Uber,Transport,5470,Success,0,247982
6344,A192,2024-10-30 10:51:00,debit,Zomato,Food,10716,Success,0,1435212
6345,A090,2024-10-31 11:36:00,credit,Croma,Electronics,6175,Success,0,586781
6346,A103,2024-10-31 19:35:00,debit,Netflix,Entertainment,6405,Success,0,1089735
6347,A186,2024-10-31 09:08:00,debit,BigBasket,Groceries,13938,Success,0,1612385
6348,A166,2024-10-31 06:45:00,debit,Swiggy,Food,4695,Success,0,991190
6349,A032,2024-10-31 08:10:00,debit,Amazon,Shopping,1884,Success,0,372985
6350,A145,2024-10-31 14:42:00,credit,Flipkart,Shopping,1404,Success,0,278287
6351,A111,2024-10-31 07:13:00,debit,Swiggy,Food,4031,Success,0,341277
6352,A155,2024-10-31 12:44:00,debit,Croma,Electronics,1967,Success,0,25079
6353,A036,2024-10-31 07:52:00,debit,Netflix,Entertainment,2602,Success,0,-6401
6354,A085,2024-10-31 12:19:00,debit,Amazon,Shopping,1801,Pending,0,164943
6355,A063,2024-10-31 14:07:00,credit,Flipkart,Shopping,3223,Success,0,177595
6356,A044,2024-11-01 02:17:00,credit,Salary Deposit,Income,82339,Success,0,423139
6357,A005,2024-11-01 00:33:00,credit,Salary Deposit,Income,166314,Success,0,1050451
6358,A106,2024-11-01 05:17:00,credit,Salary Deposit,Income,61977,Success,0,342225
6359,A144,2024-11-01 12:22:00,credit,Salary Deposit,Income,38652,Success,0,617378
6360,A154,2024-11-01 16:49:00,credit,Salary Deposit,Income,58589,Success,0,120189
6361,A133,2024-11-01 18:01:00,credit,Salary Deposit,Income,31201,Success,0,171745
6362,A137,2024-11-01 17:17:00,credit,Salary Deposit,Income,82744,Success,0,401453
6363,A039,2024-11-01 19:44:00,credit,Salary Deposit,Income,81634,Success,0,306526
6364,A159,2024-11-01 15:52:00,credit,Suspicious Transfer,Fraud,82391,Success,1,436434
6365,A053,2024-11-01 13:48:00,credit,Salary Deposit,Income,77455,Pending,0,49573
6366,A108,2024-11-01 05:48:00,credit,Salary Deposit,Income,33132,Success,0,166610
6367,A171,2024-11-01 12:28:00,credit,Salary Deposit,Income,66134,Failed,0,185787
6368,A137,2024-11-02 08:00:00,credit,Salary Deposit,Income,102495,Success,0,503948
6369,A173,2024-11-02 18:27:00,credit,Salary Deposit,Income,46952,Success,0,650991
6370,A042,2024-11-02 04:23:00,credit,Salary Deposit,Income,91672,Success,0,324113
6371,A049,2024-11-02 09:43:00,credit,Salary Deposit,Income,103447,Success,0,547831
6372,A129,2024-11-02 13:52:00,credit,Salary Deposit,Income,94069,Success,0,229568
6373,A134,2024-11-02 11:37:00,credit,Salary Deposit,Income,281499,Pending,0,1445717
6374,A177,2024-11-03 18:52:00,credit,Salary Deposit,Income,50025,Success,0,517277
6375,A170,2024-11-03 22:45:00,credit,Salary Deposit,Income,108852,Success,0,90422
6376,A136,2024-11-03 07:40:00,credit,Salary Deposit,Income,56980,Success,0,594493
6377,A191,2024-11-03 20:57:00,credit,Salary Deposit,Income,104703,Pending,0,273980
6378,A149,2024-11-03 15:23:00,credit,Salary Deposit,Income,47615,Success,0,401401
6379,A140,2024-11-03 06:37:00,credit,Salary Deposit,Income,36676,Success,0,65579
6380,A007,2024-11-03 10:17:00,credit,Salary Deposit,Income,68640,Success,0,-76350
6381,A164,2024-11-03 07:05:00,credit,Salary Deposit,Income,83939,Success,0,420134
6382,A050,2024-11-03 08:44:00,credit,Salary Deposit,Income,78262,Success,0,514870
6383,A064,2024-11-03 04:32:00,credit,Salary Deposit,Income,97780,Success,0,488665
6384,A063,2024-11-03 06:12:00,credit,Salary Deposit,Income,46747,Success,0,224342
6385,A187,2024-11-03 16:34:00,credit,Salary Deposit,Income,30988,Success,0,264103
6386,A144,2024-11-04 13:28:00,credit,Salary Deposit,Income,37348,Success,0,654726
6387,A181,2024-11-04 01:04:00,credit,Salary Deposit,Income,57430,Success,0,23809
6388,A147,2024-11-04 06:57:00,credit,Salary Deposit,Income,54599,Failed,0,394960
6389,A149,2024-11-04 16:03:00,credit,Suspicious Transfer,Fraud,113810,Success,1,515211
6390,A176,2024-11-04 15:45:00,credit,Salary Deposit,Income,287682,Success,0,419737
6391,A032,2024-11-05 00:39:00,credit,Salary Deposit,Income,56790,Success,0,429775
6392,A013,2024-11-05 21:47:00,credit,Salary Deposit,Income,83518,Success,0,239008
6393,A114,2024-11-06 02:50:00,debit,Uber,Transport,5953,Success,0,448732
6394,A122,2024-11-06 10:45:00,debit,BigBasket,Groceries,3181,Success,0,-30969
6395,A119,2024-11-06 13:28:00,debit,Netflix,Entertainment,3391,Success,0,244591
6396,A127,2024-11-06 17:11:00,debit,BigBasket,Groceries,6262,Failed,0,504844
6397,A061,2024-11-06 13:47:00,credit,Zomato,Food,5533,Success,0,321587
6398,A033,2024-11-07 03:29:00,debit,Netflix,Entertainment,1817,Success,0,421291
6399,A002,2024-11-07 16:35:00,credit,BigBasket,Groceries,1716,Success,0,448654
6400,A199,2024-11-07 00:55:00,debit,Swiggy,Food,5137,Failed,0,211835
6401,A060,2024-11-07 23:41:00,debit,Flipkart,Shopping,6013,Success,0,382245
6402,A069,2024-11-07 19:33:00,credit,Netflix,Entertainment,8940,Success,0,947266
6403,A177,2024-11-07 10:13:00,credit,Swiggy,Food,553,Success,0,517830
6404,A200,2024-11-07 00:57:00,debit,Zomato,Food,1029,Success,0,630045
6405,A164,2024-11-07 17:21:00,credit,Amazon,Shopping,4917,Success,0,425051
6406,A016,2024-11-07 09:04:00,debit,Uber,Transport,2426,Success,0,208789
6407,A135,2024-11-07 08:39:00,debit,Swiggy,Food,6899,Success,0,594571
6408,A126,2024-11-08 06:59:00,debit,Croma,Electronics,1724,Success,0,-43066
6409,A171,2024-11-08 12:17:00,debit,Croma,Electronics,4056,Success,0,181731
6410,A126,2024-11-08 20:01:00,credit,Zomato,Food,3793,Success,0,-39273
6411,A025,2024-11-08 13:02:00,debit,Croma,Electronics,813,Success,0,597232
6412,A191,2024-11-08 22:34:00,debit,Amazon,Shopping,1483,Success,0,272497
6413,A045,2024-11-08 18:16:00,debit,Croma,Electronics,3580,Success,0,279116
6414,A154,2024-11-08 18:11:00,debit,BigBasket,Groceries,2467,Success,0,117722
6415,A120,2024-11-08 04:49:00,debit,Croma,Electronics,4182,Success,0,276407
6416,A043,2024-11-08 17:59:00,debit,Croma,Electronics,2330,Success,0,268925
6417,A068,2024-11-08 23:56:00,debit,Amazon,Shopping,1747,Success,0,442170
6418,A032,2024-11-09 19:09:00,debit,Swiggy,Food,13228,Success,0,416547
6419,A038,2024-11-09 14:29:00,debit,Amazon,Shopping,14257,Success,0,220086
6420,A025,2024-11-09 11:17:00,debit,Amazon,Shopping,14741,Success,0,582491
6421,A145,2024-11-09 07:19:00,credit,Uber,Transport,12319,Success,0,290606
6422,A194,2024-11-09 16:48:00,debit,Croma,Electronics,3474,Success,0,179033
6423,A029,2024-11-09 13:17:00,credit,Swiggy,Food,1381,Success,0,300409
6424,A105,2024-11-09 07:55:00,debit,Croma,Electronics,3296,Success,0,390789
6425,A016,2024-11-09 12:29:00,debit,Swiggy,Food,12276,Success,0,196513
6426,A059,2024-11-09 15:57:00,debit,Swiggy,Food,4934,Success,0,293621
6427,A117,2024-11-10 14:07:00,debit,Flipkart,Shopping,12258,Success,0,481975
6428,A200,2024-11-10 15:10:00,debit,Croma,Electronics,2979,Success,0,627066
6429,A075,2024-11-10 01:58:00,debit,Swiggy,Food,14187,Success,0,71390
6430,A092,2024-11-10 08:16:00,debit,Netflix,Entertainment,8135,Success,0,370690
6431,A032,2024-11-10 10:47:00,debit,Suspicious Transfer,Fraud,67458,Success,1,349089
6432,A030,2024-11-10 13:44:00,debit,Swiggy,Food,2871,Success,0,-94438
6433,A134,2024-11-10 22:07:00,debit,Zomato,Food,12015,Success,0,1433702
6434,A185,2024-11-10 00:03:00,debit,Amazon,Shopping,13996,Success,0,25357
6435,A099,2024-11-11 14:27:00,debit,Zomato,Food,1017,Success,0,162640
6436,A171,2024-11-11 11:33:00,debit,Uber,Transport,986,Success,0,180745
6437,A149,2024-11-11 16:56:00,debit,Croma,Electronics,3984,Success,0,511227
6438,A160,2024-11-11 01:06:00,debit,BigBasket,Groceries,5125,Success,0,-50029
6439,A062,2024-11-11 18:48:00,debit,Amazon,Shopping,3173,Success,0,607025
6440,A030,2024-11-12 20:10:00,debit,BigBasket,Groceries,5700,Success,0,-100138
6441,A171,2024-11-12 11:26:00,credit,Suspicious Transfer,Fraud,114366,Success,1,295111
6442,A159,2024-11-12 22:29:00,debit,Netflix,Entertainment,6501,Success,0,429933
6443,A184,2024-11-12 21:18:00,credit,Zomato,Food,5633,Failed,0,280110
6444,A061,2024-11-12 07:02:00,debit,Netflix,Entertainment,3391,Success,0,318196
6445,A171,2024-11-12 14:51:00,debit,Swiggy,Food,7835,Pending,0,287276
6446,A155,2024-11-12 09:49:00,debit,Amazon,Shopping,5453,Success,0,19626
6447,A185,2024-11-12 18:34:00,debit,Croma,Electronics,5608,Success,0,19749
6448,A029,2024-11-12 17:39:00,debit,Swiggy,Food,506,Success,0,299903
6449,A095,2024-11-12 23:27:00,debit,BigBasket,Groceries,2988,Success,0,634307
6450,A066,2024-11-13 17:06:00,debit,Swiggy,Food,223,Success,0,468109
6451,A106,2024-11-13 01:56:00,debit,Zomato,Food,1518,Success,0,340707
6452,A029,2024-11-13 21:07:00,debit,Netflix,Entertainment,7576,Success,0,292327
6453,A154,2024-11-13 23:14:00,debit,Swiggy,Food,4597,Success,0,113125
6454,A088,2024-11-13 18:35:00,debit,BigBasket,Groceries,4569,Success,0,652747
6455,A072,2024-11-13 10:51:00,credit,BigBasket,Groceries,2232,Success,0,143735
6456,A184,2024-11-14 04:17:00,debit,Flipkart,Shopping,7423,Success,0,272687
6457,A079,2024-11-14 02:33:00,debit,Amazon,Shopping,6865,Success,0,478310
6458,A200,2024-11-14 23:03:00,debit,Zomato,Food,1267,Success,0,625799
6459,A191,2024-11-14 17:33:00,debit,BigBasket,Groceries,3727,Success,0,268770
6460,A110,2024-11-14 11:08:00,debit,Swiggy,Food,1907,Success,0,229365
6461,A104,2024-11-14 17:48:00,debit,Swiggy,Food,4533,Success,0,222990
6462,A087,2024-11-14 04:33:00,debit,BigBasket,Groceries,6501,Success,0,90597
6463,A121,2024-11-15 21:51:00,debit,Swiggy,Food,874,Success,0,90815
6464,A194,2024-11-15 11:30:00,debit,Zomato,Food,2274,Success,0,176759
6465,A175,2024-11-15 22:13:00,debit,Flipkart,Shopping,1950,Success,0,482330
6466,A174,2024-11-15 11:01:00,debit,Swiggy,Food,5869,Success,0,182434
6467,A104,2024-11-15 04:17:00,debit,Netflix,Entertainment,2648,Success,0,220342
6468,A197,2024-11-15 04:28:00,credit,Flipkart,Shopping,6478,Success,0,244492
6469,A170,2024-11-15 17:11:00,credit,Swiggy,Food,5937,Success,0,96359
6470,A114,2024-11-15 02:10:00,debit,Flipkart,Shopping,302,Success,0,448430
6471,A157,2024-11-16 17:08:00,debit,Croma,Electronics,2712,Success,0,254464
6472,A134,2024-11-16 12:03:00,credit,Amazon,Shopping,40395,Success,0,1474097
6473,A060,2024-11-16 15:07:00,credit,Uber,Transport,7328,Success,0,389573
6474,A137,2024-11-17 11:27:00,debit,Swiggy,Food,10775,Success,0,493173
6475,A050,2024-11-17 16:21:00,debit,Swiggy,Food,8964,Success,0,505906
6476,A053,2024-11-17 07:22:00,debit,Swiggy,Food,7058,Success,0,42515
6477,A194,2024-11-17 22:23:00,debit,Croma,Electronics,14720,Success,0,162039
6478,A029,2024-11-17 01:42:00,debit,Swiggy,Food,5775,Failed,0,286552
6479,A037,2024-11-17 04:19:00,debit,Uber,Transport,5770,Failed,0,183995
6480,A100,2024-11-17 18:06:00,debit,Netflix,Entertainment,11321,Success,0,122354
6481,A122,2024-11-17 05:56:00,debit,Flipkart,Shopping,6397,Success,0,-37366
6482,A092,2024-11-17 22:48:00,debit,Zomato,Food,9173,Failed,0,361517
6483,A147,2024-11-18 06:54:00,debit,Croma,Electronics,3518,Success,0,391442
6484,A168,2024-11-18 13:12:00,debit,BigBasket,Groceries,4292,Success,0,243511
6485,A071,2024-11-18 19:18:00,debit,Netflix,Entertainment,1158,Success,0,223988
6486,A111,2024-11-18 23:29:00,debit,Zomato,Food,2155,Success,0,339122
6487,A044,2024-11-18 23:10:00,debit,Zomato,Food,3255,Failed,0,419884
6488,A098,2024-11-18 01:04:00,debit,Swiggy,Food,3183,Success,0,290498
6489,A017,2024-11-18 09:31:00,debit,BigBasket,Groceries,4844,Pending,0,217060
6490,A114,2024-11-18 13:33:00,credit,Uber,Transport,2424,Success,0,450854
6491,A129,2024-11-18 10:11:00,debit,Netflix,Entertainment,7418,Success,0,222150
6492,A186,2024-11-18 11:39:00,debit,Amazon,Shopping,13980,Success,0,1598405
6493,A088,2024-11-18 14:19:00,credit,Amazon,Shopping,2012,Failed,0,654759
6494,A101,2024-11-18 13:42:00,debit,Uber,Transport,7262,Success,0,467990
6495,A051,2024-11-19 16:47:00,credit,Croma,Electronics,2637,Success,0,251000
6496,A059,2024-11-19 21:51:00,debit,Zomato,Food,1260,Success,0,292361
6497,A037,2024-11-19 06:14:00,debit,BigBasket,Groceries,285,Success,0,183710
6498,A162,2024-11-19 02:16:00,debit,Netflix,Entertainment,1192,Pending,0,-57254
6499,A157,2024-11-19 09:37:00,debit,Netflix,Entertainment,4594,Success,0,249870
6500,A143,2024-11-19 06:06:00,debit,Netflix,Entertainment,7986,Success,0,265919
6501,A045,2024-11-19 03:27:00,debit,Netflix,Entertainment,2026,Success,0,277090
6502,A113,2024-11-19 04:33:00,credit,Croma,Electronics,3460,Success,0,154996
6503,A014,2024-11-20 06:11:00,credit,BigBasket,Groceries,7648,Success,0,-12621
6504,A145,2024-11-20 17:31:00,debit,Uber,Transport,3877,Success,0,286729
6505,A177,2024-11-20 08:35:00,credit,Suspicious Transfer,Fraud,179651,Success,1,697481
6506,A165,2024-11-20 18:14:00,credit,Zomato,Food,6343,Success,0,417446
6507,A173,2024-11-20 00:25:00,debit,Amazon,Shopping,4274,Success,0,646717
6508,A007,2024-11-20 08:07:00,debit,Uber,Transport,5846,Success,0,-82196
6509,A044,2024-11-20 01:56:00,debit,Swiggy,Food,4190,Success,0,415694
6510,A096,2024-11-20 04:18:00,debit,Swiggy,Food,4056,Success,0,399418
6511,A103,2024-11-20 04:37:00,debit,Netflix,Entertainment,18261,Success,0,1071474
6512,A026,2024-11-20 17:16:00,debit,Swiggy,Food,5190,Success,0,155635
6513,A118,2024-11-21 14:13:00,credit,Croma,Electronics,7962,Success,0,359423
6514,A008,2024-11-21 12:04:00,debit,Swiggy,Food,5063,Success,0,342144
6515,A138,2024-11-21 15:04:00,debit,Swiggy,Food,7959,Success,0,312797
6516,A042,2024-11-21 02:35:00,debit,Croma,Electronics,4948,Success,0,319165
6517,A148,2024-11-21 11:04:00,debit,Swiggy,Food,3919,Success,0,506114
6518,A146,2024-11-22 11:56:00,debit,Suspicious Transfer,Fraud,97457,Success,1,340116
6519,A112,2024-11-22 23:36:00,debit,BigBasket,Groceries,6244,Success,0,327188
6520,A112,2024-11-22 13:03:00,debit,Netflix,Entertainment,7664,Success,0,319524
6521,A136,2024-11-22 21:27:00,credit,Croma,Electronics,300,Success,0,594793
6522,A045,2024-11-22 22:08:00,debit,Swiggy,Food,7890,Success,0,269200
6523,A112,2024-11-23 10:53:00,credit,Amazon,Shopping,7966,Success,0,327490
6524,A185,2024-11-23 08:43:00,debit,Amazon,Shopping,4581,Success,0,15168
6525,A116,2024-11-23 16:43:00,credit,Flipkart,Shopping,7461,Success,0,369413
6526,A070,2024-11-23 10:22:00,debit,Amazon,Shopping,8761,Success,0,385314
6527,A043,2024-11-23 13:50:00,debit,Uber,Transport,9535,Success,0,259390
6528,A078,2024-11-23 17:44:00,debit,Zomato,Food,10384,Success,0,-33781
6529,A064,2024-11-24 00:52:00,debit,Amazon,Shopping,12012,Success,0,476653
6530,A129,2024-11-24 22:30:00,credit,Uber,Transport,12129,Success,0,234279
6531,A155,2024-11-24 11:26:00,debit,Croma,Electronics,7637,Success,0,11989
6532,A095,2024-11-25 09:30:00,debit,Swiggy,Food,7345,Success,0,626962
6533,A071,2024-11-25 01:43:00,debit,Netflix,Entertainment,4720,Success,0,219268
6534,A143,2024-11-25 02:29:00,debit,Zomato,Food,8328,Success,0,257591
6535,A052,2024-11-25 23:43:00,debit,Netflix,Entertainment,375,Success,0,389689
6536,A070,2024-11-25 13:39:00,debit,Uber,Transport,7084,Success,0,378230
6537,A149,2024-11-25 04:13:00,debit,Uber,Transport,1298,Success,0,509929
6538,A191,2024-11-25 12:14:00,debit,Croma,Electronics,2933,Success,0,265837
6539,A012,2024-11-26 07:30:00,debit,Netflix,Entertainment,6021,Success,0,23184
6540,A092,2024-11-26 08:26:00,debit,Amazon,Shopping,512,Success,0,361005
6541,A149,2024-11-26 10:04:00,debit,Netflix,Entertainment,6951,Success,0,502978
6542,A180,2024-11-26 04:09:00,debit,Croma,Electronics,2351,Success,0,559466
6543,A118,2024-11-26 19:56:00,debit,BigBasket,Groceries,2925,Success,0,356498
6544,A196,2024-11-26 18:40:00,debit,Netflix,Entertainment,6625,Success,0,530266
6545,A199,2024-11-26 06:01:00,debit,Flipkart,Shopping,3035,Success,0,208800
6546,A074,2024-11-26 23:22:00,debit,Zomato,Food,646,Failed,0,305474
6547,A162,2024-11-26 01:53:00,debit,Amazon,Shopping,5913,Success,0,-63167
6548,A032,2024-11-26 23:30:00,credit,Croma,Electronics,7978,Success,0,357067
6549,A083,2024-11-26 02:34:00,debit,Croma,Electronics,3329,Success,0,226391
6550,A048,2024-11-26 08:37:00,credit,Suspicious Transfer,Fraud,148964,Success,1,178412
6551,A063,2024-11-27 11:32:00,debit,Flipkart,Shopping,396,Success,0,223946
6552,A039,2024-11-27 01:39:00,debit,Zomato,Food,7998,Success,0,298528
6553,A024,2024-11-27 16:40:00,debit,Amazon,Shopping,7824,Success,0,109897
6554,A162,2024-11-27 01:14:00,credit,Uber,Transport,7584,Success,0,-55583
6555,A138,2024-11-27 22:42:00,debit,BigBasket,Groceries,6135,Success,0,306662
6556,A105,2024-11-27 16:20:00,debit,BigBasket,Groceries,455,Success,0,390334
6557,A127,2024-11-27 19:12:00,debit,BigBasket,Groceries,2363,Failed,0,502481
6558,A066,2024-11-27 18:14:00,debit,BigBasket,Groceries,6800,Success,0,461309
6559,A103,2024-11-27 07:23:00,credit,Netflix,Entertainment,8070,Success,0,1079544
6560,A110,2024-11-27 19:03:00,debit,Uber,Transport,1151,Success,0,228214
6561,A063,2024-11-28 10:33:00,debit,Croma,Electronics,5259,Success,0,218687
6562,A069,2024-11-28 16:47:00,debit,Croma,Electronics,13332,Success,0,933934
6563,A025,2024-11-28 08:52:00,debit,Amazon,Shopping,800,Success,0,581691
6564,A087,2024-11-28 15:12:00,debit,Amazon,Shopping,7030,Success,0,83567
6565,A117,2024-11-28 10:25:00,debit,Swiggy,Food,359,Success,0,481616
6566,A063,2024-11-28 00:03:00,debit,Swiggy,Food,460,Success,0,218227
6567,A065,2024-11-28 00:29:00,debit,Amazon,Shopping,6619,Success,0,531019
6568,A111,2024-11-28 10:43:00,credit,Croma,Electronics,3089,Success,0,342211
6569,A121,2024-11-29 02:08:00,debit,Uber,Transport,4831,Pending,0,85984
6570,A190,2024-11-29 13:45:00,debit,Flipkart,Shopping,414,Failed,0,412987
6571,A126,2024-11-29 02:49:00,debit,Swiggy,Food,4100,Pending,0,-43373
6572,A101,2024-11-29 15:38:00,debit,Swiggy,Food,3641,Success,0,464349
6573,A127,2024-11-29 09:38:00,credit,Zomato,Food,1711,Success,0,504192
6574,A101,2024-11-29 13:27:00,debit,Swiggy,Food,4969,Pending,0,459380
6575,A171,2024-11-30 12:23:00,debit,Croma,Electronics,7662,Success,0,279614
6576,A013,2024-11-30 09:20:00,debit,Uber,Transport,10636,Success,0,228372
6577,A142,2024-11-30 10:51:00,debit,Amazon,Shopping,14898,Success,0,-3977
6578,A029,2024-11-30 02:29:00,debit,Netflix,Entertainment,8263,Success,0,278289
6579,A164,2024-11-30 21:08:00,debit,Uber,Transport,11571,Success,0,413480
6580,A143,2024-11-30 04:08:00,debit,Flipkart,Shopping,4341,Success,0,253250
6581,A029,2024-11-30 13:17:00,credit,Flipkart,Shopping,12654,Success,0,290943
6582,A069,2024-11-30 22:05:00,debit,Flipkart,Shopping,42153,Success,0,891781
6583,A042,2024-11-30 19:34:00,credit,Netflix,Entertainment,13966,Success,0,333131
6584,A108,2024-12-01 04:18:00,credit,Salary Deposit,Income,68190,Success,0,234800
6585,A099,2024-12-01 09:47:00,credit,Salary Deposit,Income,77261,Success,0,239901
6586,A038,2024-12-01 20:39:00,credit,Salary Deposit,Income,108584,Success,0,328670
6587,A081,2024-12-01 02:33:00,credit,Salary Deposit,Income,137346,Success,0,739118
6588,A183,2024-12-01 15:22:00,credit,Salary Deposit,Income,35408,Success,0,155501
6589,A100,2024-12-01 09:17:00,credit,Salary Deposit,Income,73914,Success,0,196268
6590,A135,2024-12-01 11:35:00,credit,Salary Deposit,Income,108178,Success,0,702749
6591,A083,2024-12-01 18:24:00,credit,Salary Deposit,Income,84644,Success,0,311035
6592,A087,2024-12-01 08:53:00,credit,Salary Deposit,Income,58388,Success,0,141955
6593,A118,2024-12-01 21:35:00,credit,Salary Deposit,Income,116725,Success,0,473223
6594,A180,2024-12-01 06:52:00,credit,Salary Deposit,Income,62249,Success,0,621715
6595,A166,2024-12-01 13:15:00,credit,Salary Deposit,Income,73966,Success,0,1065156
6596,A062,2024-12-02 12:12:00,credit,Salary Deposit,Income,70541,Pending,0,677566
6597,A072,2024-12-02 21:03:00,credit,Salary Deposit,Income,109481,Success,0,253216
6598,A071,2024-12-02 12:41:00,credit,Salary Deposit,Income,88684,Success,0,307952
6599,A121,2024-12-02 05:05:00,credit,Suspicious Transfer,Fraud,153022,Success,1,239006
6600,A123,2024-12-02 22:40:00,credit,Salary Deposit,Income,59132,Success,0,143503
6601,A126,2024-12-02 09:23:00,credit,Salary Deposit,Income,39849,Failed,0,-3524
6602,A011,2024-12-02 20:45:00,credit,Salary Deposit,Income,38049,Success,0,163226
6603,A041,2024-12-02 19:53:00,credit,Salary Deposit,Income,89386,Success,0,309161
6604,A200,2024-12-02 08:46:00,credit,Salary Deposit,Income,111305,Success,0,737104
6605,A052,2024-12-03 11:09:00,credit,Salary Deposit,Income,105912,Success,0,495601
6606,A083,2024-12-03 10:21:00,credit,Salary Deposit,Income,68516,Success,0,379551
6607,A065,2024-12-03 16:56:00,credit,Salary Deposit,Income,74973,Success,0,605992
6608,A197,2024-12-03 22:33:00,credit,Salary Deposit,Income,50366,Success,0,294858
6609,A115,2024-12-04 07:52:00,credit,Salary Deposit,Income,68018,Success,0,584053
6610,A087,2024-12-04 17:48:00,credit,Salary Deposit,Income,42852,Pending,0,184807
6611,A121,2024-12-04 23:15:00,credit,Salary Deposit,Income,117747,Success,0,356753
6612,A111,2024-12-04 11:00:00,credit,Salary Deposit,Income,69815,Success,0,412026
6613,A070,2024-12-04 13:22:00,credit,Salary Deposit,Income,31619,Success,0,409849
6614,A145,2024-12-04 14:42:00,credit,Salary Deposit,Income,106505,Success,0,393234
6615,A068,2024-12-04 16:27:00,credit,Salary Deposit,Income,83693,Success,0,525863
6616,A088,2024-12-04 15:40:00,credit,Salary Deposit,Income,49756,Success,0,704515
6617,A156,2024-12-04 00:55:00,credit,Salary Deposit,Income,34278,Success,0,295197
6618,A114,2024-12-04 05:45:00,credit,Salary Deposit,Income,57294,Success,0,508148
6619,A118,2024-12-04 03:31:00,credit,Salary Deposit,Income,44691,Success,0,517914
6620,A048,2024-12-04 08:09:00,credit,Salary Deposit,Income,40385,Success,0,218797
6621,A024,2024-12-05 22:06:00,credit,Salary Deposit,Income,356487,Failed,0,466384
6622,A108,2024-12-05 23:24:00,credit,Salary Deposit,Income,104262,Success,0,339062
6623,A104,2024-12-05 08:53:00,credit,Salary Deposit,Income,75685,Success,0,296027
6624,A037,2024-12-06 05:38:00,credit,BigBasket,Groceries,3554,Pending,0,187264
6625,A165,2024-12-06 23:06:00,credit,Swiggy,Food,5215,Success,0,422661
6626,A055,2024-12-06 11:04:00,debit,Flipkart,Shopping,1353,Success,0,-52841
6627,A041,2024-12-06 15:04:00,debit,Swiggy,Food,3612,Success,0,305549
6628,A073,2024-12-06 19:45:00,debit,Zomato,Food,598,Success,0,-50100
6629,A135,2024-12-06 14:37:00,credit,Swiggy,Food,811,Success,0,703560
6630,A098,2024-12-06 17:19:00,debit,Netflix,Entertainment,606,Success,0,289892
6631,A194,2024-12-06 00:29:00,debit,Croma,Electronics,222,Success,0,161817
6632,A162,2024-12-06 08:31:00,debit,BigBasket,Groceries,3281,Success,0,-58864
6633,A026,2024-12-06 11:31:00,debit,Flipkart,Shopping,6338,Success,0,149297
6634,A079,2024-12-06 05:42:00,credit,Amazon,Shopping,3585,Success,0,481895
6635,A133,2024-12-07 15:03:00,debit,Swiggy,Food,7736,Success,0,164009
6636,A079,2024-12-07 19:27:00,debit,Amazon,Shopping,6542,Success,0,475353
6637,A008,2024-12-07 20:41:00,debit,Croma,Electronics,11557,Pending,0,330587
6638,A014,2024-12-07 08:47:00,debit,Amazon,Shopping,3965,Success,0,-16586
6639,A020,2024-12-07 06:25:00,debit,Uber,Transport,13850,Success,0,53719
6640,A056,2024-12-07 06:38:00,debit,Netflix,Entertainment,8625,Success,0,405603
6641,A015,2024-12-07 12:54:00,debit,Zomato,Food,3026,Success,0,419600
6642,A139,2024-12-07 14:37:00,debit,BigBasket,Groceries,1263,Success,0,383643
6643,A166,2024-12-07 11:58:00,debit,BigBasket,Groceries,8751,Success,0,1056405
6644,A032,2024-12-07 06:31:00,debit,Netflix,Entertainment,14377,Success,0,342690
6645,A026,2024-12-08 08:49:00,debit,BigBasket,Groceries,10139,Failed,0,139158
6646,A049,2024-12-08 00:23:00,debit,BigBasket,Groceries,6665,Success,0,541166
6647,A045,2024-12-08 01:51:00,debit,Uber,Transport,4947,Success,0,264253
6648,A063,2024-12-08 09:22:00,credit,BigBasket,Groceries,5909,Success,0,224136
6649,A047,2024-12-08 02:54:00,debit,Swiggy,Food,11214,Success,0,788007
6650,A080,2024-12-08 00:25:00,debit,Netflix,Entertainment,3882,Success,0,477709
6651,A200,2024-12-08 12:18:00,debit,Amazon,Shopping,9187,Success,0,727917
6652,A184,2024-12-08 09:01:00,debit,Zomato,Food,8850,Success,0,263837
6653,A126,2024-12-08 19:09:00,credit,BigBasket,Groceries,1278,Success,0,-2246
6654,A064,2024-12-08 17:12:00,debit,BigBasket,Groceries,12940,Success,0,463713
6655,A097,2024-12-08 11:16:00,debit,Flipkart,Shopping,14929,Success,0,208671
6656,A044,2024-12-08 18:45:00,debit,Swiggy,Food,13316,Success,0,402378
6657,A003,2024-12-09 18:34:00,debit,Zomato,Food,782,Success,0,287377
6658,A133,2024-12-09 22:15:00,debit,BigBasket,Groceries,7967,Success,0,156042
6659,A047,2024-12-09 07:34:00,credit,Swiggy,Food,2901,Success,0,790908
6660,A039,2024-12-09 05:49:00,debit,Amazon,Shopping,4374,Success,0,294154
6661,A095,2024-12-09 08:09:00,debit,Swiggy,Food,5269,Pending,0,621693
6662,A015,2024-12-09 12:47:00,debit,Netflix,Entertainment,7772,Success,0,411828
6663,A055,2024-12-09 05:21:00,debit,Swiggy,Food,7149,Success,0,-59990
6664,A115,2024-12-10 07:49:00,debit,Flipkart,Shopping,1259,Success,0,582794
6665,A067,2024-12-10 09:35:00,debit,Croma,Electronics,6893,Success,0,277038
6666,A156,2024-12-10 08:55:00,debit,Zomato,Food,5584,Success,0,289613
6667,A002,2024-12-10 22:54:00,debit,Suspicious Transfer,Fraud,161764,Success,1,286890
6668,A168,2024-12-10 13:55:00,debit,Zomato,Food,231,Pending,0,243280
6669,A122,2024-12-11 17:44:00,debit,Netflix,Entertainment,3441,Success,0,-40807
6670,A085,2024-12-11 00:05:00,credit,Zomato,Food,4416,Success,0,169359
6671,A033,2024-12-11 23:55:00,debit,Zomato,Food,6932,Success,0,414359
6672,A014,2024-12-11 21:17:00,debit,Uber,Transport,5630,Success,0,-22216
6673,A051,2024-12-11 05:39:00,debit,Croma,Electronics,7311,Success,0,243689
6674,A170,2024-12-11 05:28:00,credit,Amazon,Shopping,512,Success,0,96871
6675,A119,2024-12-11 22:17:00,credit,BigBasket,Groceries,7417,Success,0,252008
6676,A112,2024-12-12 13:26:00,debit,Swiggy,Food,6026,Failed,0,321464
6677,A162,2024-12-12 10:27:00,debit,Zomato,Food,647,Success,0,-59511
6678,A140,2024-12-12 15:42:00,debit,Netflix,Entertainment,5334,Success,0,60245
6679,A137,2024-12-12 02:54:00,debit,Uber,Transport,3074,Success,0,490099
6680,A052,2024-12-12 15:12:00,debit,BigBasket,Groceries,7054,Success,0,488547
6681,A122,2024-12-12 11:11:00,debit,Flipkart,Shopping,4891,Success,0,-45698
6682,A042,2024-12-13 17:53:00,credit,Netflix,Entertainment,4104,Success,0,337235
6683,A156,2024-12-13 04:21:00,debit,Netflix,Entertainment,5330,Failed,0,284283
6684,A026,2024-12-13 23:43:00,debit,Croma,Electronics,815,Success,0,138343
6685,A104,2024-12-13 22:19:00,debit,Croma,Electronics,4143,Success,0,291884
6686,A131,2024-12-13 20:47:00,debit,Flipkart,Shopping,11940,Success,0,872295
6687,A174,2024-12-13 02:21:00,credit,Uber,Transport,7391,Success,0,189825
6688,A120,2024-12-13 01:34:00,debit,Netflix,Entertainment,6867,Success,0,269540
6689,A016,2024-12-13 06:38:00,debit,BigBasket,Groceries,7603,Success,0,188910
6690,A170,2024-12-13 05:40:00,debit,Netflix,Entertainment,1494,Success,0,95377
6691,A052,2024-12-14 16:55:00,debit,Uber,Transport,14893,Success,0,473654
6692,A195,2024-12-14 09:17:00,debit,Croma,Electronics,2209,Success,0,379792
6693,A155,2024-12-14 10:39:00,debit,Swiggy,Food,12740,Success,0,-751
6694,A049,2024-12-14 00:55:00,debit,Amazon,Shopping,9492,Success,0,531674
6695,A069,2024-12-14 02:35:00,debit,Zomato,Food,34527,Success,0,857254
6696,A039,2024-12-15 16:53:00,debit,Uber,Transport,7648,Pending,0,286506
6697,A190,2024-12-15 02:10:00,debit,Croma,Electronics,11627,Success,0,401360
6698,A185,2024-12-15 19:58:00,debit,Suspicious Transfer,Fraud,112314,Success,1,-97146
6699,A179,2024-12-15 18:43:00,debit,Croma,Electronics,25110,Success,0,659117
6700,A073,2024-12-15 01:45:00,debit,Netflix,Entertainment,6460,Success,0,-56560
6701,A081,2024-12-15 23:19:00,credit,Uber,Transport,32370,Success,0,771488
6702,A032,2024-12-15 01:36:00,debit,Swiggy,Food,5558,Success,0,337132
6703,A179,2024-12-15 14:06:00,debit,Uber,Transport,40806,Success,0,618311
6704,A117,2024-12-15 04:42:00,credit,Uber,Transport,2768,Success,0,484384
6705,A044,2024-12-15 17:00:00,debit,Swiggy,Food,2639,Success,0,399739
6706,A174,2024-12-15 19:59:00,credit,Flipkart,Shopping,14595,Success,0,204420
6707,A048,2024-12-15 11:57:00,credit,Amazon,Shopping,1124,Success,0,219921
6708,A181,2024-12-15 22:13:00,debit,BigBasket,Groceries,7926,Failed,0,15883
6709,A051,2024-12-15 08:01:00,debit,Zomato,Food,11514,Success,0,232175
6710,A099,2024-12-16 15:18:00,credit,Uber,Transport,5003,Success,0,244904
6711,A101,2024-12-16 11:43:00,debit,Uber,Transport,3950,Success,0,455430
6712,A162,2024-12-16 09:46:00,debit,Uber,Transport,3142,Success,0,-62653
6713,A101,2024-12-16 07:05:00,credit,Uber,Transport,5423,Success,0,460853
6714,A081,2024-12-16 04:45:00,debit,Flipkart,Shopping,5919,Success,0,765569
6715,A122,2024-12-17 03:05:00,debit,Swiggy,Food,6816,Pending,0,-52514
6716,A043,2024-12-17 02:53:00,debit,Croma,Electronics,4083,Success,0,255307
6717,A110,2024-12-17 14:03:00,debit,Croma,Electronics,7145,Success,0,221069
6718,A104,2024-12-17 05:03:00,debit,Netflix,Entertainment,2168,Success,0,289716
6719,A063,2024-12-17 03:24:00,credit,Swiggy,Food,2383,Success,0,226519
6720,A051,2024-12-17 12:08:00,debit,Croma,Electronics,5856,Success,0,226319
6721,A036,2024-12-17 16:03:00,debit,Zomato,Food,4262,Success,0,-10663
6722,A044,2024-12-17 22:54:00,debit,Netflix,Entertainment,4122,Success,0,395617
6723,A117,2024-12-17 23:23:00,credit,Zomato,Food,2005,Success,0,486389
6724,A168,2024-12-17 20:52:00,debit,Zomato,Food,6908,Success,0,236372
6725,A004,2024-12-18 15:42:00,debit,Amazon,Shopping,635,Success,0,257083
6726,A199,2024-12-18 23:43:00,debit,Flipkart,Shopping,7206,Success,0,201594
6727,A154,2024-12-18 21:58:00,debit,Flipkart,Shopping,2037,Success,0,111088
6728,A053,2024-12-18 16:07:00,debit,Netflix,Entertainment,590,Success,0,41925
6729,A116,2024-12-18 16:09:00,credit,Uber,Transport,1385,Success,0,370798
6730,A166,2024-12-19 18:34:00,debit,Uber,Transport,836,Success,0,1055569
6731,A028,2024-12-19 14:08:00,debit,Zomato,Food,5306,Success,0,532376
6732,A157,2024-12-19 10:29:00,debit,Croma,Electronics,1583,Success,0,248287
6733,A140,2024-12-19 21:08:00,credit,Croma,Electronics,6210,Success,0,66455
6734,A175,2024-12-19 18:32:00,debit,Zomato,Food,5546,Success,0,476784
6735,A196,2024-12-19 21:30:00,debit,Flipkart,Shopping,6347,Success,0,523919
6736,A164,2024-12-19 01:32:00,debit,Croma,Electronics,1523,Success,0,411957
6737,A047,2024-12-19 19:59:00,debit,Netflix,Entertainment,7683,Success,0,783225
6738,A098,2024-12-19 05:58:00,debit,Flipkart,Shopping,20982,Success,0,268910
6739,A031,2024-12-19 02:20:00,debit,Netflix,Entertainment,1174,Success,0,288466
6740,A170,2024-12-20 05:52:00,debit,Zomato,Food,878,Success,0,94499
6741,A189,2024-12-20 11:26:00,debit,Zomato,Food,296,Success,0,429363
6742,A175,2024-12-20 19:18:00,debit,Amazon,Shopping,2099,Success,0,474685
6743,A070,2024-12-20 01:18:00,debit,Amazon,Shopping,1412,Success,0,408437
6744,A062,2024-12-20 13:51:00,debit,Flipkart,Shopping,2339,Success,0,675227
6745,A154,2024-12-20 17:32:00,debit,Amazon,Shopping,2031,Success,0,109057
6746,A055,2024-12-20 01:36:00,debit,Netflix,Entertainment,6542,Failed,0,-66532
6747,A105,2024-12-21 08:05:00,debit,Flipkart,Shopping,13801,Success,0,376533
6748,A129,2024-12-21 09:56:00,debit,Zomato,Food,10974,Pending,0,223305
6749,A026,2024-12-21 10:40:00,debit,BigBasket,Groceries,12934,Success,0,125409
6750,A131,2024-12-21 12:19:00,debit,Croma,Electronics,32940,Success,0,839355
6751,A053,2024-12-21 16:23:00,debit,Swiggy,Food,4575,Success,0,37350
6752,A056,2024-12-21 06:25:00,debit,BigBasket,Groceries,14334,Success,0,391269
6753,A189,2024-12-21 03:21:00,debit,Amazon,Shopping,2145,Success,0,427218
6754,A003,2024-12-21 14:25:00,debit,Flipkart,Shopping,7509,Success,0,279868
6755,A119,2024-12-21 06:41:00,credit,Netflix,Entertainment,9534,Failed,0,261542
6756,A070,2024-12-21 08:29:00,debit,Croma,Electronics,9918,Success,0,398519
6757,A056,2024-12-21 20:29:00,debit,Zomato,Food,14832,Success,0,376437
6758,A099,2024-12-21 19:02:00,debit,Croma,Electronics,5623,Success,0,239281
6759,A185,2024-12-21 23:29:00,debit,Uber,Transport,3707,Success,0,-100853
6760,A192,2024-12-22 05:40:00,credit,Suspicious Transfer,Fraud,53651,Success,1,1488863
6761,A037,2024-12-22 11:32:00,debit,Zomato,Food,14540,Success,0,172724
6762,A190,2024-12-22 13:09:00,debit,Zomato,Food,9875,Success,0,391485
6763,A177,2024-12-22 14:48:00,credit,Netflix,Entertainment,12401,Failed,0,709882
6764,A147,2024-12-22 19:50:00,debit,Netflix,Entertainment,8822,Success,0,382620
6765,A090,2024-12-22 23:31:00,debit,Amazon,Shopping,6877,Success,0,579904
6766,A164,2024-12-22 23:02:00,debit,BigBasket,Groceries,7190,Success,0,404767
6767,A043,2024-12-22 00:13:00,credit,Flipkart,Shopping,1577,Success,0,256884
6768,A060,2024-12-23 20:54:00,debit,Amazon,Shopping,6875,Success,0,382698
6769,A020,2024-12-23 00:28:00,debit,BigBasket,Groceries,774,Success,0,52945
6770,A123,2024-12-23 06:50:00,debit,Netflix,Entertainment,4343,Success,0,139160
6771,A047,2024-12-23 12:09:00,credit,Amazon,Shopping,3398,Pending,0,786623
6772,A157,2024-12-23 06:38:00,credit,Uber,Transport,5404,Success,0,253691
6773,A008,2024-12-24 20:07:00,debit,Zomato,Food,2672,Success,0,327915
6774,A065,2024-12-24 21:54:00,debit,Uber,Transport,2256,Success,0,603736
6775,A185,2024-12-24 10:29:00,debit,Flipkart,Shopping,1953,Success,0,-102806
6776,A177,2024-12-24 02:12:00,debit,BigBasket,Groceries,4410,Success,0,705472
6777,A056,2024-12-24 20:29:00,debit,Zomato,Food,17937,Success,0,358500
6778,A070,2024-12-24 10:18:00,debit,Flipkart,Shopping,3331,Success,0,395188
6779,A078,2024-12-25 11:21:00,debit,Uber,Transport,5063,Pending,0,-38844
6780,A066,2024-12-25 18:58:00,debit,BigBasket,Groceries,3508,Success,0,457801
6781,A137,2024-12-25 02:51:00,debit,Zomato,Food,6875,Failed,0,483224
6782,A058,2024-12-25 02:14:00,debit,Amazon,Shopping,2979,Success,0,-73251
6783,A163,2024-12-25 21:39:00,debit,Zomato,Food,539,Success,0,244809
6784,A154,2024-12-25 19:59:00,debit,BigBasket,Groceries,2866,Success,0,106191
6785,A175,2024-12-25 19:13:00,debit,Flipkart,Shopping,6772,Success,0,467913
6786,A157,2024-12-25 10:18:00,debit,Croma,Electronics,856,Success,0,252835
6787,A184,2024-12-25 22:23:00,debit,Swiggy,Food,6855,Success,0,256982
6788,A200,2024-12-25 20:28:00,debit,BigBasket,Groceries,3744,Success,0,724173
6789,A016,2024-12-25 07:32:00,debit,Croma,Electronics,3252,Success,0,185658
6790,A037,2024-12-26 03:59:00,debit,Swiggy,Food,2376,Success,0,170348
6791,A063,2024-12-26 13:06:00,debit,Croma,Electronics,6612,Success,0,219907
6792,A117,2024-12-26 03:47:00,debit,Amazon,Shopping,7921,Pending,0,478468
6793,A179,2024-12-26 02:51:00,debit,Croma,Electronics,17826,Success,0,600485
6794,A035,2024-12-26 06:14:00,credit,BigBasket,Groceries,494,Success,0,143534
6795,A103,2024-12-26 02:47:00,debit,Zomato,Food,14412,Success,0,1065132
6796,A148,2024-12-26 05:47:00,credit,Zomato,Food,345,Success,0,506459
6797,A111,2024-12-26 08:30:00,debit,Zomato,Food,7083,Failed,0,404943
6798,A112,2024-12-26 23:06:00,debit,Amazon,Shopping,5567,Success,0,315897
6799,A028,2024-12-27 12:03:00,debit,BigBasket,Groceries,306,Success,0,532070
6800,A074,2024-12-27 13:54:00,debit,Suspicious Transfer,Fraud,197394,Failed,1,108080
6801,A133,2024-12-27 11:13:00,credit,Flipkart,Shopping,546,Failed,0,156588
6802,A180,2024-12-27 22:13:00,credit,Flipkart,Shopping,2676,Success,0,624391
6803,A194,2024-12-27 16:03:00,debit,Croma,Electronics,2060,Success,0,159757
6804,A038,2024-12-27 20:49:00,debit,Swiggy,Food,461,Success,0,328209
6805,A140,2024-12-27 09:13:00,debit,Netflix,Entertainment,3118,Success,0,63337
6806,A004,2024-12-28 13:06:00,debit,Croma,Electronics,4120,Success,0,252963
6807,A098,2024-12-28 19:51:00,debit,Flipkart,Shopping,34407,Success,0,234503
6808,A092,2024-12-28 22:21:00,debit,BigBasket,Groceries,10542,Success,0,350463
6809,A163,2024-12-28 18:31:00,debit,Uber,Transport,4133,Success,0,240676
6810,A071,2024-12-28 21:23:00,debit,Zomato,Food,6909,Success,0,301043
6811,A098,2024-12-28 12:54:00,debit,BigBasket,Groceries,28932,Success,0,205571
6812,A111,2024-12-28 02:21:00,debit,BigBasket,Groceries,8853,Success,0,396090
6813,A157,2024-12-28 22:37:00,debit,BigBasket,Groceries,3739,Failed,0,249096
6814,A073,2024-12-28 17:25:00,debit,BigBasket,Groceries,13569,Success,0,-70129
6815,A162,2024-12-28 10:24:00,debit,BigBasket,Groceries,3805,Success,0,-66458
6816,A047,2024-12-28 13:05:00,debit,Flipkart,Shopping,7694,Success,0,778929
6817,A191,2024-12-28 16:32:00,debit,Netflix,Entertainment,14928,Success,0,250909
6818,A126,2024-12-29 13:46:00,debit,Netflix,Entertainment,5754,Success,0,-8000
6819,A094,2024-12-29 05:23:00,debit,BigBasket,Groceries,11032,Success,0,199603
6820,A005,2024-12-29 08:58:00,debit,Netflix,Entertainment,14694,Success,0,1035757
6821,A073,2024-12-29 14:15:00,debit,Uber,Transport,2420,Success,0,-72549
6822,A039,2024-12-29 18:51:00,credit,Amazon,Shopping,10292,Success,0,296798
6823,A047,2024-12-29 14:45:00,debit,Zomato,Food,8741,Success,0,770188
6824,A008,2024-12-29 00:59:00,debit,Zomato,Food,2224,Success,0,325691
6825,A008,2024-12-29 17:11:00,debit,Netflix,Entertainment,6500,Failed,0,319191
6826,A037,2024-12-30 23:10:00,debit,Swiggy,Food,5077,Failed,0,165271
6827,A073,2024-12-30 13:34:00,debit,Uber,Transport,7010,Success,0,-79559
6828,A192,2024-12-30 08:26:00,debit,Amazon,Shopping,1551,Success,0,1487312
6829,A144,2024-12-30 03:11:00,credit,Croma,Electronics,3174,Success,0,657900
6830,A056,2024-12-31 15:57:00,debit,Amazon,Shopping,19554,Success,0,338946
6831,A101,2024-12-31 19:29:00,credit,Swiggy,Food,3527,Pending,0,464380
6832,A003,2024-12-31 03:04:00,debit,Amazon,Shopping,2161,Success,0,277707
6833,A127,2024-12-31 15:27:00,debit,Flipkart,Shopping,3026,Success,0,501166
6834,A145,2024-12-31 23:40:00,debit,Croma,Electronics,513,Failed,0,392721
6835,A045,2024-12-31 05:44:00,debit,Swiggy,Food,3884,Success,0,260369
6836,A145,2024-12-31 13:14:00,debit,Swiggy,Food,7453,Success,0,385268
6837,A173,2024-12-31 23:52:00,debit,Zomato,Food,4815,Pending,0,641902
6838,A194,2024-12-31 18:47:00,debit,Swiggy,Food,3060,Success,0,156697
6839,A050,2024-12-31 12:16:00,debit,Flipkart,Shopping,4333,Success,0,501573
